block,labeler,image_id,file,raw,year,month,day,final_date,format,tags,ts
4,서영,000013,000013.jpg,2026.03.20,2026,03,20,2026-03-20,YYYY.MM.DD,,2026-09-09T14:01:20
4,서영,000019,000019.jpg,2026.04.09 2,2026,04,09,2026-04-09,YYYY.MM.DD,2,2026-09-09T14:01:26
4,서영,000061,000061.jpg,26.06.04,2026,06,04,2026-06-04,YY.MM.DD,,2026-09-09T14:01:32
4,서영,000087,000087.jpg,2026.08.10 2,2026,08,10,2026-08-10,YYYY.MM.DD,2,2026-09-09T14:01:37
4,서영,000088,000088.jpg,26.09.03 2,2026,9,3,2026-09-03,YY.MM.DD,2,2026-09-09T13:06:43
4,서영,000096,000096.jpg,2026.05.26,2026,5,26,2026-05-26,YYYY.MM.DD,,2026-09-09T13:08:09
4,서영,000108,000108.jpg,25.10.24,2025,10,24,2025-10-24,YY.MM.DD,,2026-09-09T13:08:38
4,서영,000183,000183.jpg,2027.07.28 2,2027,7,28,2027-07-28,YYYY.MM.DD,2,2026-09-09T13:08:52
4,서영,000210,000210.jpg,2027.05.20,2027,5,20,2027-05-20,YYYY.MM.DD,,2026-09-09T13:08:59
4,서영,000215,000215.jpg,2026.10.14 b,2026,10,14,2026-10-14,YYYY.MM.DD,b,2026-09-09T13:09:19
4,서영,000279,000279.jpg,26.06.02 2,2026,6,2,2026-06-02,YY.MM.DD,2,2026-09-09T13:09:28
4,서영,000314,000314.jpg,2026.09.01,2026,9,1,2026-09-01,YYYY.MM.DD,,2026-09-09T13:09:32
4,서영,000343,000343.jpg,2025.12.30,2025,12,30,2025-12-30,YYYY.MM.DD,,2026-09-09T13:09:38
4,서영,000351,000351.jpg,2026.05.03,2026,5,3,2026-05-03,YYYY.MM.DD,,2026-09-09T13:09:44
4,서영,000389,000389.jpg,2026.02.27,2026,2,27,2026-02-27,YYYY.MM.DD,,2026-09-09T13:09:48
4,서영,000400,000400.jpg,26.01.11 2,2026,1,11,2026-01-11,YY.MM.DD,2,2026-09-09T13:09:53
4,서영,000415,000415.jpg,2026.05.27,2026,5,27,2026-05-27,YYYY.MM.DD,,2026-09-09T13:27:39
4,서영,000446,000446.jpg,2026.04.11,2026,4,11,2026-04-11,YYYY.MM.DD,,2026-09-09T13:27:53
4,서영,000457,000457.jpg,2026.06.18,2026,6,18,2026-06-18,YYYY.MM.DD,,2026-09-09T13:28:06
4,서영,000460,000460.jpg,2025.12.03,2025,12,3,2025-12-03,YYYY.MM.DD,,2026-09-09T13:28:20
4,서영,000463,000463.jpg,2027.02.14,2027,2,14,2027-02-14,YYYY.MM.DD,,2026-09-09T13:28:28
4,서영,000492,000492.jpg,2026.03.12,2026,3,12,2026-03-12,YYYY.MM.DD,,2026-09-09T13:28:37
4,서영,000501,000501.jpg,26.02.24,2026,2,24,2026-02-24,YY.MM.DD,,2026-09-09T13:28:50
4,서영,000526,000526.jpg,2026.07.04,2026,7,4,2026-07-04,YYYY.MM.DD,,2026-09-09T13:29:01
4,서영,000620,000620.jpg,2026.07.06,2026,7,6,2026-07-06,YYYY.MM.DD,,2026-09-09T13:29:22
4,서영,000630,000630.jpg,2026.03.31 e,2026,3,31,2026-03-31,YYYY.MM.DD,e,2026-09-09T13:30:37
4,서영,000673,000673.jpg,2026.06.02,2026,6,2,2026-06-02,YYYY.MM.DD,,2026-09-09T13:30:40
4,서영,000698,000698.jpg,10.12,NONE,10,12,NONE-10-12,MM.DD,,2026-09-09T13:31:09
4,서영,000736,000736.jpg,2026.12.17,2026,12,17,2026-12-17,YYYY.MM.DD,,2026-09-09T13:31:17
4,서영,000750,000750.jpg,2026.01.06,2026,1,6,2026-01-06,YYYY.MM.DD,,2026-09-09T13:31:20
4,서영,000791,000791.jpeg,26.06.30,2026,6,30,2026-06-30,YY.MM.DD,,2026-09-09T13:31:27
4,서영,000792,000792.jpeg,2026.04.05,2026,4,5,2026-04-05,YYYY.MM.DD,,2026-09-09T13:31:32
4,서영,000797,000797.jpeg,25 08 2026 2,2026,8,25,2026-08-25,DD.MM.YYYY,2,2026-09-09T13:32:33
4,서영,000803,000803.jpeg,2026/09/13,2026,9,13,2026-09-13,YYYY.MM.DD,,2026-09-09T13:33:36
4,서영,000814,000814.jpeg,2026 06 22,2026,6,22,2026-06-22,YYYY.MM.DD,,2026-09-09T13:33:45
4,서영,000827,000827.jpeg,20260809,2026,8,9,2026-08-09,YYYYMMDD,,2026-09-09T13:34:21
4,서영,000844,000844.jpeg,03 07 2026,2026,7,3,2026-07-03,DD.MM.YYYY,,2026-09-09T13:34:35
4,서영,000869,000869.jpg,15-09-2021,2021,9,15,2021-09-15,DD.MM.YYYY,,2026-09-09T13:34:46
4,서영,000901,000901.jpg,01/11/2021,2021,11,1,2021-11-01,DD.MM.YYYY,,2026-09-09T13:35:15
4,서영,000917,000917.jpg,2022.06.06,2022,6,6,2022-06-06,YYYY.MM.DD,,2026-09-09T13:35:27
4,서영,000943,000943.jpg,29 05 2021 2 b,2021,5,29,2021-05-29,DD.MM.YYYY,2b,2026-09-09T13:35:45
4,서영,000986,000986.jpg,DEC-28-2021,2021,12,28,2021-12-28,MON DD YYYY,,2026-09-09T13:36:21
4,서영,001001,001001.jpg,07 SEP 21,2021,9,7,2021-09-07,DD MON YY,,2026-09-09T13:36:27
4,서영,001072,001072.jpg,2023/09/18,2023,9,18,2023-09-18,YYYY.MM.DD,,2026-09-09T13:36:55
4,서영,001099,001099.jpg,2021.03.18 2,2021,3,18,2021-03-18,YYYY.MM.DD,2,2026-09-09T13:37:07
4,서영,001168,001168.jpg,2021/08/31,2021,8,31,2021-08-31,YYYY.MM.DD,,2026-09-09T13:37:13
4,서영,001235,001235.jpg,20.09.26 2,2020,9,26,2020-09-26,YY.MM.DD,2,2026-09-09T13:37:20
4,서영,001237,001237.jpg,1.28,NONE,1,28,NONE-01-28,MM.DD,,2026-09-09T13:37:31
4,서영,001286,001286.jpg,21/11/2022,2022,11,21,2022-11-21,DD.MM.YYYY,,2026-09-09T13:37:35
4,서영,001287,001287.jpg,01 10 23 d,2023,10,1,2023-10-01,DD.MM.YY,d,2026-09-09T13:38:10
4,서영,001288,001288.jpg,2023.05.22,2023,5,22,2023-05-22,YYYY.MM.DD,,2026-09-09T13:38:19
4,서영,001329,001329.jpg,2021.06.26,2021,6,26,2021-06-26,YYYY.MM.DD,,2026-09-09T13:38:25
4,서영,001346,001346.jpg,AUG 27 2021,2021,8,27,2021-08-27,MON DD YYYY,,2026-09-09T13:38:35
4,서영,001386,001386.jpg,2022.04.25 e,2022,4,25,2022-04-25,YYYY.MM.DD,e,2026-09-09T13:38:43
4,서영,001424,001424.jpg,22.06.2021 2,2021,6,22,2021-06-22,DD.MM.YYYY,2,2026-09-09T13:38:50
4,서영,001434,001434.jpg,2021.10.04,2021,10,4,2021-10-04,YYYY.MM.DD,,2026-09-09T13:38:54
4,서영,001463,001463.jpg,2021.11.17 b,2021,11,17,2021-11-17,YYYY.MM.DD,b,2026-09-09T13:39:04
4,서영,001497,001497.jpg,2022-09-18,2022,9,18,2022-09-18,YYYY.MM.DD,,2026-09-09T13:39:12
4,서영,001517,001517.jpg,2021.11.19,2021,11,19,2021-11-19,YYYY.MM.DD,,2026-09-09T13:39:17
4,서영,001538,001538.jpg,22.01.18,2022,1,8,2022-01-18,YY.MM.DD,,2026-09-09T13:39:21
4,서영,001553,001553.jpg,02.19,NONE,02,19,NONE-02-19,MM.DD,,2026-09-09T13:46:11
4,서영,001568,001568.jpg,2021.03.09,2021,03,09,2021-03-09,YYYY.MM.DD,,2026-09-09T13:46:18
4,서영,001574,001574.jpg,2022.01.06,2022,01,06,2022-01-06,YYYY.MM.DD,,2026-09-09T13:46:22
4,서영,001591,001591.jpg,21.02.18,2021,02,18,2021-02-18,YY.MM.DD,,2026-09-09T13:46:27
4,서영,001604,001604.jpg,2021.02.24,2021,02,24,2021-02-24,YYYY.MM.DD,,2026-09-09T13:46:31
4,서영,001634,001634.jpg,2021.05.12,2021,05,12,2021-05-12,YYYY.MM.DD,,2026-09-09T13:46:34
4,서영,001678,001678.jpg,2021.11.28,2021,11,28,2021-11-28,YYYY.MM.DD,,2026-09-09T13:46:38
4,서영,001680,001680.jpg,2021.03.16 2,2021,03,16,2021-03-16,YYYY.MM.DD,2,2026-09-09T13:46:52
4,서영,001697,001697.jpg,2022.06.23,2022,06,23,2022-06-23,YYYY.MM.DD,,2026-09-09T13:46:57
4,서영,001747,001747.jpg,21.10.12 2,2021,10,12,2021-10-12,YY.MM.DD,2,2026-09-09T13:47:02
4,서영,001760,001760.jpg,2021.04.24,2021,04,24,2021-04-24,YYYY.MM.DD,,2026-09-09T13:47:07
4,서영,001842,001842.jpg,05-2021,2021,05,NONE,2021-05-NONE,MM.YYYY,,2026-09-09T14:05:52
4,서영,001858,001858.jpg,17/07/2022,2022,07,17,2022-07-17,DD.MM.YYYY,,2026-09-09T14:07:44
4,서영,001892,001892.jpg,2022.05.22,2022,05,22,2022-05-22,YYYY.MM.DD,,2026-09-09T14:07:48
4,서영,001929,001929.jpg,2022.01.14,2022,01,14,2022-01-14,YYYY.MM.DD,,2026-09-09T14:07:53
4,서영,002239,002239.jpg,2022/06/30,2022,06,30,2022-06-30,YYYY.MM.DD,,2026-09-09T14:07:59
4,서영,002281,002281.jpg,07.2022,2022,07,NONE,2022-07-NONE,MM.YYYY,,2026-09-09T14:08:03
4,서영,002284,002284.jpg,22.01.06 2,2022,01,06,2022-01-06,YY.MM.DD,2,2026-09-09T14:08:15
4,서영,002349,002349.jpg,19.09.11 2,2019,09,11,2019-09-11,YY.MM.DD,2,2026-09-09T14:08:22
4,서영,002433,002433.jpg,?,NONE,NONE,NONE,NONE,none,?,2026-09-09T14:13:14
4,서영,002595,002595.jpg,05.08.2022,2022,08,05,2022-08-05,DD.MM.YYYY,,2026-09-09T14:13:42
4,서영,002615,002615.jpg,2022.12.21,2022,12,21,2022-12-21,YYYY.MM.DD,,2026-09-09T14:16:08
4,서영,002643,002643.jpg,11.2022,2022,11,NONE,2022-11-NONE,MM.YYYY,,2026-09-09T14:16:13
4,서영,002666,002666.jpg,26 MAR 2021,2021,03,26,2021-03-26,DD MON YYYY,,2026-09-09T14:16:25
4,서영,002700,002700.jpg,2021.08.23,2021,08,23,2021-08-23,YYYY.MM.DD,,2026-09-09T14:25:16
4,서영,002717,002717.jpg,2022.03.01,2022,03,01,2022-03-01,YYYY.MM.DD,,2026-09-09T14:27:28
4,서영,002744,002744.jpg,10.01.21 2 d,2021,01,10,2021-01-10,DD.MM.YY,2d,2026-09-09T14:27:32
4,서영,002762,002762.jpg,2023/06/01 2,2023,06,01,2023-06-01,YYYY.MM.DD,2,2026-09-09T14:27:39
4,서영,002783,002783.jpg,22/04/2021,2021,04,22,2021-04-22,DD.MM.YYYY,,2026-09-09T14:27:43
4,서영,002813,002813.jpg,2021.04.02,2021,04,02,2021-04-02,YYYY.MM.DD,,2026-09-09T14:27:47
4,서영,002814,002814.jpg,2021.04.02,2021,04,02,2021-04-02,YYYY.MM.DD,,2026-09-09T14:27:51
4,서영,002878,002878.jpg,2021.06.21,2021,06,21,2021-06-21,YYYY.MM.DD,,2026-09-09T14:27:56
4,서영,002926,002926.jpg,2021.11.06,2021,11,06,2021-11-06,YYYY.MM.DD,,2026-09-09T14:27:59
4,서영,003070,003070.jpg,20.08.09 2,2020,08,09,2020-08-09,YY.MM.DD,2,2026-09-09T14:28:03
4,서영,003123,003123.jpg,15.09.2021 2,2021,09,15,2021-09-15,DD.MM.YYYY,2,2026-09-09T14:28:10
4,서영,003171,003171.jpg,2021.11.11 2,2021,11,11,2021-11-11,YYYY.MM.DD,2,2026-09-09T14:28:15
4,서영,003226,003226.jpg,2022.01.29,2022,01,29,2022-01-29,YYYY.MM.DD,,2026-09-09T14:28:19
4,서영,003295,003295.jpg,26/11/2021 2,2021,11,26,2021-11-26,DD.MM.YYYY,2,2026-09-09T14:28:25
4,서영,003311,003311.jpg,11.03.2021 2,2021,03,11,2021-03-11,DD.MM.YYYY,2,2026-09-09T14:28:30
4,서영,003319,003319.jpg,2021.10.20,2021,10,20,2021-10-20,YYYY.MM.DD,,2026-09-09T14:28:33
