block,image_id,file,stratum,w,h
1,000005,000005.jpg,large,3024,4032
1,000007,000007.jpg,large,4284,5712
1,000029,000029.jpg,large,3024,4032
1,000086,000086.jpg,large,3024,4032
1,000153,000153.jpg,large,3024,4032
1,000154,000154.jpg,large,3024,4032
1,000188,000188.jpg,large,3024,4032
1,000209,000209.jpg,large,3024,4032
1,000214,000214.jpg,large,3024,4032
1,000268,000268.jpg,large,3024,4032
1,000278,000278.jpg,large,3024,4032
1,000293,000293.jpg,large,3024,4032
1,000297,000297.jpg,large,3024,4032
1,000298,000298.jpg,large,3024,4032
1,000309,000309.jpg,large,3024,4032
1,000311,000311.jpg,large,3024,4032
1,000321,000321.jpg,large,3024,4032
1,000327,000327.jpg,large,3024,4032
1,000358,000358.jpg,large,3024,4032
1,000388,000388.jpg,large,3060,4080
1,000409,000409.jpg,large,3060,4080
1,000428,000428.jpg,large,3060,4080
1,000508,000508.jpg,mid,1050,1400
1,000528,000528.jpg,mid,1050,1400
1,000580,000580.jpg,mid,1050,1400
1,000666,000666.jpg,large,1538,2735
1,000681,000681.jpg,large,1364,2425
1,000707,000707.jpg,large,1243,2210
1,000729,000729.jpg,large,1233,2192
1,000784,000784.jpeg,large,3024,4032
1,000822,000822.jpeg,large,3024,4032
1,000836,000836.jpeg,large,3024,4032
1,000839,000839.jpeg,large,3024,4032
1,000841,000841.jpeg,large,3024,4032
1,000852,000852.jpeg,large,3024,4032
1,000971,000971.jpg,mid,941,1255
1,000974,000974.jpg,small,640,640
1,000980,000980.jpg,small,640,640
1,000987,000987.jpg,mid,987,1316
1,001030,001030.jpg,mid,756,1008
1,001048,001048.jpg,small,640,640
1,001062,001062.jpg,small,640,640
1,001142,001142.jpg,mid,683,910
1,001180,001180.jpg,small,640,640
1,001260,001260.jpg,small,640,640
1,001275,001275.jpg,mid,1083,1443
1,001325,001325.jpg,mid,951,1268
1,001356,001356.jpg,mid,909,1282
1,001365,001365.jpg,mid,981,1308
1,001438,001438.jpg,small,640,640
1,001447,001447.jpg,mid,728,981
1,001501,001501.jpg,small,640,640
1,001510,001510.jpg,mid,972,1296
1,001519,001519.jpg,small,640,640
1,001581,001581.jpg,mid,626,847
1,001584,001584.jpg,small,640,640
1,001588,001588.jpg,mid,765,1020
1,001660,001660.jpg,small,640,640
1,001776,001776.jpg,mid,1112,800
1,001873,001873.jpg,small,640,640
1,001921,001921.jpg,small,640,640
1,001962,001962.jpg,small,640,640
1,001976,001976.jpg,small,640,640
1,002031,002031.jpg,small,640,640
1,002033,002033.jpg,small,640,640
1,002036,002036.jpg,small,601,633
1,002041,002041.jpg,mid,641,873
1,002057,002057.jpg,small,640,640
1,002105,002105.jpg,small,640,640
1,002151,002151.jpg,mid,658,889
1,002177,002177.jpg,small,640,640
1,002182,002182.jpg,mid,1004,1344
1,002258,002258.jpg,mid,939,1252
1,002279,002279.jpg,mid,1077,1435
1,002296,002296.jpg,mid,1086,1448
1,002350,002350.jpg,small,640,640
1,002436,002436.jpg,small,640,640
1,002589,002589.jpg,small,640,640
1,002608,002608.jpg,large,1536,2048
1,002609,002609.jpg,small,640,640
1,002665,002665.jpg,mid,855,1154
1,002672,002672.jpg,small,640,640
1,002723,002723.jpg,large,1515,2073
1,002788,002788.jpg,large,1500,2000
1,002802,002802.jpg,small,640,640
1,002805,002805.jpg,large,1536,2048
1,002825,002825.jpg,small,640,640
1,002826,002826.jpg,mid,883,1178
1,002838,002838.jpg,small,640,640
1,002858,002858.jpg,small,640,640
1,002867,002867.jpg,small,640,640
1,002970,002970.jpg,large,1536,2048
1,003023,003023.jpg,small,640,640
1,003042,003042.jpg,small,640,640
1,003050,003050.jpg,small,640,640
1,003150,003150.jpg,mid,935,1246
1,003190,003190.jpg,small,640,640
1,003292,003292.jpg,large,1505,2007
1,003304,003304.jpg,mid,1924,1443
1,3346,3346.jpeg,large,3024,4032
2,000001,000001.jpg,large,3024,4032
2,000043,000043.jpg,large,3024,4032
2,000057,000057.jpg,large,4284,5712
2,000070,000070.jpg,large,3024,4032
2,000090,000090.jpg,large,3024,4032
2,000124,000124.jpg,large,3024,4032
2,000142,000142.jpg,large,3024,4032
2,000158,000158.jpg,large,3024,4032
2,000231,000231.jpg,large,3024,4032
2,000234,000234.jpg,large,3024,4032
2,000274,000274.jpg,large,3024,4032
2,000413,000413.jpg,large,3060,4080
2,000441,000441.jpg,large,3060,4080
2,000486,000486.jpg,large,3060,4080
2,000491,000491.jpg,large,3060,4080
2,000515,000515.jpg,mid,1050,1400
2,000639,000639.jpg,large,1980,3520
2,000643,000643.jpg,large,1980,3520
2,000644,000644.jpg,large,1980,3520
2,000645,000645.jpg,large,1980,3520
2,000696,000696.jpg,large,1317,2341
2,000701,000701.jpg,large,1331,2366
2,000702,000702.jpg,large,1185,2106
2,000739,000739.jpg,large,3024,4032
2,000740,000740.jpg,large,3024,4032
2,000755,000755.jpg,large,1980,3520
2,000813,000813.jpeg,large,3024,4032
2,000820,000820.jpeg,large,3024,4032
2,000834,000834.jpeg,large,3024,4032
2,000843,000843.jpeg,large,3024,4032
2,000850,000850.jpeg,large,3024,4032
2,000873,000873.jpg,small,640,640
2,001021,001021.jpg,small,515,686
2,001033,001033.jpg,small,640,640
2,001118,001118.jpg,small,640,640
2,001186,001186.jpg,small,640,640
2,001194,001194.jpg,small,640,640
2,001202,001202.jpg,small,640,640
2,001242,001242.jpg,small,640,640
2,001269,001269.jpg,mid,952,1269
2,001300,001300.jpg,small,640,640
2,001331,001331.jpg,mid,906,1208
2,001337,001337.jpg,small,640,640
2,001359,001359.jpg,small,640,640
2,001479,001479.jpg,small,640,640
2,001558,001558.jpg,mid,747,995
2,001587,001587.jpg,small,640,640
2,001622,001622.jpg,mid,763,1018
2,001625,001625.jpg,small,640,640
2,001628,001628.jpg,mid,782,1043
2,001658,001658.jpg,mid,717,1134
2,001688,001688.jpg,mid,1025,1367
2,001727,001727.jpg,mid,827,1103
2,001737,001737.jpg,small,640,640
2,001739,001739.jpg,small,640,640
2,001755,001755.jpg,small,640,640
2,001771,001771.jpg,small,640,640
2,001777,001777.jpg,small,640,640
2,001784,001784.jpg,small,640,640
2,001942,001942.jpg,small,640,640
2,001979,001979.jpg,small,640,640
2,001980,001980.jpg,mid,1133,1510
2,002034,002034.jpg,mid,775,793
2,002081,002081.jpg,mid,956,1047
2,002109,002109.jpg,mid,656,1015
2,002110,002110.jpg,small,640,640
2,002200,002200.jpg,small,640,640
2,002206,002206.jpg,small,640,640
2,002243,002243.jpg,small,640,640
2,002282,002282.jpg,small,640,640
2,002301,002301.jpg,small,640,640
2,002334,002334.jpg,small,640,640
2,002339,002339.jpg,mid,756,1008
2,002415,002415.jpg,small,640,640
2,002421,002421.jpg,small,640,640
2,002498,002498.jpg,mid,1303,977
2,002529,002529.jpg,small,640,640
2,002531,002531.jpg,small,640,640
2,002573,002573.jpg,small,640,640
2,002577,002577.jpg,small,640,640
2,002597,002597.jpg,small,640,640
2,002604,002604.jpg,mid,917,1109
2,002605,002605.jpg,small,640,640
2,002646,002646.jpg,small,640,640
2,002651,002651.jpg,mid,1009,1345
2,002800,002800.jpg,small,640,640
2,002834,002834.jpg,mid,725,967
2,002887,002887.jpg,small,640,640
2,002922,002922.jpg,small,640,640
2,002927,002927.jpg,large,1536,2048
2,002964,002964.jpg,mid,815,1087
2,002991,002991.jpg,small,640,640
2,003079,003079.jpg,mid,756,1008
2,003174,003174.jpg,large,1535,2048
2,003182,003182.jpg,small,640,640
2,003204,003204.jpg,mid,907,1209
2,003246,003246.jpg,mid,1653,1240
2,003266,003266.jpg,large,2031,1524
2,003293,003293.jpg,small,640,640
2,3352,3352.jpeg,large,3024,4032
3,000008,000008.jpg,large,2285,4723
3,000011,000011.jpg,large,3024,4032
3,000025,000025.jpg,large,3024,4032
3,000036,000036.jpg,large,3024,4032
3,000055,000055.jpg,large,4284,5712
3,000082,000082.jpg,large,3024,4032
3,000097,000097.jpg,large,3024,4032
3,000104,000104.jpg,large,3024,4032
3,000123,000123.jpg,large,3024,4032
3,000133,000133.jpg,large,3024,4032
3,000146,000146.jpg,large,3024,4032
3,000197,000197.jpg,large,3024,4032
3,000207,000207.jpg,large,3024,4032
3,000224,000224.jpg,large,3024,4032
3,000248,000248.jpg,large,3024,4032
3,000273,000273.jpg,large,3024,4032
3,000277,000277.jpg,large,3024,4032
3,000318,000318.jpg,large,3024,4032
3,000362,000362.jpg,large,3024,4032
3,000395,000395.jpg,large,3060,4080
3,000432,000432.jpg,large,3060,4080
3,000458,000458.jpg,large,3060,4080
3,000509,000509.jpg,mid,1050,1400
3,000544,000544.jpg,mid,1050,1400
3,000618,000618.jpg,mid,1613,763
3,000635,000635.jpg,large,1980,3520
3,000695,000695.jpg,large,1308,2326
3,000753,000753.jpg,large,1995,2660
3,000799,000799.jpeg,large,3024,4032
3,000816,000816.jpeg,large,3024,4032
3,000837,000837.jpeg,large,3024,4032
3,000862,000862.jpg,mid,1027,770
3,000896,000896.jpg,small,640,640
3,000908,000908.jpg,small,640,640
3,000939,000939.jpg,mid,693,929
3,000945,000945.jpg,small,640,640
3,000962,000962.jpg,small,640,640
3,001009,001009.jpg,small,640,640
3,001057,001057.jpg,small,640,640
3,001059,001059.jpg,small,640,640
3,001077,001077.jpg,small,640,640
3,001187,001187.jpg,small,644,532
3,001216,001216.jpg,small,640,640
3,001291,001291.jpg,mid,948,1264
3,001411,001411.jpg,mid,756,1008
3,001417,001417.jpg,small,640,640
3,001429,001429.jpg,mid,756,1008
3,001482,001482.jpg,small,640,640
3,001489,001489.jpg,small,640,640
3,001554,001554.jpg,mid,968,1290
3,001623,001623.jpg,small,640,640
3,001666,001666.jpg,small,640,640
3,001706,001706.jpg,small,640,640
3,001815,001815.jpg,small,640,640
3,001825,001825.jpg,small,640,640
3,001918,001918.jpg,small,640,640
3,001977,001977.jpg,mid,1090,1454
3,001981,001981.jpg,small,640,640
3,002006,002006.jpg,small,640,640
3,002012,002012.jpg,small,640,640
3,002143,002143.jpg,mid,756,1008
3,002172,002172.jpg,small,640,640
3,002211,002211.jpg,small,640,640
3,002262,002262.jpg,small,640,640
3,002314,002314.jpg,small,640,640
3,002317,002317.jpg,mid,620,710
3,002347,002347.jpg,mid,775,1033
3,002448,002448.jpg,small,640,640
3,002469,002469.jpg,mid,947,1263
3,002517,002517.jpg,small,640,640
3,002547,002547.jpg,small,640,640
3,002548,002548.jpg,large,2048,1536
3,002587,002587.jpg,small,640,640
3,002591,002591.jpg,small,640,640
3,002593,002593.jpg,small,640,640
3,002607,002607.jpg,small,640,640
3,002614,002614.jpg,small,640,640
3,002692,002692.jpg,small,640,640
3,002738,002738.jpg,mid,944,1258
3,002742,002742.jpg,mid,1227,838
3,002840,002840.jpg,small,640,640
3,002865,002865.jpg,small,640,640
3,002875,002875.jpg,small,640,640
3,002930,002930.jpg,small,640,640
3,002954,002954.jpg,mid,924,1086
3,002955,002955.jpg,mid,1449,1932
3,002997,002997.jpg,small,640,640
3,003011,003011.jpg,small,640,640
3,003035,003035.jpg,mid,1327,888
3,003088,003088.jpg,small,640,640
3,003116,003116.jpg,mid,574,766
3,003197,003197.jpg,small,640,640
3,003238,003238.jpg,mid,1230,1640
3,003248,003248.jpg,small,640,640
3,003285,003285.jpg,mid,1354,1806
3,003305,003305.jpg,small,640,640
3,003307,003307.jpg,small,640,640
3,003313,003313.jpg,mid,1385,1847
3,003320,003320.jpg,small,640,640
3,3345,3345.jpeg,large,3024,4032
4,000013,000013.jpg,large,3024,4032
4,000019,000019.jpg,large,3024,4032
4,000061,000061.jpg,large,3024,4032
4,000087,000087.jpg,large,3024,4032
4,000088,000088.jpg,large,3024,4032
4,000096,000096.jpg,large,3024,4032
4,000108,000108.jpg,large,3024,4032
4,000183,000183.jpg,large,3024,4032
4,000210,000210.jpg,large,3024,4032
4,000215,000215.jpg,large,3024,4032
4,000279,000279.jpg,large,3024,4032
4,000314,000314.jpg,large,3024,4032
4,000343,000343.jpg,large,3024,4032
4,000351,000351.jpg,large,3024,4032
4,000389,000389.jpg,large,3060,4080
4,000400,000400.jpg,large,3060,4080
4,000415,000415.jpg,large,3060,4080
4,000446,000446.jpg,large,3060,4080
4,000457,000457.jpg,large,3060,4080
4,000460,000460.jpg,large,3060,4080
4,000463,000463.jpg,large,3060,4080
4,000492,000492.jpg,large,3060,4080
4,000501,000501.jpg,large,3060,4080
4,000526,000526.jpg,mid,1050,1400
4,000620,000620.jpg,mid,1613,763
4,000630,000630.jpg,large,3024,4032
4,000673,000673.jpg,large,1501,2669
4,000698,000698.jpg,large,1286,2286
4,000736,000736.jpg,large,3024,4032
4,000750,000750.jpg,large,3024,4032
4,000791,000791.jpeg,large,3024,4032
4,000792,000792.jpeg,large,3024,4032
4,000797,000797.jpeg,large,3024,4032
4,000803,000803.jpeg,large,3024,4032
4,000814,000814.jpeg,large,3024,4032
4,000827,000827.jpeg,large,3024,4032
4,000844,000844.jpeg,large,3024,4032
4,000869,000869.jpg,mid,1008,756
4,000901,000901.jpg,mid,1316,987
4,000917,000917.jpg,small,640,640
4,000943,000943.jpg,small,640,640
4,000986,000986.jpg,small,640,640
4,001001,001001.jpg,small,640,640
4,001072,001072.jpg,mid,1008,756
4,001099,001099.jpg,small,640,640
4,001168,001168.jpg,mid,970,705
4,001235,001235.jpg,mid,930,722
4,001237,001237.jpg,small,640,640
4,001286,001286.jpg,small,640,640
4,001287,001287.jpg,mid,983,1311
4,001288,001288.jpg,mid,1009,1346
4,001329,001329.jpg,small,640,640
4,001346,001346.jpg,small,640,640
4,001386,001386.jpg,mid,604,928
4,001424,001424.jpg,mid,705,941
4,001434,001434.jpg,mid,756,1008
4,001463,001463.jpg,small,640,640
4,001497,001497.jpg,small,640,640
4,001517,001517.jpg,small,640,640
4,001538,001538.jpg,mid,823,1097
4,001553,001553.jpg,small,640,640
4,001568,001568.jpg,mid,675,983
4,001574,001574.jpg,small,640,640
4,001591,001591.jpg,small,640,640
4,001604,001604.jpg,small,640,640
4,001634,001634.jpg,small,640,640
4,001678,001678.jpg,small,640,640
4,001680,001680.jpg,small,640,640
4,001697,001697.jpg,small,640,640
4,001747,001747.jpg,small,640,640
4,001760,001760.jpg,small,640,640
4,001842,001842.jpg,mid,913,1218
4,001858,001858.jpg,small,640,640
4,001892,001892.jpg,small,640,640
4,001929,001929.jpg,small,640,640
4,002239,002239.jpg,small,640,640
4,002281,002281.jpg,mid,1007,1343
4,002284,002284.jpg,mid,1006,1342
4,002349,002349.jpg,mid,999,1131
4,002433,002433.jpg,small,640,640
4,002595,002595.jpg,small,640,640
4,002615,002615.jpg,mid,1077,1436
4,002643,002643.jpg,mid,1312,984
4,002666,002666.jpg,small,640,640
4,002700,002700.jpg,small,640,640
4,002717,002717.jpg,mid,1098,1464
4,002744,002744.jpg,mid,1221,916
4,002762,002762.jpg,small,640,640
4,002783,002783.jpg,small,640,640
4,002813,002813.jpg,mid,731,991
4,002814,002814.jpg,small,640,640
4,002878,002878.jpg,mid,1011,1348
4,002926,002926.jpg,small,640,640
4,003070,003070.jpg,small,640,640
4,003123,003123.jpg,small,640,640
4,003171,003171.jpg,large,1506,2008
4,003226,003226.jpg,mid,1486,1981
4,003295,003295.jpg,large,2016,1511
4,003311,003311.jpg,mid,1343,1791
4,003319,003319.jpg,small,640,640
5,000006,000006.jpg,large,3024,4032
5,000020,000020.jpg,large,3024,4032
5,000064,000064.jpg,large,3024,4032
5,000069,000069.jpg,large,4284,5712
5,000073,000073.jpg,large,3024,4032
5,000089,000089.jpg,large,3024,4032
5,000092,000092.jpg,large,3024,4032
5,000099,000099.jpg,large,3024,4032
5,000105,000105.jpg,large,3024,4032
5,000122,000122.jpg,large,4032,3024
5,000168,000168.jpg,large,3024,4032
5,000193,000193.jpg,large,3024,4032
5,000199,000199.jpg,large,3024,4032
5,000255,000255.jpg,large,3024,4032
5,000339,000339.jpg,large,3024,4032
5,000472,000472.jpg,large,3060,4080
5,000475,000475.jpg,large,3060,4080
5,000488,000488.jpg,large,3060,4080
5,000537,000537.jpg,mid,1050,1400
5,000615,000615.jpg,mid,1613,763
5,000629,000629.jpg,large,3024,4032
5,000637,000637.jpg,large,1980,3520
5,000647,000647.jpg,large,1980,3520
5,000663,000663.jpg,large,1177,2092
5,000665,000665.jpg,large,1980,3520
5,000687,000687.jpg,large,1530,2720
5,000688,000688.jpg,large,1846,3283
5,000712,000712.jpg,large,1152,2049
5,000713,000713.jpg,large,1415,2516
5,000749,000749.jpg,large,2151,2868
5,000782,000782.jpeg,large,3024,4032
5,000785,000785.jpeg,large,3024,4032
5,000787,000787.jpeg,large,3024,4032
5,000805,000805.jpeg,large,3024,4032
5,000864,000864.jpg,mid,859,1145
5,000922,000922.jpg,small,640,640
5,000935,000935.jpg,small,640,640
5,000956,000956.jpg,small,640,640
5,001003,001003.jpg,small,640,640
5,001011,001011.jpg,small,640,640
5,001091,001091.jpg,small,640,640
5,001153,001153.jpg,small,640,640
5,001165,001165.jpg,small,640,640
5,001319,001319.jpg,mid,1389,907
5,001322,001322.jpg,small,640,640
5,001420,001420.jpg,mid,756,1008
5,001512,001512.jpg,mid,767,1023
5,001515,001515.jpg,small,640,640
5,001533,001533.jpg,small,640,640
5,001569,001569.jpg,mid,756,1008
5,001693,001693.jpg,small,640,640
5,001734,001734.jpg,mid,999,1333
5,001743,001743.jpg,small,640,640
5,001899,001899.jpg,mid,1061,1415
5,001925,001925.jpg,small,640,640
5,001946,001946.jpg,small,640,640
5,001964,001964.jpg,small,640,640
5,002010,002010.jpg,small,640,640
5,002017,002017.jpg,mid,913,1282
5,002020,002020.jpg,small,640,640
5,002021,002021.jpg,mid,756,1008
5,002087,002087.jpg,mid,672,889
5,002089,002089.jpg,mid,756,1008
5,002100,002100.jpg,mid,756,1008
5,002104,002104.jpg,mid,802,1069
5,002107,002107.jpg,mid,676,1022
5,002204,002204.jpg,small,640,640
5,002260,002260.jpg,small,640,640
5,002264,002264.jpg,small,640,640
5,002280,002280.jpg,small,640,640
5,002287,002287.jpg,small,640,640
5,002311,002311.jpg,mid,1096,1462
5,002332,002332.jpg,small,640,640
5,002381,002381.jpg,mid,730,973
5,002418,002418.jpg,mid,1127,1502
5,002427,002427.jpg,small,640,640
5,002438,002438.jpg,small,640,640
5,002444,002444.jpg,small,640,640
5,002468,002468.jpg,small,640,640
5,002512,002512.jpg,mid,953,1242
5,002545,002545.jpg,small,640,640
5,002630,002630.jpg,small,640,640
5,002653,002653.jpg,large,1536,2048
5,002654,002654.jpg,small,640,640
5,002703,002703.jpg,mid,948,1264
5,002873,002873.jpg,small,640,640
5,002893,002893.jpg,small,640,640
5,002916,002916.jpg,small,640,640
5,002931,002931.jpg,mid,732,977
5,002947,002947.jpg,small,640,640
5,003019,003019.jpg,small,640,640
5,003062,003062.jpg,small,640,640
5,003072,003072.jpg,small,640,640
5,003138,003138.jpg,mid,756,1008
5,003234,003234.jpg,mid,1439,1919
5,003255,003255.jpg,small,640,640
5,003308,003308.jpg,small,640,640
5,003315,003315.jpg,mid,1917,1437
5,003324,003324.jpg,mid,1450,1933
5,003333,003333.jpg,mid,1451,1934
6,000024,000024.jpg,large,3024,4032
6,000040,000040.jpg,large,3024,4032
6,000046,000046.jpg,large,3024,4032
6,000084,000084.jpg,large,3024,4032
6,000098,000098.jpg,large,3024,4032
6,000138,000138.jpg,large,3024,4032
6,000177,000177.jpg,large,3024,4032
6,000184,000184.jpg,large,3024,4032
6,000200,000200.jpg,large,3024,4032
6,000229,000229.jpg,large,3024,4032
6,000237,000237.jpg,large,3024,4032
6,000254,000254.jpg,large,3024,4032
6,000276,000276.jpg,large,3024,4032
6,000291,000291.jpg,large,3024,4032
6,000292,000292.jpg,large,3024,4032
6,000313,000313.jpg,large,3024,4032
6,000322,000322.jpg,large,3024,4032
6,000324,000324.jpg,large,3024,4032
6,000329,000329.jpg,large,3024,4032
6,000363,000363.jpg,large,3024,4032
6,000366,000366.jpg,large,3024,4032
6,000371,000371.jpg,large,3024,4032
6,000411,000411.jpg,large,3060,4080
6,000440,000440.jpg,large,3060,4080
6,000462,000462.jpg,large,3060,4080
6,000464,000464.jpg,large,3060,4080
6,000527,000527.jpg,mid,1050,1400
6,000543,000543.jpg,mid,1050,1400
6,000563,000563.jpg,mid,1050,1400
6,000651,000651.jpg,large,1430,2542
6,000690,000690.jpg,large,1298,2308
6,000693,000693.jpg,large,1617,2875
6,000752,000752.jpg,large,1907,2543
6,000802,000802.jpeg,large,3024,4032
6,000811,000811.jpeg,large,3024,4032
6,000831,000831.jpeg,large,3024,4032
6,000855,000855.jpeg,large,3024,4032
6,000868,000868.jpg,small,640,640
6,000958,000958.jpg,small,640,640
6,000965,000965.jpg,mid,985,1313
6,000968,000968.jpg,small,640,640
6,000994,000994.jpg,mid,1023,1364
6,001075,001075.jpg,small,640,640
6,001112,001112.jpg,small,640,640
6,001184,001184.jpg,small,640,640
6,001198,001198.jpg,small,640,640
6,001305,001305.jpg,small,640,640
6,001324,001324.jpg,small,640,640
6,001343,001343.jpg,small,640,640
6,001388,001388.jpg,small,640,640
6,001391,001391.jpg,mid,1008,756
6,001415,001415.jpg,mid,756,1008
6,001418,001418.jpg,mid,637,839
6,001428,001428.jpg,small,640,640
6,001444,001444.jpg,small,640,640
6,001448,001448.jpg,small,640,640
6,001458,001458.jpg,mid,685,914
6,001485,001485.jpg,small,640,640
6,001571,001571.jpg,mid,711,949
6,001609,001609.jpg,small,640,640
6,001705,001705.jpg,mid,985,1314
6,001741,001741.jpg,small,640,640
6,001753,001753.jpg,small,640,640
6,001794,001794.jpg,small,640,640
6,001809,001809.jpg,small,640,640
6,001937,001937.jpg,small,640,640
6,001939,001939.jpg,mid,1236,927
6,002005,002005.jpg,mid,861,1148
6,002052,002052.jpg,small,640,640
6,002075,002075.jpg,small,640,640
6,002076,002076.jpg,mid,644,1121
6,002084,002084.jpg,small,640,640
6,002146,002146.jpg,mid,842,1122
6,002293,002293.jpg,small,640,640
6,002380,002380.jpg,small,640,640
6,002402,002402.jpg,small,640,640
6,002459,002459.jpg,mid,1028,1274
6,002492,002492.jpg,small,640,640
6,002540,002540.jpg,mid,1103,1471
6,002632,002632.jpg,small,640,640
6,002650,002650.jpg,small,640,640
6,002749,002749.jpg,mid,940,1134
6,002832,002832.jpg,mid,830,1107
6,002871,002871.jpg,small,640,640
6,002901,002901.jpg,small,640,640
6,002951,002951.jpg,small,640,640
6,002953,002953.jpg,mid,901,1201
6,003003,003003.jpg,mid,792,1055
6,003021,003021.jpg,small,640,640
6,003028,003028.jpg,small,640,640
6,003066,003066.jpg,small,640,640
6,003137,003137.jpg,small,640,640
6,003164,003164.jpg,mid,1360,1020
6,003177,003177.jpg,mid,987,1316
6,003232,003232.jpg,large,1536,2048
6,003244,003244.jpg,small,640,640
6,003299,003299.jpg,mid,1497,1996
6,003309,003309.jpg,large,1572,2096
6,003325,003325.jpg,small,640,640
6,003328,003328.jpg,large,1501,2002
7,000018,000018.jpg,large,3024,4032
7,000053,000053.png,large,1179,2556
7,000060,000060.jpg,large,3024,4032
7,000068,000068.jpg,large,4284,5712
7,000095,000095.jpg,large,3024,4032
7,000128,000128.jpg,large,3024,4032
7,000166,000166.jpg,large,3024,4032
7,000172,000172.jpg,large,3024,4032
7,000173,000173.jpg,large,3024,4032
7,000176,000176.jpg,large,3024,4032
7,000190,000190.jpg,large,3024,4032
7,000256,000256.jpg,large,3024,4032
7,000265,000265.jpg,large,3024,4032
7,000331,000331.jpg,large,3024,4032
7,000376,000376.jpg,large,3024,4032
7,000386,000386.jpg,large,3060,4080
7,000397,000397.jpg,large,3060,4080
7,000416,000416.jpg,large,3060,4080
7,000448,000448.jpg,large,3060,4080
7,000450,000450.jpg,large,3060,4080
7,000503,000503.jpg,large,3060,4080
7,000504,000504.jpg,large,3060,4080
7,000604,000604.jpg,mid,1613,763
7,000648,000648.jpg,large,1980,3520
7,000662,000662.jpg,large,1351,2402
7,000744,000744.jpg,large,3024,4032
7,000772,000772.jpeg,large,3024,4032
7,000817,000817.jpeg,large,3024,4032
7,000858,000858.jpg,mid,779,1107
7,000895,000895.jpg,small,640,640
7,000936,000936.jpg,mid,788,1051
7,000938,000938.jpg,small,640,640
7,000988,000988.jpg,small,640,640
7,001084,001084.jpg,small,640,640
7,001116,001116.jpg,small,640,640
7,001128,001128.jpg,small,640,640
7,001140,001140.jpg,small,640,640
7,001171,001171.jpg,small,640,640
7,001183,001183.jpg,mid,1032,1376
7,001225,001225.jpg,mid,1200,900
7,001244,001244.jpg,small,640,640
7,001268,001268.jpg,small,640,640
7,001280,001280.jpg,small,640,640
7,001367,001367.jpg,small,640,640
7,001431,001431.jpg,small,640,640
7,001440,001440.jpg,small,640,640
7,001442,001442.jpg,small,640,640
7,001504,001504.jpg,mid,831,1032
7,001646,001646.jpg,small,640,640
7,001676,001676.jpg,small,640,640
7,001701,001701.jpg,small,640,640
7,001720,001720.jpg,small,640,640
7,001731,001731.jpg,small,640,640
7,001763,001763.jpg,mid,1008,756
7,001767,001767.jpg,mid,770,578
7,001790,001790.jpg,small,640,640
7,001860,001860.jpg,small,640,640
7,001896,001896.jpg,small,640,640
7,001936,001936.jpg,mid,1055,1407
7,001973,001973.jpg,small,640,640
7,002138,002138.jpg,mid,947,1262
7,002144,002144.jpg,mid,828,1104
7,002147,002147.jpg,small,640,640
7,002150,002150.jpg,small,640,640
7,002248,002248.jpg,small,640,640
7,002303,002303.jpg,small,640,640
7,002358,002358.jpg,small,640,640
7,002382,002382.jpg,small,640,640
7,002386,002386.jpg,small,640,640
7,002397,002397.jpg,small,640,640
7,002423,002423.jpg,small,640,640
7,002453,002453.jpg,small,640,640
7,002477,002477.jpg,mid,1440,1080
7,002515,002515.jpg,small,640,640
7,002535,002535.jpg,small,640,640
7,002571,002571.jpg,small,640,640
7,002616,002616.jpg,small,640,640
7,002638,002638.jpg,small,640,640
7,002647,002647.jpg,mid,1251,938
7,002682,002682.jpg,small,640,640
7,002702,002702.jpg,small,640,640
7,002811,002811.jpg,mid,965,1308
7,002820,002820.jpg,mid,852,1137
7,002821,002821.jpg,small,640,640
7,002852,002852.jpg,small,640,640
7,002888,002888.jpg,mid,1004,1339
7,002911,002911.jpg,large,1536,2048
7,002979,002979.jpg,small,640,640
7,002980,002980.jpg,large,1536,2048
7,003001,003001.jpg,mid,883,1177
7,003017,003017.jpg,mid,775,1033
7,003040,003040.jpg,small,640,640
7,003048,003048.jpg,small,640,640
7,003064,003064.jpg,small,640,640
7,003103,003103.jpg,small,640,640
7,003119,003119.jpg,small,640,640
7,003223,003223.jpg,small,640,640
7,003265,003265.jpg,large,2043,1532
7,003273,003273.jpg,small,640,640
7,003317,003317.jpg,small,640,640
8,000002,000002.jpg,large,3024,4032
8,000028,000028.jpg,large,3024,4032
8,000062,000062.jpg,large,3024,4032
8,000107,000107.jpg,large,3024,4032
8,000112,000112.jpg,large,3024,4032
8,000178,000178.jpg,large,3024,4032
8,000187,000187.jpg,large,3024,4032
8,000203,000203.jpg,large,3024,4032
8,000249,000249.jpg,large,3024,4032
8,000275,000275.jpg,large,3024,4032
8,000299,000299.jpg,large,3024,4032
8,000348,000348.jpg,large,3024,4032
8,000349,000349.jpg,large,3024,4032
8,000401,000401.jpg,large,3060,4080
8,000417,000417.jpg,large,3060,4080
8,000429,000429.jpg,large,3060,4080
8,000470,000470.jpg,large,3060,4080
8,000479,000479.jpg,large,3060,4080
8,000487,000487.jpg,large,3060,4080
8,000489,000489.jpg,large,3060,4080
8,000496,000496.jpg,large,3060,4080
8,000520,000520.jpg,mid,1050,1400
8,000539,000539.jpg,mid,1050,1400
8,000634,000634.jpg,large,1980,3520
8,000641,000641.jpg,large,1980,3520
8,000671,000671.jpg,large,1461,2596
8,000677,000677.jpg,large,1218,2166
8,000709,000709.jpg,large,1195,2124
8,000716,000716.jpg,mid,859,1527
8,000725,000725.jpg,large,1371,2437
8,000733,000733.jpg,large,2097,1179
8,000748,000748.jpg,large,3024,4032
8,000751,000751.jpg,large,2255,3007
8,000775,000775.jpeg,large,3024,4032
8,000825,000825.jpeg,large,3024,4032
8,000826,000826.jpeg,large,3024,4032
8,000847,000847.jpeg,large,3024,4032
8,000889,000889.jpg,mid,975,708
8,000898,000898.jpg,small,640,640
8,000932,000932.jpg,mid,659,879
8,000933,000933.jpg,small,640,640
8,000937,000937.jpg,mid,769,1025
8,001039,001039.jpg,small,640,640
8,001046,001046.jpg,mid,712,951
8,001064,001064.jpg,small,640,640
8,001088,001088.jpg,small,640,640
8,001148,001148.jpg,mid,1008,756
8,001197,001197.jpg,mid,1008,756
8,001208,001208.jpg,small,640,640
8,001265,001265.jpg,mid,1112,1483
8,001433,001433.jpg,small,640,640
8,001439,001439.jpg,mid,756,1008
8,001464,001464.jpg,mid,649,866
8,001467,001467.jpg,small,640,640
8,001513,001513.jpg,small,640,640
8,001545,001545.jpg,small,640,640
8,001595,001595.jpg,small,640,640
8,001616,001616.jpg,mid,766,1021
8,001635,001635.jpg,mid,762,1016
8,001639,001639.jpg,mid,577,738
8,001640,001640.jpg,small,640,640
8,001704,001704.jpg,small,640,640
8,001714,001714.jpg,small,640,640
8,001749,001749.jpg,small,640,640
8,001798,001798.jpg,mid,822,616
8,001802,001802.jpg,small,640,640
8,001887,001887.jpg,large,1536,2048
8,001900,001900.jpg,small,640,640
8,001935,001935.jpg,small,640,640
8,001992,001992.jpg,small,640,640
8,002080,002080.jpg,small,640,640
8,002226,002226.jpg,mid,972,1296
8,002242,002242.jpg,mid,953,1271
8,002246,002246.jpg,mid,1046,1395
8,002351,002351.jpg,mid,756,1008
8,002426,002426.jpg,mid,585,760
8,002455,002455.jpg,small,640,640
8,002480,002480.jpg,small,640,640
8,002494,002494.jpg,small,640,640
8,002622,002622.jpg,small,640,640
8,002636,002636.jpg,small,640,640
8,002659,002659.jpg,mid,913,1217
8,002688,002688.jpg,mid,1122,1497
8,002734,002734.jpg,large,1535,2048
8,002741,002741.jpg,small,640,640
8,002750,002750.jpg,mid,933,1244
8,002767,002767.jpg,mid,1076,807
8,002804,002804.jpg,small,640,640
8,002807,002807.jpg,mid,905,1207
8,002906,002906.jpg,small,640,640
8,002965,002965.jpg,small,640,640
8,003056,003056.jpg,small,640,640
8,003122,003122.jpg,large,1536,2048
8,003125,003125.jpg,small,640,640
8,003162,003162.jpg,large,1536,2048
8,003173,003173.jpg,large,1536,2048
8,003210,003210.jpg,small,640,640
8,003224,003224.jpg,mid,1478,1970
8,003268,003268.jpg,small,640,640
8,3351,3351.jpeg,large,3024,4032
9,000072,000072.jpg,large,3024,4032
9,000075,000075.jpg,large,3024,4032
9,000121,000121.jpg,large,3024,4032
9,000132,000132.jpg,large,3024,4032
9,000157,000157.jpg,large,3024,4032
9,000201,000201.jpg,large,3024,4032
9,000208,000208.jpg,large,3024,4032
9,000226,000226.jpg,large,3024,4032
9,000253,000253.jpg,large,3024,4032
9,000266,000266.jpg,large,3024,4032
9,000305,000305.jpg,large,3024,4032
9,000316,000316.jpg,large,3024,4032
9,000323,000323.jpg,large,3024,4032
9,000328,000328.jpg,large,3024,4032
9,000345,000345.jpg,large,3024,4032
9,000350,000350.jpg,large,3024,4032
9,000412,000412.jpg,large,3060,4080
9,000436,000436.jpg,large,3060,4080
9,000438,000438.jpg,large,3060,4080
9,000443,000443.jpg,large,3060,4080
9,000482,000482.jpg,large,3060,4080
9,000497,000497.jpg,large,3060,4080
9,000589,000589.jpg,mid,1050,1400
9,000668,000668.jpg,large,1252,2225
9,000714,000714.jpg,mid,1108,1969
9,000728,000728.jpg,large,1138,2024
9,000767,000767.jpeg,large,3024,4032
9,000818,000818.jpeg,large,3024,4032
9,000828,000828.jpeg,large,3024,4032
9,000829,000829.jpeg,large,3024,4032
9,000848,000848.jpeg,large,3024,4032
9,000886,000886.jpg,small,640,640
9,000906,000906.jpg,small,640,640
9,000924,000924.jpg,mid,756,1008
9,000925,000925.jpg,small,640,640
9,000970,000970.jpg,small,640,640
9,001037,001037.jpg,mid,564,948
9,001123,001123.jpg,mid,908,1210
9,001124,001124.jpg,small,640,640
9,001170,001170.jpg,mid,1062,796
9,001246,001246.jpg,mid,1155,866
9,001254,001254.jpg,mid,992,886
9,001273,001273.jpg,mid,939,1251
9,001393,001393.jpg,mid,557,722
9,001397,001397.jpg,small,640,640
9,001432,001432.jpg,mid,756,1008
9,001481,001481.jpg,mid,756,1008
9,001494,001494.jpg,small,640,640
9,001525,001525.jpg,small,640,640
9,001570,001570.jpg,small,640,640
9,001675,001675.jpg,mid,1023,1364
9,001691,001691.jpg,small,640,640
9,001835,001835.jpg,small,640,640
9,001840,001840.jpg,mid,979,1305
9,001866,001866.jpg,small,640,640
9,001895,001895.jpg,mid,1373,947
9,001906,001906.jpg,small,640,640
9,001944,001944.jpg,small,640,640
9,001947,001947.jpg,mid,924,1232
9,002037,002037.jpg,small,640,640
9,002101,002101.jpg,small,640,640
9,002108,002108.jpg,small,640,640
9,002121,002121.jpg,small,640,640
9,002133,002133.jpg,small,640,640
9,002167,002167.jpg,mid,1012,1350
9,002209,002209.jpg,small,640,640
9,002224,002224.jpg,mid,984,1312
9,002231,002231.jpg,small,640,640
9,002245,002245.jpg,small,640,640
9,002289,002289.jpg,small,640,640
9,002366,002366.jpg,mid,574,845
9,002378,002378.jpg,small,640,640
9,002406,002406.jpg,small,640,640
9,002464,002464.jpg,mid,983,1311
9,002473,002473.jpg,large,1536,2048
9,002506,002506.jpg,mid,899,1198
9,002714,002714.jpg,small,640,640
9,002746,002746.jpg,mid,808,1125
9,002748,002748.jpg,mid,1386,879
9,002831,002831.jpg,small,640,640
9,002849,002849.jpg,mid,962,1283
9,002869,002869.jpg,small,640,640
9,002874,002874.jpg,mid,937,1248
9,002903,002903.jpg,small,640,640
9,002929,002929.jpg,mid,989,1318
9,002984,002984.jpg,mid,856,1141
9,003060,003060.jpg,small,640,640
9,003113,003113.jpg,small,640,640
9,003129,003129.jpg,small,640,640
9,003151,003151.jpg,small,640,640
9,003152,003152.jpg,mid,867,1157
9,003175,003175.jpg,mid,1197,897
9,003188,003188.jpg,small,640,640
9,003194,003194.jpg,small,640,640
9,003202,003202.jpg,mid,778,912
9,003243,003243.jpg,mid,1896,1422
9,003291,003291.jpg,small,640,640
9,003340,003340.jpg,large,1536,2048
9,3347,3347.jpeg,large,3024,4032
9,3350,3350.jpeg,large,3024,4032
10,000012,000012.jpg,large,3024,4032
10,000021,000021.jpg,large,3024,4032
10,000066,000066.jpg,large,4284,5712
10,000085,000085.jpg,large,3024,4032
10,000091,000091.jpg,large,3024,4032
10,000106,000106.jpg,large,3024,4032
10,000125,000125.jpg,large,3024,4032
10,000163,000163.jpg,large,3024,4032
10,000164,000164.jpg,large,3024,4032
10,000170,000170.jpg,large,3024,4032
10,000198,000198.jpg,large,3024,4032
10,000202,000202.jpg,large,3024,4032
10,000289,000289.jpg,large,3024,4032
10,000302,000302.jpg,large,3024,4032
10,000353,000353.jpg,large,3024,4032
10,000355,000355.jpg,large,3024,4032
10,000357,000357.jpg,large,3024,4032
10,000364,000364.jpg,large,3024,4032
10,000369,000369.jpg,large,3024,4032
10,000414,000414.jpg,large,3060,4080
10,000427,000427.jpg,large,3060,4080
10,000431,000431.jpg,large,3060,4080
10,000454,000454.jpg,large,3060,4080
10,000459,000459.jpg,large,3060,4080
10,000469,000469.jpg,large,3060,4080
10,000493,000493.jpg,large,3060,4080
10,000506,000506.jpg,large,3060,4080
10,000533,000533.jpg,mid,1050,1400
10,000534,000534.jpg,mid,1400,1050
10,000646,000646.jpg,large,1980,3520
10,000659,000659.jpg,large,1285,2284
10,000667,000667.jpg,large,1330,2364
10,000670,000670.jpg,large,1155,2054
10,000686,000686.jpg,mid,972,1728
10,000700,000700.jpg,mid,890,1581
10,000735,000735.jpg,large,3024,4032
10,000757,000757.jpg,large,1980,3520
10,000793,000793.jpeg,large,3024,4032
10,000823,000823.jpeg,large,3024,4032
10,000854,000854.jpeg,large,3024,4032
10,000890,000890.jpg,mid,1246,935
10,000902,000902.jpg,small,640,640
10,001007,001007.jpg,small,640,640
10,001026,001026.jpg,small,640,640
10,001100,001100.jpg,mid,775,1033
10,001136,001136.jpg,small,640,640
10,001152,001152.jpg,mid,1008,756
10,001178,001178.jpg,small,640,640
10,001196,001196.jpg,small,640,640
10,001239,001239.jpg,mid,1127,796
10,001240,001240.jpg,small,640,640
10,001262,001262.jpg,small,640,640
10,001277,001277.jpg,small,640,640
10,001293,001293.jpg,mid,1437,1077
10,001296,001296.jpg,mid,984,1312
10,001307,001307.jpg,mid,1028,1370
10,001375,001375.jpg,small,640,640
10,001407,001407.jpg,small,640,640
10,001449,001449.jpg,mid,710,946
10,001524,001524.jpg,mid,835,1113
10,001580,001580.jpg,small,640,640
10,001612,001612.jpg,mid,765,1021
10,001668,001668.jpg,small,640,640
10,001713,001713.jpg,large,1535,2048
10,001718,001718.jpg,small,640,640
10,001751,001751.jpg,small,640,640
10,001759,001759.jpg,mid,1006,560
10,001833,001833.jpg,small,640,640
10,001865,001865.jpg,mid,1049,1399
10,001917,001917.jpg,mid,1051,1402
10,001957,001957.jpg,mid,1227,860
10,001974,001974.jpg,mid,935,1126
10,001988,001988.jpg,small,640,640
10,002079,002079.jpg,mid,783,1032
10,002142,002142.jpg,small,640,640
10,002155,002155.jpg,small,640,640
10,002183,002183.jpg,small,640,640
10,002229,002229.jpg,small,640,640
10,002251,002251.jpg,small,640,640
10,002276,002276.jpg,small,640,640
10,002297,002297.jpg,small,640,640
10,002312,002312.jpg,small,640,640
10,002437,002437.jpg,mid,1009,613
10,002533,002533.jpg,small,640,640
10,002541,002541.jpg,small,640,640
10,002620,002620.jpg,small,640,640
10,002668,002668.jpg,small,640,640
10,002772,002772.jpg,small,524,556
10,002848,002848.jpg,small,640,640
10,002872,002872.jpg,mid,795,1060
10,002876,002876.jpg,mid,680,923
10,002879,002879.jpg,small,640,640
10,002899,002899.jpg,small,640,640
10,002942,002942.jpg,small,640,640
10,002969,002969.jpg,mid,953,1271
10,002976,002976.jpg,mid,925,1233
10,002987,002987.jpg,small,640,640
10,003005,003005.jpg,small,640,640
10,003236,003236.jpg,mid,1477,1969
10,003310,003310.jpg,small,640,640
