block,labeler,image_id,file,raw,year,month,day,final_date,format,tags,ts
3,민섭,000008,000008.jpg,2027.06.29,2027,06,29,2027-06-29,YYYY.MM.DD,,2026-09-09T17:42:45
3,민섭,000011,000011.jpg,2026.02.05,2026,02,05,2026-02-05,YYYY.MM.DD,,2026-09-09T20:19:47
3,민섭,000025,000025.jpg,2026.06.11,2026,06,11,2026-06-11,YYYY.MM.DD,,2026-09-09T20:19:53
3,민섭,000036,000036.jpg,2026.08.26,2026,08,26,2026-08-26,YYYY.MM.DD,,2026-09-09T20:19:58
3,민섭,000055,000055.jpg,2026.08.04,2026,08,04,2026-08-04,YYYY.MM.DD,,2026-09-09T20:20:02
3,민섭,000082,000082.jpg,2026.08.24,2026,08,24,2026-08-24,YYYY.MM.DD,,2026-09-09T20:20:09
3,민섭,000097,000097.jpg,2025.11.19,2025,11,19,2025-11-19,YYYY.MM.DD,,2026-09-09T20:20:13
3,민섭,000104,000104.jpg,2026.04.01,2026,04,01,2026-04-01,YYYY.MM.DD,,2026-09-09T20:20:18
3,민섭,000123,000123.jpg,2026.06.04,2026,06,04,2026-06-04,YYYY.MM.DD,,2026-09-09T20:20:23
3,민섭,000133,000133.jpg,2025.11.25,2025,11,25,2025-11-25,YYYY.MM.DD,,2026-09-09T20:20:33
3,민섭,000146,000146.jpg,2026.04.03,2026,04,03,2026-04-03,YYYY.MM.DD,,2026-09-09T20:20:37
3,민섭,000197,000197.jpg,2026.07.30,2026,07,30,2026-07-30,YYYY.MM.DD,,2026-09-09T20:20:40
3,민섭,000207,000207.jpg,2026.09.24,2026,09,24,2026-09-24,YYYY.MM.DD,,2026-09-09T20:20:48
3,민섭,000224,000224.jpg,2026.06.15,2026,06,15,2026-06-15,YYYY.MM.DD,,2026-09-09T20:20:52
3,민섭,000248,000248.jpg,2026.04.21,2026,04,21,2026-04-21,YYYY.MM.DD,,2026-09-09T20:20:57
3,민섭,000273,000273.jpg,2026.03.13,2026,03,13,2026-03-13,YYYY.MM.DD,,2026-09-09T20:21:01
3,민섭,000277,000277.jpg,2026.07.15,2026,07,15,2026-07-15,YYYY.MM.DD,,2026-09-09T20:21:07
3,민섭,000318,000318.jpg,2025.11.09,2025,11,09,2025-11-09,YYYY.MM.DD,,2026-09-09T20:21:12
3,민섭,000362,000362.jpg,2026.08.11,2026,08,11,2026-08-11,YYYY.MM.DD,,2026-09-09T20:21:16
3,민섭,000395,000395.jpg,2026.03.15,2026,03,15,2026-03-15,YYYY.MM.DD,,2026-09-09T20:21:23
3,민섭,000432,000432.jpg,2027.04.28,2027,04,28,2027-04-28,YYYY.MM.DD,,2026-09-09T20:21:28
3,민섭,000458,000458.jpg,2026.07.01,2026,07,01,2026-07-01,YYYY.MM.DD,,2026-09-09T20:21:37
3,민섭,000509,000509.jpg,2026.09.01,2026,09,01,2026-09-01,YYYY.MM.DD,,2026-09-09T20:21:43
3,민섭,000544,000544.jpg,2029.06.25,2029,06,25,2029-06-25,YYYY.MM.DD,,2026-09-09T20:21:48
3,민섭,000618,000618.jpg,2026.08.26,2026,08,26,2026-08-26,YYYY.MM.DD,,2026-09-09T20:21:53
3,민섭,000635,000635.jpg,2026.02.21,2026,02,21,2026-02-21,YYYY.MM.DD,,2026-09-09T20:21:57
3,민섭,000695,000695.jpg,2027.09.09,2027,09,09,2027-09-09,YYYY.MM.DD,,2026-09-09T20:22:01
3,민섭,000753,000753.jpg,2026.03.18,2026,03,18,2026-03-18,YYYY.MM.DD,,2026-09-09T20:22:05
3,민섭,000799,000799.jpeg,12.20,NONE,12,20,NONE-12-20,MM.DD,,2026-09-09T20:23:16
3,민섭,000816,000816.jpeg,2026.10.09,2026,10,09,2026-10-09,YYYY.MM.DD,,2026-09-09T20:23:21
3,민섭,000837,000837.jpeg,2026.02.21,2026,02,21,2026-02-21,YYYY.MM.DD,,2026-09-09T20:23:56
3,민섭,000862,000862.jpg,2021.10.22,2021,10,22,2021-10-22,YYYY.MM.DD,,2026-09-09T20:24:06
3,민섭,000896,000896.jpg,2023.02.15,2023,02,15,2023-02-15,YYYY.MM.DD,,2026-09-09T20:24:21
3,민섭,000908,000908.jpg,01.2022,2022,01,NONE,2022-01-NONE,MM.YYYY,,2026-09-09T20:24:39
3,민섭,000939,000939.jpg,2021.10.28,2021,10,28,2021-10-28,YYYY.MM.DD,,2026-09-09T20:24:44
3,민섭,000945,000945.jpg,03/07/2021,2021,07,03,2021-07-03,DD.MM.YYYY,,2026-09-09T20:25:00
3,민섭,000962,000962.jpg,2023.10.21,2023,10,21,2023-10-21,YYYY.MM.DD,,2026-09-09T20:25:07
3,민섭,001009,001009.jpg,2022.11.24,2022,11,24,2022-11-24,YYYY.MM.DD,,2026-09-09T20:25:11
3,민섭,001057,001057.jpg,2022.05.27,2022,05,27,2022-05-27,YYYY.MM.DD,,2026-09-09T20:25:16
3,민섭,001059,001059.jpg,2021.10.14,2021,10,14,2021-10-14,YYYY.MM.DD,,2026-09-09T20:25:21
3,민섭,001077,001077.jpg,2021.07.31,2021,07,31,2021-07-31,YYYY.MM.DD,,2026-09-09T20:25:27
3,민섭,001187,001187.jpg,2020.04.23,2020,04,23,2020-04-23,YYYY.MM.DD,,2026-09-09T20:25:31
3,민섭,001216,001216.jpg,2021.06.13,2021,06,13,2021-06-13,YYYY.MM.DD,,2026-09-09T20:25:38
3,민섭,001291,001291.jpg,2022.11.05,2022,11,05,2022-11-05,YYYY.MM.DD,,2026-09-09T20:25:43
3,민섭,001411,001411.jpg,2022.09.06,2022,09,06,2022-09-06,YYYY.MM.DD,,2026-09-09T20:25:47
3,민섭,001417,001417.jpg,2021.11.05,2021,11,05,2021-11-05,YYYY.MM.DD,,2026-09-09T20:25:55
3,민섭,001429,001429.jpg,2021.01.23,2021,01,23,2021-01-23,YYYY.MM.DD,,2026-09-09T20:25:59
3,민섭,001482,001482.jpg,01.31,NONE,01,31,NONE-01-31,MM.DD,,2026-09-09T20:26:05
3,민섭,001489,001489.jpg,2021.07.12,2021,07,12,2021-07-12,YYYY.MM.DD,,2026-09-09T20:26:09
3,민섭,001554,001554.jpg,2020.06.03,2020,06,03,2020-06-03,YYYY.MM.DD,,2026-09-09T20:26:14
3,민섭,001623,001623.jpg,2022.01.14,2022,01,14,2022-01-14,YYYY.MM.DD,,2026-09-09T20:26:18
3,민섭,001666,001666.jpg,2021.01.28,2021,01,28,2021-01-28,YYYY.MM.DD,,2026-09-09T20:26:23
3,민섭,001706,001706.jpg,2021.06.04,2021,06,04,2021-06-04,YYYY.MM.DD,,2026-09-09T20:26:28
3,민섭,001815,001815.jpg,2022.06.07,2022,06,07,2022-06-07,YYYY.MM.DD,,2026-09-09T20:26:32
3,민섭,001825,001825.jpg,2021.09.07,2021,09,07,2021-09-07,YYYY.MM.DD,,2026-09-09T20:26:46
3,민섭,001918,001918.jpg,2021.05.25,2021,05,25,2021-05-25,YYYY.MM.DD,,2026-09-09T20:26:53
3,민섭,001977,001977.jpg,2021.01.14,2021,01,14,2021-01-14,YYYY.MM.DD,,2026-09-09T20:27:05
3,민섭,001981,001981.jpg,2022.10.15,2022,10,15,2022-10-15,YYYY.MM.DD,,2026-09-09T20:27:08
3,민섭,002006,002006.jpg,2022.07.27,2022,07,27,2022-07-27,YYYY.MM.DD,,2026-09-09T20:27:14
3,민섭,002012,002012.jpg,2020.06.30,2020,06,30,2020-06-30,YYYY.MM.DD,,2026-09-09T20:27:21
3,민섭,002143,002143.jpg,2021.02.08,2021,02,08,2021-02-08,YYYY.MM.DD,,2026-09-09T20:27:28
3,민섭,002172,002172.jpg,20.06.24,2020,06,24,2020-06-24,YY.MM.DD,,2026-09-09T20:27:38
3,민섭,002211,002211.jpg,20.09.22,2020,09,22,2020-09-22,YY.MM.DD,,2026-09-09T20:27:49
3,민섭,002262,002262.jpg,2022.01.11,2022,01,11,2022-01-11,YYYY.MM.DD,,2026-09-09T20:27:54
3,민섭,002314,002314.jpg,2021.10.17,2021,10,17,2021-10-17,YYYY.MM.DD,,2026-09-09T20:27:59
3,민섭,002317,002317.jpg,2020.12.03,2020,12,03,2020-12-03,YYYY.MM.DD,,2026-09-09T20:28:04
3,민섭,002347,002347.jpg,2021.10.04,2021,10,04,2021-10-04,YYYY.MM.DD,,2026-09-09T20:28:06
3,민섭,002448,002448.jpg,2021.02.04,2021,02,04,2021-02-04,YYYY.MM.DD,,2026-09-09T20:28:11
3,민섭,002469,002469.jpg,2023.06.22,2023,06,22,2023-06-22,YYYY.MM.DD,,2026-09-09T20:28:17
3,민섭,002517,002517.jpg,2022.07.20,2022,07,20,2022-07-20,YYYY.MM.DD,,2026-09-09T20:28:21
3,민섭,002547,002547.jpg,2022.04,2022,04,NONE,2022-04-NONE,YYYY.MM,,2026-09-09T20:28:35
3,민섭,002548,002548.jpg,2021.04.02,2021,04,02,2021-04-02,YYYY.MM.DD,,2026-09-09T20:28:41
3,민섭,002587,002587.jpg,12/22,NONE,12,22,NONE-12-22,MM.DD,,2026-09-09T20:28:47
3,민섭,002591,002591.jpg,2023.10.27,2023,10,27,2023-10-27,YYYY.MM.DD,,2026-09-09T20:28:54
3,민섭,002593,002593.jpg,2023.08.11,2023,08,11,2023-08-11,YYYY.MM.DD,,2026-09-09T20:28:59
3,민섭,002607,002607.jpg,2022.04.02,2022,04,02,2022-04-02,YYYY.MM.DD,,2026-09-09T20:29:02
3,민섭,002614,002614.jpg,2023.04,2023,04,NONE,2023-04-NONE,YYYY.MM,,2026-09-09T20:29:07
3,민섭,002692,002692.jpg,2021.03.10,2021,03,10,2021-03-10,YYYY.MM.DD,,2026-09-09T20:29:13
3,민섭,002738,002738.jpg,2021.06.05,2021,06,05,2021-06-05,YYYY.MM.DD,,2026-09-09T20:29:31
3,민섭,002742,002742.jpg,2021.08.13,2021,08,13,2021-08-13,YYYY.MM.DD,,2026-09-09T20:29:51
3,민섭,002840,002840.jpg,2021.05.24,2021,05,24,2021-05-24,YYYY.MM.DD,,2026-09-09T20:29:57
3,민섭,002865,002865.jpg,03/02/2023,2023,02,03,2023-02-03,DD.MM.YYYY,,2026-09-09T20:30:07
3,민섭,002875,002875.jpg,2021.04.11,2021,04,11,2021-04-11,YYYY.MM.DD,,2026-09-09T20:30:11
3,민섭,002930,002930.jpg,2022.09.27,2022,09,27,2022-09-27,YYYY.MM.DD,,2026-09-09T20:30:15
3,민섭,002954,002954.jpg,2021.02.28,2021,02,28,2021-02-28,YYYY.MM.DD,,2026-09-09T20:30:23
3,민섭,002955,002955.jpg,2022.11.04,2022,11,04,2022-11-04,YYYY.MM.DD,,2026-09-09T20:30:27
3,민섭,002997,002997.jpg,2022.10.15,2022,10,15,2022-10-15,YYYY.MM.DD,,2026-09-09T20:30:31
3,민섭,003011,003011.jpg,11 12 2021,2021,12,11,2021-12-11,DD.MM.YYYY,,2026-09-09T20:30:39
3,민섭,003035,003035.jpg,28 08 2022,2022,08,28,2022-08-28,DD.MM.YYYY,,2026-09-09T20:30:44
3,민섭,003088,003088.jpg,30.06.2021,2021,06,30,2021-06-30,DD.MM.YYYY,,2026-09-09T20:30:50
3,민섭,003116,003116.jpg,2021.12.29,2021,12,29,2021-12-29,YYYY.MM.DD,,2026-09-09T20:30:56
3,민섭,003197,003197.jpg,2022.11.05,2022,11,05,2022-11-05,YYYY.MM.DD,,2026-09-09T20:31:05
3,민섭,003238,003238.jpg,2021.10.16,2021,10,16,2021-10-16,YYYY.MM.DD,,2026-09-09T20:31:12
3,민섭,003248,003248.jpg,2023.01.17,2023,01,17,2023-01-17,YYYY.MM.DD,,2026-09-09T20:31:16
3,민섭,003285,003285.jpg,2021.08.06,2021,08,06,2021-08-06,YYYY.MM.DD,,2026-09-09T20:31:24
3,민섭,003305,003305.jpg,03/2025,2025,03,NONE,2025-03-NONE,MM.YYYY,,2026-09-09T20:31:30
3,민섭,003307,003307.jpg,2020.09.01,2020,09,01,2020-09-01,YYYY.MM.DD,,2026-09-09T20:31:35
3,민섭,003313,003313.jpg,2021.07.05,2021,07,05,2021-07-05,YYYY.MM.DD,,2026-09-09T20:31:41
3,민섭,003320,003320.jpg,02/09/2021,2021,09,02,2021-09-02,DD.MM.YYYY,,2026-09-09T20:31:49
3,민섭,3345,3345.jpeg,26.08.19,2026,08,19,2026-08-19,YY.MM.DD,,2026-09-09T20:31:53
