image_id,file,final_date,bbox,img_wh,src
000005,000005.jpg,2026-07-02,"539,803,954,917",1512x2016,p1@640+p2
000006,000006.jpg,2026-02-17,"391,841,951,970",1512x2016,p1@640
000007,000007.jpg,2026-06-25,"1044,1955,1553,2164",2142x2856,p1@640
000008,000008.jpg,2027-06-29,"321,1281,893,1436",1143x2362,p1@640+p2
000011,000011.jpg,2026-02-05,"479,1323,863,1418",1512x2016,p1@640+p2
000013,000013.jpg,2026-03-20,"-19,901,999,1377",1512x2016,p2
000019,000019.jpg,2026-04-09,"504,788,850,863",1512x2016,p1@640+p2
000020,000020.jpg,2025-10-09,"498,885,1515,1068",1512x2016,p1@640+p2
000025,000025.jpg,2026-06-11,"359,702,973,901",1512x2016,p1@640+p2
000029,000029.jpg,2026-08-02,"334,1251,1096,1399",1512x2016,p1@640+p2
000036,000036.jpg,2026-08-26,"416,1058,857,1153",1512x2016,p1@640+p2
000040,000040.jpg,2025-10-11,"513,1024,1074,1137",1512x2016,p1@640
000043,000043.jpg,NONE-10-14,"469,992,1531,1235",1512x2016,p1@640+p2
000046,000046.jpg,2025-10-10,"526,1402,1213,1515",1512x2016,p1@640
000055,000055.jpg,2026-08-04,"946,1839,1446,1946",2142x2856,p1@640
000064,000064.jpg,2026-08-03,"506,1108,1063,1219",1512x2016,p1@1024
000069,000069.jpg,2026-06-24,"665,1352,1352,1535",2142x2856,p1@640+p2
000070,000070.jpg,2026-10-08,"548,1288,1197,1770",1512x2016,p1@640
000072,000072.jpg,2026-04-25,"312,1622,1147,1751",1512x2016,p1@640+p2
000075,000075.jpg,2026-01-06,"217,1206,1162,1405",1512x2016,p1@640
000082,000082.jpg,2026-08-24,"353,1474,1222,1632",1512x2016,p1@640
000084,000084.jpg,2026-03-31,"85,1238,1484,1370",1512x2016,p1@640
000086,000086.jpg,2026-03-14,"419,1304,1480,1458",1512x2016,p1@640
000087,000087.jpg,2026-08-10,"214,1304,1449,1462",1512x2016,p1@640+p2
000088,000088.jpg,2026-09-03,"66,1128,1430,1295",1512x2016,p1@640
000089,000089.jpg,2026-09-11,"567,403,806,479",1512x2016,p1@640
000092,000092.jpg,2026-12-05,"220,1310,1377,1480",1512x2016,p1@640
000096,000096.jpg,2026-05-26,"491,914,794,1014",1512x2016,p1@640
000097,000097.jpg,2025-11-19,"120,948,1474,1562",1512x2016,p1@640+p2
000098,000098.jpg,2026-03-11,"573,1310,926,1436",1512x2016,p1@640+p2
000099,000099.jpg,2026-03-07,"460,706,1433,1452",1512x2016,p1@640
000104,000104.jpg,2026-04-01,"548,1269,942,1336",1512x2016,p1@640
000105,000105.jpg,2025-11-09,"491,359,788,498",1512x2016,p1@640
000121,000121.jpg,2027-04-13,"491,1166,989,1273",1512x2016,p1@640
000124,000124.jpg,2026-01-02,"501,1093,816,1150",1512x2016,p1@640
000132,000132.jpg,2026-08-21,"44,800,1452,1052",1512x2016,p1@640+p2
000138,000138.jpg,2026-05-14,"208,1014,816,1156",1512x2016,p1@640
000146,000146.jpg,2026-04-03,"57,765,1588,1354",1512x2016,p1@640+p2
000153,000153.jpg,2026-10-12,"444,1128,929,1194",1512x2016,p1@640
000154,000154.jpg,2027-08-13,"-6,914,882,1128",1512x2016,p1@640+p2
000168,000168.jpg,2026-02-16,"378,945,769,1036",1512x2016,p1@640+p2
000177,000177.jpg,2026-08-18,"337,1222,1206,1364",1512x2016,p1@640+p2
000183,000183.jpg,2027-07-28,"-6,939,958,1310",1512x2016,p1@640+p2
000184,000184.jpg,2027-11-19,"580,1040,1405,1140",1512x2016,p1@640
000188,000188.jpg,2027-09-30,"589,923,1427,1197",1512x2016,p1@640
000197,000197.jpg,2026-07-30,"362,1065,983,1159",1512x2016,p1@640+p2
000199,000199.jpg,2027-09-07,"548,1087,951,1254",1512x2016,p1@640
000207,000207.jpg,2026-09-24,"202,1058,929,1172",1512x2016,p1@640
000224,000224.jpg,2026-06-15,"539,1055,948,1156",1512x2016,p1@640+p2
000237,000237.jpg,2026-06-05,"183,1115,1128,1216",1512x2016,p1@640
000248,000248.jpg,2026-04-21,"567,954,1257,1191",1512x2016,p1@640
000254,000254.jpg,2026-08-12,"321,1030,1005,1342",1512x2016,p1@640
000268,000268.jpg,2026-07-14,"523,1134,1002,1235",1512x2016,p1@640
000273,000273.jpg,2026-03-13,"636,1084,1077,1166",1512x2016,p1@640+p2
000274,000274.jpg,2026-03-02,"-3,517,1458,1906",1512x2016,p1@640
000276,000276.jpg,2026-03-25,"406,1304,1140,1392",1512x2016,p1@640+p2
000277,000277.jpg,2026-07-15,"249,1106,923,1228",1512x2016,p1@640
000279,000279.jpg,2026-06-02,"567,1140,964,1216",1512x2016,p2
000291,000291.jpg,2027-07-21,"526,1188,844,1292",1512x2016,p1@640
000293,000293.jpg,2025-10-24,"605,958,1033,1046",1512x2016,p1@640
000297,000297.jpg,2026-04-08,"677,167,1043,306",1512x2016,p1@640+p2
000298,000298.jpg,2026-09-11,"-13,580,1140,747",1512x2016,p1@640
000309,000309.jpg,2027-04-01,"324,1377,967,1496",1512x2016,p1@640
000313,000313.jpg,2026-03-17,"372,680,1235,762",1512x2016,p1@640+p2
000316,000316.jpg,2027-03-01,"-22,923,1153,1213",1512x2016,p1@640+p2
000321,000321.jpg,2025-10-29,"274,803,954,936",1512x2016,p1@640+p2
000322,000322.jpg,2025-10-29,"312,797,967,929",1512x2016,p1@640+p2
000323,000323.jpg,2025-12-21,"101,1465,1169,1594",1512x2016,p1@640+p2
000324,000324.jpg,2027-05-15,"520,1134,1380,1285",1512x2016,p1@640+p2
000328,000328.jpg,2025-12-25,"180,983,1326,1792",1512x2016,p1@640
000329,000329.jpg,2025-12-25,"-19,800,1521,1222",1512x2016,p1@640+p2
000343,000343.jpg,2025-12-30,"173,1055,923,1188",1512x2016,p1@640+p2
000345,000345.jpg,2026-04-09,"85,926,926,1062",1512x2016,p1@640+p2
000350,000350.jpg,2027-05-15,"608,1150,945,1235",1512x2016,p1@640
000351,000351.jpg,2026-05-03,"737,1273,1008,1348",1512x2016,p1@640
000358,000358.jpg,2027-09-16,"498,1189,900,1278",1512x2016,p1@1024
000363,000363.jpg,2026-04-21,"-13,822,1254,1084",1512x2016,p1@640
000366,000366.jpg,2026-09-05,"340,558,1162,715",1512x2016,p1@640+p2
000371,000371.jpg,2026-02-15,"403,907,1040,995",1512x2016,p1@640+p2
000388,000388.jpg,2026-01-15,"558,1380,877,1431",1530x2040,p1@640
000389,000389.jpg,2026-02-27,"803,988,1039,1071",1530x2040,p1@640
000412,000412.jpg,2026-01-19,"555,1492,861,1568",1530x2040,p1@640+p2
000413,000413.jpg,2027-04-23,"653,902,1163,979",1530x2040,p1@640
000436,000436.jpg,2026-02-12,"534,892,1225,1016",1530x2040,p1@1024+p2
000446,000446.jpg,2026-04-11,"880,759,1230,835",1530x2040,p2
000460,000460.jpg,2025-12-03,"724,966,966,1023",1530x2040,p1@640+p2
000462,000462.jpg,2027-05-27,"778,1269,1141,1364",1530x2040,p1@640+p2
000463,000463.jpg,2027-02-14,"-22,771,1544,1494",1530x2040,p2
000492,000492.jpg,2026-03-12,"790,1084,1211,1167",1530x2040,p1@640+p2
000508,000508.jpg,2026-08-25,"-7,1032,770,1170",1050x1400,p1@640
000515,000515.jpg,2026-01-NONE,"140,704,925,757",1050x1400,p1@640+p2
000526,000526.jpg,2026-07-04,"77,514,873,602",1050x1400,p1@640+p2
000527,000527.jpg,2025-10-12,"105,464,884,586",1050x1400,p1@640
000589,000589.jpg,2026-04-02,"79,1190,752,1299",1050x1400,p1@640
000615,000615.jpg,2026-03-24,"610,456,1011,567",1613x763,p1@640+p2
000618,000618.jpg,2026-08-26,"-10,388,1338,776",1613x763,p1@640+p2
000620,000620.jpg,2026-07-06,"481,436,996,532",1613x763,p1@640
000630,000630.jpg,2026-03-31,"-6,598,1052,800",1512x2016,p1@640
000639,000639.jpg,2026-02-02,"473,1100,1122,1232",1980x3520,p1@640+p2
000644,000644.jpg,2027-03-11,"363,1980,1116,2194",1980x3520,p1@640+p2
000647,000647.jpg,2026-08-19,"588,1006,1100,1172",1980x3520,p1@640
000651,000651.jpg,2026-06-25,"266,1076,1144,1223",1430x2542,p1@640+p2
000663,000663.jpg,2026-02-10,"232,1030,1039,1157",1177x2092,p1@640
000668,000668.jpg,2026-04-30,"306,1154,973,1405",1252x2225,p1@640+p2
000681,000681.jpg,2026-01-09,"95,1228,1148,1391",1364x2425,p1@640+p2
000688,000688.jpg,2025-11-10,"21,1544,1180,1718",1846x3283,p1@640+p2
000690,000690.jpg,2025-10-11,"213,992,1042,1147",1298x2308,p1@640
000693,000693.jpg,2026-09-01,"247,1231,1375,1577",1617x2875,p1@640
000695,000695.jpg,2027-09-09,"167,1032,1036,1185",1308x2326,p1@640
000696,000696.jpg,2025-10-28,"315,995,1079,1192",1317x2341,p1@640+p2
000698,000698.jpg,NONE-10-12,"261,804,936,1018",1286x2286,p1@640
000707,000707.jpg,2026-08-19,"259,1095,887,1250",1243x2210,p1@640+p2
000712,000712.jpg,2025-11-20,"224,826,810,941",1152x2049,p1@640+p2
000713,000713.jpg,2025-10-23,"287,1144,881,1254",1415x2516,p1@640+p2
000714,000714.jpg,2026-03-12,"-6,1098,951,1231",1108x1969,p1@640
000728,000728.jpg,2026-06-24,"76,1012,841,1183",1138x2024,p1@640+p2
000729,000729.jpg,2026-01-07,"140,740,849,911",1233x2192,p1@640+p2
000736,000736.jpg,2026-12-17,"441,1266,898,1427",1512x2016,p1@640+p2
000740,000740.jpg,2026-07-23,"542,806,939,895",1512x2016,p1@640+p2
000749,000749.jpg,2026-01-21,"314,1205,1994,1474",2151x2868,p1@640
000750,000750.jpg,2026-01-06,"425,898,1219,1036",1512x2016,p1@640
000755,000755.jpg,2026-04-30,"693,1661,1199,1793",1980x3520,p1@640+p2
000782,000782.jpeg,NONE-12-19,"573,907,873,1008",1512x2016,p1@640
000787,000787.jpeg,2026-04-09,"435,1172,1065,1254",1512x2016,p1@640+p2
000792,000792.jpeg,2026-04-05,"290,1008,693,1090",1512x2016,p1@640
000799,000799.jpeg,NONE-12-20,"526,954,939,1074",1512x2016,p1@640+p2
000803,000803.jpeg,2026-09-13,"567,1090,926,1191",1512x2016,p1@640+p2
000811,000811.jpeg,2026-03-31,"551,1036,986,1150",1512x2016,p1@640+p2
000813,000813.jpeg,2026-08-24,"19,1021,1140,1121",1512x2016,p1@640+p2
000814,000814.jpeg,2026-06-22,"-16,932,1106,1194",1512x2016,p1@640
000827,000827.jpeg,2026-08-09,"419,942,920,1128",1512x2016,p1@640
000829,000829.jpeg,2026-03-20,"520,995,1109,1128",1512x2016,p1@640+p2
000839,000839.jpeg,2026-01-03,"22,847,973,1118",1512x2016,p1@640+p2
000850,000850.jpeg,2026-08-09,"617,895,983,976",1512x2016,p1@640+p2
000855,000855.jpeg,2026-08-25,"362,756,1556,1235",1512x2016,p1@640
000864,000864.jpg,2023-03-04,"134,753,406,782",859x1145,p1@640+p2
000869,000869.jpg,2021-09-15,"-2,340,902,446",1008x756,p1@640
000901,000901.jpg,2021-11-01,"629,646,831,730",1316x987,p1@640
000908,000908.jpg,2022-01-NONE,"257,328,364,362",640x640,p1@640
000922,000922.jpg,2022-02-26,"3,409,579,613",640x640,p1@640+p2
000924,000924.jpg,NONE-02-02,"214,308,462,336",756x1008,p1@1024
000925,000925.jpg,NONE-02-02,"153,205,391,249",640x640,p1@640
000956,000956.jpg,2022-01-25,"198,271,401,361",640x640,p1@640
000962,000962.jpg,2023-10-21,"241,182,388,247",640x640,p1@640
000970,000970.jpg,2022-06-30,"277,411,383,431",640x640,p1@640+p2
000980,000980.jpg,2021-06-14,"264,304,442,328",640x640,p1@640
000987,000987.jpg,2021-12-28,"144,847,397,878",987x1316,mon@1024
001011,001011.jpg,2021-08-09,"1,325,419,505",640x640,p1@640
001030,001030.jpg,2022-10-NONE,"0,298,521,354",756x1008,p1@640
001033,001033.jpg,2019-07-16,"90,444,200,484",640x640,p1@640
001037,001037.jpg,2021-03-18,"68,142,514,204",564x948,p1@640
001057,001057.jpg,2022-05-27,"184,288,464,322",640x640,p1@640+p2
001062,001062.jpg,2022-07-04,"202,256,419,362",640x640,p1@640+p2
001072,001072.jpg,2023-09-18,"2,91,1035,567",1008x756,p1@640+p2
001077,001077.jpg,2021-07-31,"148,329,300,403",640x640,p1@640
001099,001099.jpg,2021-03-18,"41,246,477,309",640x640,p1@640+p2
001112,001112.jpg,2022-07-12,"210,399,341,425",640x640,p1@640
001118,001118.jpg,2022-01-20,"288,432,426,463",640x640,p1@640+p2
001123,001123.jpg,2021-10-09,"227,798,522,843",908x1210,p1@640+p2
001168,001168.jpg,2021-08-31,"291,430,436,467",970x705,p1@640
001170,001170.jpg,2022-01-18,"-12,348,737,536",1062x796,p1@640
001187,001187.jpg,2020-04-23,"263,368,469,392",644x532,p1@640
001202,001202.jpg,2022-07-16,"260,362,370,388",640x640,p1@640+p2
001235,001235.jpg,2020-09-26,"-3,523,837,596",930x722,p1@640
001237,001237.jpg,NONE-01-28,"-4,138,385,261",640x640,p1@640
001242,001242.jpg,2022-06-13,"211,449,331,491",640x640,p1@640
001254,001254.jpg,2019-09-13,"132,228,465,276",992x886,p1@640+p2
001260,001260.jpg,2021-08-30,"213,441,511,469",640x640,p1@640+p2
001275,001275.jpg,2021-11-07,"423,970,748,1020",1083x1443,p1@1024
001287,001287.jpg,2023-10-01,"445,836,637,877",983x1311,p1@640
001291,001291.jpg,2022-11-05,"251,830,536,869",948x1264,p1@1024
001300,001300.jpg,2021-07-28,"159,278,349,337",640x640,p1@640+p2
001319,001319.jpg,2021-11-22,"-7,276,1235,553",1389x907,p1@640
001322,001322.jpg,2022-02-15,"-5,196,515,251",640x640,p1@640+p2
001331,001331.jpg,2021-04-19,"487,789,683,834",906x1208,p1@640+p2
001359,001359.jpg,2020-12-NONE,"110,422,308,454",640x640,p1@640
001365,001365.jpg,2022-11-01,"153,264,668,337",981x1308,p1@640
001386,001386.jpg,2022-04-25,"181,602,402,631",604x928,p1@640+p2
001391,001391.jpg,2021-02-25,"392,498,594,526",1008x756,p1@1024
001397,001397.jpg,2022-11-01,"-2,475,484,504",640x640,p1@640
001411,001411.jpg,2022-09-06,"239,189,576,239",756x1008,p1@640
001415,001415.jpg,2022-04-20,"32,649,365,690",756x1008,p1@640+p2
001417,001417.jpg,2021-11-05,"60,410,349,434",640x640,p1@640+p2
001418,001418.jpg,2021-07-18,"131,330,391,364",637x839,p1@640
001420,001420.jpg,2021-07-01,"235,799,417,830",756x1008,p1@640+p2
001424,001424.jpg,2021-06-22,"225,581,451,610",705x941,p1@640+p2
001429,001429.jpg,2021-01-23,"246,551,504,595",756x1008,p1@640
001432,001432.jpg,2021-09-29,"-55,356,732,958",756x1008,p1@640+p2
001434,001434.jpg,2021-10-04,"241,680,416,728",756x1008,p1@640
001438,001438.jpg,2021-08-29,"182,460,326,492",640x640,p1@640+p2
001448,001448.jpg,2022-07-22,"147,487,382,524",640x640,p1@640+p2
001458,001458.jpg,2022-10-29,"260,646,414,680",685x914,p1@640+p2
001489,001489.jpg,2021-07-12,"236,330,344,358",640x640,p1@640+p2
001501,001501.jpg,2021-09-23,"248,532,389,561",640x640,p1@640+p2
001510,001510.jpg,2023-12-01,"194,919,458,968",972x1296,p1@640+p2
001512,001512.jpg,2018-05-16,"326,767,476,809",767x1023,p1@640+p2
001525,001525.jpg,2021-06-25,"168,402,560,440",640x640,p1@640
001533,001533.jpg,2022-06-21,"206,452,346,484",640x640,p1@640+p2
001538,001538.jpg,2022-01-18,"231,640,378,680",823x1097,p1@1024
001568,001568.jpg,2021-03-09,"202,332,441,375",675x983,p1@1024+p2
001569,001569.jpg,2021-11-30,"343,287,614,343",756x1008,p1@640
001570,001570.jpg,2021-11-30,"210,168,521,450",640x640,p1@640
001571,001571.jpg,2021-06-11,"98,690,718,802",711x949,p1@640+p2
001574,001574.jpg,2022-01-06,"170,526,380,570",640x640,p1@640
001588,001588.jpg,2023-01-09,"284,641,421,679",765x1020,p1@640+p2
001622,001622.jpg,2022-01-14,"251,659,449,697",763x1018,p1@640+p2
001623,001623.jpg,2022-01-14,"210,385,376,417",640x640,p1@640+p2
001634,001634.jpg,2021-05-12,"172,516,330,565",640x640,p1@640
001658,001658.jpg,2021-10-20,"234,985,475,1031",717x1134,p1@640+p2
001666,001666.jpg,2021-01-28,"35,240,439,298",640x640,p1@640
001675,001675.jpg,2021-03-15,"281,507,652,558",1023x1364,p1@640
001678,001678.jpg,2021-11-28,"117,298,230,330",640x640,p1@640+p2
001680,001680.jpg,2021-03-16,"8,208,360,248",640x640,p1@640+p2
001693,001693.jpg,2021-07-03,"197,319,418,352",640x640,p1@640
001697,001697.jpg,2022-06-23,"277,392,410,434",640x640,p1@640
001705,001705.jpg,2021-06-04,"127,829,760,918",985x1314,p1@640
001706,001706.jpg,2021-06-04,"76,406,256,436",640x640,p1@640+p2
001734,001734.jpg,2022-01-20,"237,879,533,933",999x1333,p1@640+p2
001737,001737.jpg,2021-02-08,"238,224,354,254",640x640,p1@640
001739,001739.jpg,2022-01-05,"159,197,278,225",640x640,p1@640+p2
001743,001743.jpg,2021-10-26,"104,118,238,162",640x640,p1@640
001760,001760.jpg,2021-04-24,"163,457,325,500",640x640,p1@640
001784,001784.jpg,2021-06-13,"268,365,391,402",640x640,p1@640+p2
001794,001794.jpg,2021-11-07,"47,195,547,275",640x640,p1@640
001815,001815.jpg,2022-06-07,"134,474,252,528",640x640,p1@640
001835,001835.jpg,2022-07-12,"148,216,544,254",640x640,p1@640
001840,001840.jpg,2021-09-30,"338,852,546,901",979x1305,p1@640+p2
001842,001842.jpg,2021-05-NONE,"392,388,594,434",913x1218,p1@640
001866,001866.jpg,2021-09-17,"235,295,383,338",640x640,p1@640
001873,001873.jpg,2022-10-14,"67,395,472,441",640x640,p1@640
001918,001918.jpg,2021-05-25,"119,272,282,325",640x640,p1@640
001929,001929.jpg,2022-01-14,"230,285,370,332",640x640,p1@640
001939,001939.jpg,2021-03-14,"189,143,576,201",1236x927,p1@640
001979,001979.jpg,2020-11-04,"238,384,496,453",640x640,p1@640+p2
001980,001980.jpg,2022-10-15,"337,927,781,974",1133x1510,p1@640+p2
002006,002006.jpg,2022-07-27,"262,216,382,254",640x640,p1@640
002012,002012.jpg,2020-06-30,"280,263,410,292",640x640,p1@640+p2
002034,002034.jpg,2017-12-20,"302,131,429,164",775x793,p1@640
002036,002036.jpg,2020-08-22,"178,318,426,352",601x633,p1@640+p2
002037,002037.jpg,2020-08-22,"183,306,454,369",640x640,p1@640+p2
002041,002041.jpg,2020-08-27,"247,599,426,653",641x873,p1@640
002057,002057.jpg,2021-12-17,"234,294,440,328",640x640,p1@640
002075,002075.jpg,2020-05-28,"263,323,351,359",640x640,p1@640
002076,002076.jpg,2022-03-04,"140,781,445,834",644x1121,p1@640+p2
002101,002101.jpg,2021-09-17,"245,445,395,487",640x640,p1@640
002105,002105.jpg,2021-01-28,"176,169,633,402",640x640,p1@640+p2
002109,002109.jpg,2022-02-24,"69,225,621,671",656x1015,p1@1024+p2
002110,002110.jpg,2022-02-24,"97,391,446,447",640x640,p1@640
002121,002121.jpg,2020-07-20,"192,152,546,214",640x640,p1@640
002133,002133.jpg,2021-10-04,"192,156,383,238",640x640,p1@640
002143,002143.jpg,2021-02-08,"167,340,472,430",756x1008,p1@640
002146,002146.jpg,2022-07-26,"256,380,612,805",842x1122,p1@640
002151,002151.jpg,2022-11-09,"201,411,397,453",658x889,p1@1024
002167,002167.jpg,2021-05-28,"371,439,555,500",1012x1350,p1@640
002177,002177.jpg,2021-02-11,"213,291,342,328",640x640,p1@640
002206,002206.jpg,2021-03-05,"267,451,437,515",640x640,p1@640
002231,002231.jpg,2022-07-21,"243,377,366,416",640x640,p1@640
002258,002258.jpg,2022-01-24,"147,784,959,1103",939x1252,p2
002262,002262.jpg,2022-01-11,"143,382,341,426",640x640,p1@640
002279,002279.jpg,2021-01-03,"99,388,850,1078",1077x1435,p1@640+p2
002281,002281.jpg,2022-07-NONE,"638,1058,802,1121",1007x1343,p1@640
002282,002282.jpg,2022-07-NONE,"427,534,535,580",640x640,p1@640
002296,002296.jpg,2022-06-06,"416,443,715,511",1086x1448,p1@640+p2
002301,002301.jpg,2022-01-31,"226,464,373,497",640x640,p1@640+p2
002339,002339.jpg,2021-12-28,"354,808,611,879",756x1008,p1@640
002347,002347.jpg,2021-10-04,"321,379,550,437",775x1033,p1@640
002349,002349.jpg,2019-09-11,"42,758,811,843",999x1131,p1@640
002350,002350.jpg,2019-09-11,"43,355,550,466",640x640,p1@640
002366,002366.jpg,2020-10-01,"165,128,366,178",574x845,p1@640
002380,002380.jpg,2022-10-20,"161,171,487,217",640x640,p1@640
002406,002406.jpg,2021-11-01,"203,391,359,452",640x640,p1@640
002415,002415.jpg,2021-11-01,"292,426,519,477",640x640,p1@640+p2
002421,002421.jpg,2020-10-23,"185,202,447,257",640x640,p1@640
002448,002448.jpg,2021-02-04,"290,245,537,275",640x640,p1@640+p2
002459,002459.jpg,2021-11-30,"106,699,866,854",1028x1274,p1@640+p2
002469,002469.jpg,2023-06-22,"365,641,539,681",947x1263,p1@640
002473,002473.jpg,2021-03-16,"768,755,1421,851",1536x2048,p1@640
002498,002498.jpg,2021-05-07,"165,297,1283,755",1303x977,p1@640+p2
002506,002506.jpg,2021-08-08,"266,270,665,318",899x1198,p1@640+p2
002517,002517.jpg,2022-07-20,"234,257,391,294",640x640,p1@640+p2
002529,002529.jpg,2021-10-19,"206,495,387,553",640x640,p1@640
002531,002531.jpg,2022-01-19,"190,464,366,490",640x640,p1@640+p2
002573,002573.jpg,2021-12-29,"180,423,420,475",640x640,p1@640+p2
002577,002577.jpg,2020-02-18,"362,198,450,226",640x640,p1@640+p2
002587,002587.jpg,NONE-12-22,"213,511,399,572",640x640,p1@640
002595,002595.jpg,2022-08-05,"293,422,403,451",640x640,p1@640
002607,002607.jpg,2022-04-02,"213,258,362,285",640x640,p1@640
002608,002608.jpg,2022-01-17,"512,851,909,928",1536x2048,p1@640+p2
002614,002614.jpg,2023-04-NONE,"229,260,492,291",640x640,p1@640
002615,002615.jpg,2022-12-21,"296,949,684,1014",1077x1436,p1@640+p2
002651,002651.jpg,2021-08-18,"471,920,689,971",1009x1345,p1@640+p2
002692,002692.jpg,2021-03-10,"397,515,543,551",640x640,p1@640
002746,002746.jpg,2022-01-08,"193,341,538,390",808x1125,p1@640+p2
002748,002748.jpg,2022-11-12,"28,349,1009,500",1386x879,p1@640+p2
002762,002762.jpg,2023-06-01,"26,276,382,308",640x640,p1@640
002802,002802.jpg,2021-09-29,"263,265,422,310",640x640,p1@640
002825,002825.jpg,2022-11-08,"208,204,356,245",640x640,p1@640
002832,002832.jpg,2021-08-30,"289,680,465,707",830x1107,p1@640
002834,002834.jpg,2021-06-30,"273,651,412,681",725x967,p1@640+p2
002838,002838.jpg,2022-08-02,"163,457,478,537",640x640,p1@640
002849,002849.jpg,2021-08-15,"325,886,489,946",962x1283,p1@640
002858,002858.jpg,2023-06-02,"160,390,294,414",640x640,p1@640+p2
002869,002869.jpg,2021-08-04,"76,114,639,228",640x640,p1@640
002871,002871.jpg,2021-02-25,"248,171,395,195",640x640,p1@640
002874,002874.jpg,2021-04-11,"257,840,449,879",937x1248,p1@640+p2
002875,002875.jpg,2021-04-11,"189,420,324,456",640x640,p1@640
002878,002878.jpg,2021-06-21,"225,379,404,436",1011x1348,p1@640
002901,002901.jpg,2022-08-03,"271,245,397,286",640x640,p1@640+p2
002903,002903.jpg,2020-07-22,"245,355,595,527",640x640,p1@640
002929,002929.jpg,2022-09-27,"311,575,533,616",989x1318,p1@640+p2
002930,002930.jpg,2022-09-27,"214,265,355,296",640x640,p1@640
002951,002951.jpg,2021-04-30,"386,380,486,408",640x640,p1@640
002953,002953.jpg,2020-05-28,"360,848,525,901",901x1201,p1@640+p2
002954,002954.jpg,2021-02-28,"363,367,757,509",924x1086,p1@640+p2
002955,002955.jpg,2022-11-04,"220,1748,414,1808",1449x1932,p1@640+p2
002964,002964.jpg,2022-09-03,"122,377,506,431",815x1087,p1@640
002970,002970.jpg,2022-11-14,"634,1270,982,1370",1536x2048,p1@640
002984,002984.jpg,2021-05-01,"257,720,435,767",856x1141,p1@640+p2
002997,002997.jpg,2022-10-15,"208,188,384,224",640x640,p1@640
003003,003003.jpg,2022-11-26,"168,326,396,369",792x1055,p1@640+p2
003028,003028.jpg,2021-09-28,"240,468,494,520",640x640,p1@640
003050,003050.jpg,2021-02-16,"270,202,451,256",640x640,p1@640
003066,003066.jpg,2021-11-12,"206,304,369,357",640x640,p1@640
003070,003070.jpg,2020-08-09,"193,387,622,473",640x640,p1@640
003079,003079.jpg,2021-11-01,"340,671,567,721",756x1008,p1@640+p2
003088,003088.jpg,2021-06-30,"357,301,501,337",640x640,p1@640+p2
003113,003113.jpg,2021-03-28,"249,404,430,452",640x640,p1@640
003116,003116.jpg,2021-12-29,"98,625,352,663",574x766,p1@640+p2
003129,003129.jpg,2022-08-25,"221,420,322,463",640x640,p1@640
003137,003137.jpg,2022-11-09,"152,541,618,655",640x640,p1@640
003150,003150.jpg,2021-12-10,"267,750,438,785",935x1246,p1@640+p2
003152,003152.jpg,2021-06-30,"275,721,482,784",867x1157,p1@1024
003177,003177.jpg,2021-03-25,"276,847,518,897",987x1316,p1@640+p2
003188,003188.jpg,2022-01-17,"196,291,613,499",640x640,p1@640+p2
003204,003204.jpg,2023-06-26,"306,393,612,446",907x1209,p1@640
003226,003226.jpg,2022-01-29,"334,1232,1052,1331",1486x1981,p1@640
003232,003232.jpg,2021-09-21,"544,653,864,749",1536x2048,p1@640
003238,003238.jpg,2021-10-16,"423,1033,684,1079",1230x1640,p1@640+p2
003246,003246.jpg,2021-08-15,"183,369,1676,842",1653x1240,p1@640
003248,003248.jpg,2023-01-17,"242,399,405,467",640x640,p1@640
003285,003285.jpg,2021-08-06,"93,1120,1284,1301",1354x1806,p1@640
003291,003291.jpg,2022-12-22,"194,376,413,413",640x640,p1@640+p2
003295,003295.jpg,2021-11-26,"973,482,1635,539",2016x1511,p1@640+p2
003309,003309.jpg,2020-08-29,"-16,1025,989,1265",1572x2096,mon@1024
003313,003313.jpg,2021-07-05,"219,1206,771,1270",1385x1847,p1@640
003320,003320.jpg,2021-09-02,"371,565,517,635",640x640,p1@640
003328,003328.jpg,2021-12-26,"519,1283,1032,1358",1501x2002,p1@640+p2
3345,3345.jpeg,2026-08-19,"614,929,828,992",1512x2016,p2
3347,3347.jpeg,2027-09-01,"621,1206,904,1408",1512x2016,p1@640
