image_id,block,원라벨러,원라벨,원raw,원tags,예측,판정,새라벨,새raw,새tags,검수자,ts,비고
000004,14,서영,2022-02-14,2022.02.14 b,b,2027-02-14,맞음,,,,서현,2026-09-27T10:27:48,
000022,11,승아,2025-10-14,25.10.14,,NONE-01-20,맞음,,,,서현,2026-09-27T10:28:02,
000024,6,승아,2025-10-11,25.10.11,,NONE,맞음,,,,서현,2026-09-27T10:28:08,
000032,13,민섭,2026-03-22,2026.03.22,,2026-03-21,맞음,,,,서현,2026-09-27T10:28:12,
000042,11,승아,2025-10-12,2025.10.12,,2025-10-02,맞음,,,,서현,2026-09-27T10:28:18,
000047,14,서영,2027-04-14,2027.04.14,,2027-04-04,맞음,,,,서현,2026-09-27T10:28:22,
000056,12,서영,2026-07-11,2026.07.11 2,2,2026-12-07,맞음,,,,서현,2026-09-27T10:28:30,
000067,15,서현,2025-12-19,2025.12.19,,NONE,맞음,,,,서현,2026-09-27T10:28:34,
000085,10,병철,2026-03-30,2026.03.30,,2026-09-30,맞음,,,,서현,2026-09-27T10:28:37,
000106,10,병철,NONE-10-20,10.20,,NONE,맞음,,,,서현,2026-09-27T10:28:49,
000118,15,서현,2026-03-23,2026.03.23,,2026-05-25,맞음,,,,서현,2026-09-27T10:28:56,
000157,9,서영,2027-07-08,08/07/2027 t,t,NONE,맞음,,,,서현,2026-09-27T10:29:06,
000160,14,서영,2026-10-27,2026/10/27 2,2,2025-04-02,맞음,,,,서현,2026-09-27T10:29:09,
000166,7,서현,2027-08-18,2027.08.18,,2027-08-NONE,맞음,,,,서현,2026-09-27T10:29:15,
000184,6,승아,2027-11-19,19 11 2027,,2027-11-01,맞음,,,,서현,2026-09-27T10:29:21,
000191,15,서현,2026-06-15,2026.06.15,,NONE,맞음,,,,서현,2026-09-27T10:29:25,
000192,12,서영,2026-06-24,2026.06.24,,2024-06-01,맞음,,,,서현,2026-09-27T10:29:28,
000198,10,병철,2026-05-08,2026.05.08,,2022-12-15,맞음,,,,서현,2026-09-27T10:29:31,
000200,6,승아,2027-07-14,2027.07.14,,2021-07-NONE,맞음,,,,서현,2026-09-27T10:29:34,
000203,8,민섭,2026-07-01,2026.07.01,,2026-07-08,맞음,,,,서현,2026-09-27T10:29:36,
000211,14,서영,2026-02-12,2026.02.12,,2026-06-02,맞음,,,,서현,2026-09-27T10:29:38,
000216,11,승아,2026-03-16,2026.03.16,,2026-03-01,맞음,,,,서현,2026-09-27T10:29:42,
000229,6,승아,2025-10-28,2025.10.28,,2022-10-11,맞음,,,,서현,2026-09-27T10:29:45,
000232,14,서영,2027-11-26,2027.11.26 e,e,NONE,맞음,,,,서현,2026-09-27T10:29:54,
000233,15,서현,2028-01-13,20280113,,2021-01-22,맞음,,,,서현,2026-09-27T10:30:06,
000242,14,서영,2026-05-21,2026.05.21 2,2,2025-09-22,맞음,,,,서현,2026-09-27T10:31:16,
000263,14,서영,2028-01-22,2028.01.22,,NONE,맞음,,,,서현,2026-09-27T10:31:26,
000264,14,서영,2026-06-06,26.06.06,,NONE,맞음,,,,서현,2026-09-27T10:31:31,
000266,9,서영,2025-12-04,2025.12.04 b,b,NONE,맞음,,,,서현,2026-09-27T10:31:36,
000294,15,서현,2026-09-08,2026.09.08 2,2,2026-09-09,맞음,,,,서현,2026-09-27T10:32:45,
000360,15,서현,2026-02-18,26.02.18 2,2,NONE,맞음,,,,서현,2026-09-27T10:33:05,
000361,13,민섭,2026-12-19,2026.12.19,,2026-12-12,맞음,,,,서현,2026-09-27T10:33:10,
000370,15,서현,2026-09-02,2026.09.02,,2025-09-02,맞음,,,,서현,2026-09-27T10:33:14,
000373,14,서영,2026-09-18,2026.09.18,,NONE,맞음,,,,서현,2026-09-27T10:33:19,
000384,13,민섭,2026-09-08,2026.09.08 2,2,2026-07-08,수정,2026-07-08,2026.07.08,2l,서현,2026-09-27T10:33:50,
000386,7,서현,2026-06-10,2026.06.10 2,2,2026-11-06,맞음,,,,서현,2026-09-27T10:34:00,
000390,15,서현,2026-05-19,2026.05.19,,2021-03-23,맞음,,,,서현,2026-09-27T10:34:06,
000405,14,서영,2027-10-15,2027.10.15,,2020-07-01,맞음,,,,서현,2026-09-27T10:34:10,
000406,11,승아,2026-08-27,2026.08.27 2,2,NONE,맞음,,,,서현,2026-09-27T10:34:18,
000416,7,서현,2026-04-07,2026.04.07,,2026-07-01,맞음,,,,서현,2026-09-27T10:34:22,
000423,12,서영,2026-06-04,2026.06.04 b,b,2026-06-02,맞음,,,,서현,2026-09-27T10:34:27,
000437,14,서영,2025-11-19,25.11.19,,NONE,맞음,,,,서현,2026-09-27T10:34:30,
000438,9,서영,2026-02-19,2026.02.19 t,t,NONE,맞음,,,,서현,2026-09-27T10:34:36,
000440,6,승아,2026-08-13,26.08.13 2,2,NONE,맞음,,,,서현,2026-09-27T10:34:42,
000452,11,승아,2026-03-25,2026.03.25 2,2,NONE,맞음,,,,서현,2026-09-27T10:34:46,
000453,14,서영,2026-01-26,26.01.26 2,2,2025-08-27,맞음,,,,서현,2026-09-27T10:34:54,
000459,10,병철,2026-01-19,2026.01.19,,NONE-01-19,맞음,,,,서현,2026-09-27T10:35:47,
000464,6,승아,2026-03-19,2026.03.19,,2026-05-19,맞음,,,,서현,2026-09-27T10:35:53,
000466,12,서영,2027-06-07,2027.06.07 t,t,2027-06-17,맞음,,,,서현,2026-09-27T10:36:01,
000468,12,서영,2026-04-06,06 04 2026 ?,?,NONE,맞음,,,,서현,2026-09-27T10:36:57,
000473,13,민섭,2026-05-21,2026.05.21,,NONE,맞음,,,,서현,2026-09-27T10:37:03,
000474,12,서영,2026-06-26,26.06.26,,2026-06-06,맞음,,,,서현,2026-09-27T10:37:07,
000478,12,서영,2026-06-11,26.06.11,,NONE,맞음,,,,서현,2026-09-27T10:37:10,
000480,13,민섭,2026-06-04,2026.06.04,,2026-07-21,맞음,,,,서현,2026-09-27T10:37:15,
000482,9,서영,2026-11-14,2026.11.14 b,b,2025-01-02,맞음,,,,서현,2026-09-27T10:37:21,
000485,13,민섭,2027-09-17,2027-09-17,,NONE,맞음,,,,서현,2026-09-27T10:37:55,
000495,13,민섭,2026-02-19,2026.02.19 2,2,2028-08-09,맞음,,,,서현,2026-09-27T10:38:01,
000497,9,서영,2026-08-31,26.08.31,,NONE,맞음,,,,서현,2026-09-27T10:38:05,
000503,7,서현,2026-02-18,26.02.18,,2026-02-10,맞음,,,,서현,2026-09-27T10:38:11,
000505,15,서현,2026-03-02,26.03.02,,NONE,맞음,,,,서현,2026-09-27T10:38:15,
000506,10,병철,2026-06-18,2026.06.18  2,2,2026-06-11,맞음,,,,서현,2026-09-27T10:38:21,
000522,12,서영,2026-02-21,26.02.21 2,2,NONE,맞음,,,,서현,2026-09-27T10:38:24,
000527,6,승아,2025-10-12,2025.10.12,,NONE,맞음,,,,서현,2026-09-27T10:38:27,
000530,11,승아,2026-06-24,2026.06.24,,2030-12-14,맞음,,,,서현,2026-09-27T10:38:33,
000539,8,민섭,2027-08-11,\2027.08.11,,NONE,맞음,,,,서현,2026-09-27T10:38:46,
000553,15,서현,2028-10-24,2028.10.24,,2022-10-24,맞음,,,,서현,2026-09-27T10:38:49,
000571,14,서영,NONE-10-18,10.18,,2024-11-18,맞음,,,,서현,2026-09-27T10:38:54,
000575,15,서현,NONE-10-14,10.14,,NONE,맞음,,,,서현,2026-09-27T10:38:57,
000582,11,승아,2025-11-21,2025.11.21,,2025-01-21,맞음,,,,서현,2026-09-27T10:39:01,
000583,15,서현,2025-11-23,25.11.23,,2025-11-NONE,맞음,,,,서현,2026-09-27T10:39:11,
000585,12,서영,2026-05-16,2026.05.16,,2020-02-02,맞음,,,,서현,2026-09-27T10:39:14,
000587,12,서영,2026-02-07,2026.02.07,,2026-02-17,맞음,,,,서현,2026-09-27T10:39:19,
000592,11,승아,2025-03-25,25/03/2025 2,2,2023-03-26,맞음,,,,서현,2026-09-27T10:39:29,
000596,13,민섭,2026-08-13,2026.08.13,,2025-08-14,맞음,,,,서현,2026-09-27T10:40:30,
000602,14,서영,2026-09-22,2026.09.22 2,2,2025-09-20,맞음,,,,서현,2026-09-27T10:40:34,
000603,11,승아,2026-09-24,26.09.24,,NONE,맞음,,,,서현,2026-09-27T10:40:40,
000604,7,서현,2026-09-15,2026.09.15,,NONE,맞음,,,,서현,2026-09-27T10:40:43,
000627,15,서현,2026-10-06,2026.10.06 2,2,NONE,맞음,,,,서현,2026-09-27T10:40:47,
000642,13,민섭,2026-09-01,2026.09.01,,2025-03-01,맞음,,,,서현,2026-09-27T10:41:00,
000648,7,서현,2028-08-25,2028/08/25,,NONE,맞음,,,,서현,2026-09-27T10:41:05,
000649,13,민섭,2027-04-07,2027.04.07,,2021-01-21,맞음,,,,서현,2026-09-27T10:41:07,
000675,11,승아,NONE,?,?,2028-06-03,수정,2028-06-03,03-06-2028,?l,서현,2026-09-27T10:41:21,
000686,10,병철,2026-10-12,2026.10.12  2,2,2025-10-12,맞음,,,,서현,2026-09-27T10:41:33,
000699,12,서영,2025-10-27,2025.10.27 b,b,NONE,맞음,,,,서현,2026-09-27T10:41:36,
000722,13,민섭,2026-08-04,26.08.04,,2026-10-19,맞음,,,,서현,2026-09-27T10:41:42,
000723,15,서현,2026-05-10,26.05.10,,NONE,맞음,,,,서현,2026-09-27T10:41:45,
000732,12,서영,2026-03-16,2026.03.16,,2026-03-15,맞음,,,,서현,2026-09-27T10:41:47,
000764,14,서영,2026-03-12,2026.03.12,,NONE,맞음,,,,서현,2026-09-27T10:41:50,
000765,11,승아,2025-11-21,2025.11.21,,NONE,맞음,,,,서현,2026-09-27T10:41:53,
000767,9,서영,2026-03-12,2026.03.12 b,b,2026-03-NONE,맞음,,,,서현,2026-09-27T10:41:57,
000770,11,승아,2030-04-NONE,04/2030,,NONE,맞음,,,,서현,2026-09-27T10:42:28,
000771,15,서현,2019-11-26,19.11.26,,NONE-12-31,맞음,,,,서현,2026-09-27T10:42:35,
000772,7,서현,NONE-12-20,12.20,,NONE,맞음,,,,서현,2026-09-27T10:42:39,
000795,11,승아,2026-07-14,14 07 2026 2,2,NONE,맞음,,,,서현,2026-09-27T10:42:43,
000796,11,승아,2026-07-14,14 07 2026 2,2,NONE,맞음,,,,서현,2026-09-27T10:42:45,
000798,12,서영,NONE-12-20,12.20,,2024-02-24,맞음,,,,서현,2026-09-27T10:42:48,
000817,7,서현,2026-12-NONE,12.2026,,NONE,맞음,,,,서현,2026-09-27T10:42:51,
000818,9,서영,2026-05-12,MAY 12 2026,,NONE,맞음,,,,서현,2026-09-27T10:42:56,
000832,12,서영,2026-07-16,16.07.2026 b,b,2025-07-15,맞음,,,,서현,2026-09-27T10:43:00,
000840,14,서영,2026-01-01,26.01.01,,NONE-12-12,맞음,,,,서현,2026-09-27T10:43:03,
000848,9,서영,2026-05-21,21 05 2026,,2021-05-20,맞음,,,,서현,2026-09-27T10:43:10,
000859,15,서현,2021-10-28,2021/10/28,,NONE,맞음,,,,서현,2026-09-27T10:43:17,
000863,14,서영,2021-10-22,22.10.2021 2,2,2020-10-NONE,맞음,,,,서현,2026-09-27T10:43:20,
000867,15,서현,2021-10-23,23 10 2021 2,2,NONE,맞음,,,,서현,2026-09-27T10:43:26,
000868,6,승아,2021-10-23,23 10 2021,,NONE,맞음,,,,서현,2026-09-27T10:43:27,
000877,14,서영,2023-04-03,03/04/23 d,d,NONE,맞음,,,,서현,2026-09-27T10:43:31,
000878,12,서영,2023-04-03,03/04/23 t,t,NONE,맞음,,,,서현,2026-09-27T10:43:34,
000883,12,서영,2021-07-03,2021.07.03,,2021-01-04,맞음,,,,서현,2026-09-27T10:44:10,
000884,14,서영,2021-07-03,2021.07.03 2,2,NONE,맞음,,,,서현,2026-09-27T10:44:13,
000885,14,서영,2021-07-09,2021.07.09,,2020-01-10,맞음,,,,서현,2026-09-27T10:44:17,
000886,9,서영,2021-07-09,2021.07.09,,2020-01-10,맞음,,,,서현,2026-09-27T10:44:19,
000904,13,민섭,2021-08-31,31-08-2021,,2021-08-22,맞음,,,,서현,2026-09-27T10:44:22,
000906,9,서영,2022-01-NONE,01.2022,,2022-10-15,맞음,,,,서현,2026-09-27T10:44:26,
000916,12,서영,2022-06-06,2022.06.06,,NONE,맞음,,,,서현,2026-09-27T10:44:29,
000918,14,서영,2021-09-17,2021.09.17,,2020-04-20,맞음,,,,서현,2026-09-27T10:44:31,
000923,13,민섭,NONE-02-01,02.01,,2020-01-02,맞음,,,,서현,2026-09-27T10:44:33,
000924,9,서영,NONE-02-02,02.02,,2018-02-02,맞음,,,,서현,2026-09-27T10:44:39,
000933,8,민섭,2021-05-26,2021.05.26,,NONE,맞음,,,,서현,2026-09-27T10:44:41,
000934,15,서현,2021-02-10,21.02.10 2,2,2021-01-25,맞음,,,,서현,2026-09-27T10:44:45,
000940,13,민섭,2021-10-28,2021/10/28,,NONE,맞음,,,,서현,2026-09-27T10:44:49,
000953,15,서현,2021-02-05,21.02.05 2,2,2021-02-07,맞음,,,,서현,2026-09-27T10:44:57,
000955,12,서영,2022-01-25,22.01.25,,2022-01-03,맞음,,,,서현,2026-09-27T10:44:59,
000957,12,서영,2021-02-22,21.02.22 2,2,2021-01-29,맞음,,,,서현,2026-09-27T10:45:03,
000965,6,승아,2020-07-24,24.07.2020 2,2,2023-07-20,수정,2021-07-23,23.07.2021,2l,서현,2026-09-27T10:45:58,
000968,6,승아,2022-10-17,2022.10.17,,2022-10-NONE,맞음,,,,서현,2026-09-27T10:46:05,
000973,13,민섭,2022-12-02,02/12/22,,NONE,맞음,,,,서현,2026-09-27T10:46:09,
000977,14,서영,2021-11-03,03 11 2021,,2020-11-03,맞음,,,,서현,2026-09-27T10:46:16,
000978,12,서영,2021-03-11,03112021,,2022-02-29,맞음,,,,서현,2026-09-27T10:49:26,
000982,12,서영,2022-02-15,15FEB22 t,t,NONE,맞음,,,,서현,2026-09-27T10:49:35,
000989,14,서영,2020-07-21,20/07/21,,NONE,맞음,,,,서현,2026-09-27T10:49:37,
000990,15,서현,2020-07-21,20/07/21,,NONE,맞음,,,,서현,2026-09-27T10:49:38,
000991,11,승아,2021-03-04,MAR 04 2021,,NONE,맞음,,,,서현,2026-09-27T10:49:43,
000993,13,민섭,NONE-02-18,02.18,,NONE,맞음,,,,서현,2026-09-27T10:49:46,
000994,6,승아,NONE-02-18,02.18,,NONE,맞음,,,,서현,2026-09-27T10:49:48,
000995,15,서현,NONE-02-18,02.18,,NONE,맞음,,,,서현,2026-09-27T10:49:50,
000996,12,서영,NONE-02-19,02.19,,NONE,맞음,,,,서현,2026-09-27T10:49:52,
000997,15,서현,NONE-02-19,02.19,,NONE,맞음,,,,서현,2026-09-27T10:49:53,
001002,12,서영,2022-08-24,2022. 08 24 b,b,2022-08-NONE,맞음,,,,서현,2026-09-27T10:50:00,
001004,12,서영,2020-08-10,2020.08.10,,NONE,맞음,,,,서현,2026-09-27T10:50:03,
001018,14,서영,2021-05-15,2021.05.15,,NONE,맞음,,,,서현,2026-09-27T10:50:05,
001019,12,서영,2021-05-15,2021.05.15 b,b,NONE,맞음,,,,서현,2026-09-27T10:50:06,
001022,14,서영,2021-06-28,2021.06.28,,NONE,맞음,,,,서현,2026-09-27T10:50:09,
001028,12,서영,2021-07-07,2021.07.07 2,2,2021-08-01,맞음,,,,서현,2026-09-27T10:50:13,
001031,11,승아,2022-10-NONE,10 2022,,2022-10-01,맞음,,,,서현,2026-09-27T10:50:15,
001035,14,서영,2021-10-07,07.10.2021 2,2,2020-07-07,맞음,,,,서현,2026-09-27T10:50:49,
001069,13,민섭,2021-03-15,2021.03.15,,2021-03-10,맞음,,,,서현,2026-09-27T10:50:51,
001076,12,서영,2021-07-31,2021.07.31,,2031-07-21,맞음,,,,서현,2026-09-27T10:50:56,
001084,7,서현,2021-07-09,2021.07.09,,2021-07-01,맞음,,,,서현,2026-09-27T10:50:58,
001094,15,서현,2022-01-12,22.01.12 2,2,2021-01-13,맞음,,,,서현,2026-09-27T10:51:01,
001095,15,서현,2022-01-12,22.01.12 2,2,2021-01-13,맞음,,,,서현,2026-09-27T10:51:03,
001096,12,서영,2021-06-11,2021.06.11 2,2,2021-11-06,맞음,,,,서현,2026-09-27T10:51:05,
001097,11,승아,2021-06-11,2021.06.11 2,2,2021-11-06,맞음,,,,서현,2026-09-27T10:51:08,
001101,14,서영,2021-03-14,2021.03.14 2,2,2021-01-14,맞음,,,,서현,2026-09-27T10:51:12,
001105,14,서영,2021-08-26,2021.08.26 2,2,2020-11-02,맞음,,,,서현,2026-09-27T10:51:14,
001108,14,서영,2021-02-28,21.02.28,,2025-02-28,맞음,,,,서현,2026-09-27T10:51:17,
001116,7,서현,2022-01-12,2022.01.12,,2028-12-01,맞음,,,,서현,2026-09-27T10:51:20,
001119,15,서현,2021-12-26,2021.12.26,,2021-12-16,맞음,,,,서현,2026-09-27T10:51:22,
001120,13,민섭,2021-12-16,2021.12.16,,2021-12-01,맞음,,,,서현,2026-09-27T10:51:25,
001125,12,서영,2021-12-28,2021.12.28 2,2,2021-12-21,맞음,,,,서현,2026-09-27T10:51:29,
001128,7,서현,2021-06-10,21.06.10 2,2,2021-12-10,맞음,,,,서현,2026-09-27T10:51:31,
001129,15,서현,NONE-02-07,02.07,,NONE,맞음,,,,서현,2026-09-27T10:51:34,
001130,13,민섭,NONE-02-12,02.12,,2020-08-07,맞음,,,,서현,2026-09-27T10:51:51,
001136,10,병철,2022-09-24,24/09/2022,,NONE,맞음,,,,서현,2026-09-27T10:52:11,
001143,14,서영,2021-06-26,26 JUN 21 t,t,2021-06-28,맞음,,,,서현,2026-09-27T10:52:13,
001166,13,민섭,2022-01-20,2022.01.20,,NONE,맞음,,,,서현,2026-09-27T10:52:15,
001167,13,민섭,2022-01-20,2022.01.20,,2022-08-02,맞음,,,,서현,2026-09-27T10:52:18,
001177,14,서영,2021-12-01,DEC012021,,NONE,맞음,,,,서현,2026-09-27T10:52:24,
001178,10,병철,2021-12-01,dec012021,,NONE,맞음,,,,서현,2026-09-27T10:52:37,
001185,11,승아,2021-09-28,21.09.28 2,2,2021-09-26,맞음,,,,서현,2026-09-27T10:52:48,
001200,14,서영,2021-10-20,2021.10.20 2,2,2020-10-21,맞음,,,,서현,2026-09-27T10:53:05,
001206,11,승아,2021-05-NONE,05.21,,NONE-05-21,맞음,,,,서현,2026-09-27T10:53:16,
001253,15,서현,2021-08-19,2021.08.19,,2021-08-11,맞음,,,,서현,2026-09-27T10:53:19,
001257,12,서영,2023-07-03,2023/07/03,,NONE,맞음,,,,서현,2026-09-27T10:53:22,
001261,12,서영,2021-03-25,2021.03.25,,NONE,맞음,,,,서현,2026-09-27T10:53:25,
001262,10,병철,2021-03-25,2021.03.25,,NONE,맞음,,,,서현,2026-09-27T10:53:26,
001293,10,병철,2020-09-21,2020/09/21,,2020-09-NONE,맞음,,,,서현,2026-09-27T10:53:30,
001295,12,서영,2021-11-NONE,NOV2021,,2021-12-11,맞음,,,,서현,2026-09-27T10:53:37,
001302,14,서영,2021-11-29,29.11.21 d,d,2029-11-21,맞음,,,,서현,2026-09-27T10:53:49,
001308,14,서영,2022-11-06,06/11/2022,,NONE,맞음,,,,서현,2026-09-27T10:53:53,
001310,12,서영,2021-04-20,20APR21 t b,bt,2021-04-30,수정,2021-04-30,30APR21,blt,서현,2026-09-27T10:54:09,
001313,12,서영,2022-01-15,2022.01.15,,NONE,맞음,,,,서현,2026-09-27T10:54:19,
001318,13,민섭,2022-12-07,07/12/2022 2,2,2020-12-07,맞음,,,,서현,2026-09-27T10:54:23,
001320,14,서영,2021-11-22,22/11/2021,,2028-12-07,맞음,,,,서현,2026-09-27T10:54:50,
001330,15,서현,2021-03-05,2021.03.05,,2022-03-05,맞음,,,,서현,2026-09-27T10:54:53,
001344,12,서영,2021-08-10,AUG 10 2021,,2022-11-02,맞음,,,,서현,2026-09-27T10:54:57,
001348,15,서현,2021-10-31,2021/10/31,,2021-01-10,맞음,,,,서현,2026-09-27T10:54:59,
001357,15,서현,NONE-08-20,08/20,,2022-08-NONE,수정,2022-08-NONE,2022.08 2,2l,서현,2026-09-27T10:55:13,재검토 2026-09-27T11:34:02: EXP:08/22 MFD:08/20 은 월/연도(규칙 문서 5절). 08/22 입력(NONE-08-22)을 2022.08 2 로 정정
001360,15,서현,2021-09-02,02.09.21,,NONE-09-21,맞음,,,,서현,2026-09-27T10:55:45,
001361,15,서현,2021-09-02,02.09.21,,NONE-09-21,맞음,,,,서현,2026-09-27T10:55:47,
001362,12,서영,2021-04-NONE,04.2021,,2021-10-13,맞음,,,,서현,2026-09-27T10:56:58,
001363,15,서현,2021-04-NONE,04.2021,,2021-10-13,맞음,,,,서현,2026-09-27T10:57:01,
001364,12,서영,2021-02-NONE,02 2021,,2018-02-02,맞음,,,,서현,2026-09-27T10:57:05,
001367,7,서현,2021-09-29,29.09.2021 2,2,2021-09-22,맞음,,,,서현,2026-09-27T10:57:29,
001368,12,서영,2021-08-19,2021.08.19,,NONE,맞음,,,,서현,2026-09-27T10:57:33,
001377,14,서영,2021-12-02,2021 12 02,,NONE,맞음,,,,서현,2026-09-27T10:57:47,
001378,15,서현,NONE,N,,2021-01-22,맞음,,,,서현,2026-09-27T10:58:35,
001379,13,민섭,NONE,NONE,,2021-01-22,맞음,,,,서현,2026-09-27T10:58:40,
001383,12,서영,2023-01-05,2023.01.05,,NONE,맞음,,,,서현,2026-09-27T10:58:48,
001385,11,승아,2018-09-NONE,09-2018,,NONE,맞음,,,,서현,2026-09-27T10:58:53,
001387,13,민섭,2021-07-17,17/07/2021,,2021-07-07,맞음,,,,서현,2026-09-27T11:00:44,
001388,6,승아,2021-07-17,17/07/2021,,2021-07-NONE,맞음,,,,서현,2026-09-27T11:00:45,
001391,6,승아,2021-02-25,2021.02.25,,2021-12-01,맞음,,,,서현,2026-09-27T11:00:48,
001394,11,승아,2021-09-01,2021.09.01,,NONE-11-08,맞음,,,,서현,2026-09-27T11:00:50,
001395,15,서현,2021-09-01,2021.09.01,,NONE,맞음,,,,서현,2026-09-27T11:00:51,
001400,11,승아,2022-01-29,2022.01.29,,NONE,맞음,,,,서현,2026-09-27T11:00:54,
001401,12,서영,2022-01-29,2022.01.29,,2022-08-NONE,맞음,,,,서현,2026-09-27T11:00:55,
001403,13,민섭,2020-09-29,2020.09.29,,2020-07-04,맞음,,,,서현,2026-09-27T11:00:58,
001406,12,서영,2021-07-31,21/07/31,,2031-07-21,맞음,,,,서현,2026-09-27T11:01:00,
001407,10,병철,2021-07-31,21/07/31,,2031-07-21,맞음,,,,서현,2026-09-27T11:01:02,
001410,11,승아,2021-05-25,25.05.2021,,2021-05-05,맞음,,,,서현,2026-09-27T11:01:07,
001414,13,민섭,2021-07-23,21.07.23 2,2,2021-07-24,맞음,,,,서현,2026-09-27T11:01:10,
001423,15,서현,2021-11-NONE,NOV 2021,,2021-11-17,맞음,,,,서현,2026-09-27T11:01:13,
001430,14,서영,2021-01-23,2021.01.23,,2021-01-01,맞음,,,,서현,2026-09-27T11:02:48,
001431,7,서현,2021-08-19,19 08 21,,2021-08-01,맞음,,,,서현,2026-09-27T11:02:51,
001435,15,서현,2021-10-04,2021.10.04,,2021-02-18,맞음,,,,서현,2026-09-27T11:02:54,
001452,12,서영,2022-09-13,2022.09.13,,2021-08-07,맞음,,,,서현,2026-09-27T11:02:57,
001465,15,서현,2022-11-18,2022.11.18,,NONE-11-18,맞음,,,,서현,2026-09-27T11:02:59,
001466,11,승아,2020-11-03,2020.11.03,,2020-01-03,맞음,,,,서현,2026-09-27T11:03:03,
001467,8,민섭,2020-11-03,2020.11.03,,2031-01-16,맞음,,,,서현,2026-09-27T11:03:04,
001476,13,민섭,2022-05-10,22.05.10 2,2,2020-11-01,맞음,,,,서현,2026-09-27T11:03:16,
001477,14,서영,2022-05-10,22.05.10 2,2,NONE,맞음,,,,서현,2026-09-27T11:03:19,
001480,11,승아,NONE,NONE,m,2020-12-18,맞음,,,,서현,2026-09-27T11:04:47,
001481,9,서영,NONE-01-31,01.31,,NONE,맞음,,,,서현,2026-09-27T11:04:50,
001487,11,승아,2022-12-08,08.12.2022,,2022-01-08,맞음,,,,서현,2026-09-27T11:04:53,
001494,9,서영,2023-08-17,17/AUG/2023,,NONE,맞음,,,,서현,2026-09-27T11:04:55,
001511,14,서영,2023-12-01,2023.12.01,,NONE-03-22,맞음,,,,서현,2026-09-27T11:04:57,
001520,13,민섭,2021-07-08,2021.07.08,,2021-07-10,맞음,,,,서현,2026-09-27T11:04:59,
001521,14,서영,2021-07-08,2021.07.08,,NONE,맞음,,,,서현,2026-09-27T11:05:00,
001523,11,승아,2021-06-14,2021.06.14 2,2,2021-01-15,맞음,,,,서현,2026-09-27T11:05:03,
001537,13,민섭,2021-02-19,21.02.19 2,2,2021-02-26,맞음,,,,서현,2026-09-27T11:05:05,
001548,11,승아,2022-09-28,28/09/2022 2,2,NONE,맞음,,,,서현,2026-09-27T11:05:09,
001549,15,서현,2022-09-28,28/09/2022,,NONE,맞음,,,,서현,2026-09-27T11:05:10,
001550,15,서현,2021-08-25,2021/08/25,,2021-08-02,맞음,,,,서현,2026-09-27T11:05:13,
001563,14,서영,2020-08-05,20.08.05 2,2,NONE,맞음,,,,서현,2026-09-27T11:05:45,
001564,15,서현,2020-08-05,20.08.05 2,2,NONE,맞음,,,,서현,2026-09-27T11:05:45,
001567,11,승아,2020-04-23,23 APR 2020,,2020-01-15,맞음,,,,서현,2026-09-27T11:05:47,
001575,12,서영,2022-03-27,2022.03.27,,2022-03-22,맞음,,,,서현,2026-09-27T11:05:49,
001598,11,승아,2021-03-07,21 03 07 2,2,2018-02-NONE,맞음,,,,서현,2026-09-27T11:06:00,
001627,14,서영,2021-07-03,2021.07.03,,2022-07-05,맞음,,,,서현,2026-09-27T11:06:01,
001636,14,서영,2021-12-22,2021.12.22 2,2,2023-02-12,맞음,,,,서현,2026-09-27T11:06:03,
001644,15,서현,2021-10-16,16.10.2021,,2021-10-15,맞음,,,,서현,2026-09-27T11:06:06,
001646,7,서현,2021-10-12,2021/10/12,,NONE,맞음,,,,서현,2026-09-27T11:06:09,
001649,12,서영,2019-08-18,2019.08.18,,2021-01-21,맞음,,,,서현,2026-09-27T11:06:11,
001689,15,서현,2021-06-22,22 JUN 2021,,NONE,맞음,,,,서현,2026-09-27T11:06:13,
001745,12,서영,2022-01-28,2022.01.28 2,2,2022-01-NONE,맞음,,,,서현,2026-09-27T11:06:15,
001748,13,민섭,2019-07-03,2019.07.03 2,2,2030-12-14,맞음,,,,서현,2026-09-27T11:06:19,
001749,8,민섭,2019-07-03,2019.07.03,,NONE,맞음,,,,서현,2026-09-27T11:06:21,
001756,15,서현,2021-12-30,2021.12.30 2,2,2021-12-20,수정,2021-12-20,2021.12.20,2l,서현,2026-09-27T11:06:34,
001765,15,서현,2021-09-10,10/SEP/21,,2021-09-21,맞음,,,,서현,2026-09-27T11:06:36,
001769,14,서영,2021-12-22,21.12.22,,2021-12-02,맞음,,,,서현,2026-09-27T11:06:49,
001787,11,승아,2020-12-NONE,12.20,,NONE-12-20,맞음,,,,서현,2026-09-27T11:06:51,
001788,11,승아,2020-12-NONE,12.20,,NONE-12-20,맞음,,,,서현,2026-09-27T11:06:53,
001791,15,서현,2020-08-13,20.08.13,,2020-08-01,맞음,,,,서현,2026-09-27T11:06:55,
001797,14,서영,2020-05-26,20.05.26 2,2,NONE,맞음,,,,서현,2026-09-27T11:07:07,
001798,8,민섭,2021-10-10,2021.10.10,,2021-10-14,수정,2021-10-14,2021/10/14,l,서현,2026-09-27T11:07:28,
001802,8,민섭,2021-05-03,2021.05.03,,2021-08-05,수정,2021-03-05,05.03.2021,l,서현,2026-09-27T11:07:56,
001805,14,서영,2020-11-09,20.11.09 2,2,2020-02-10,맞음,,,,서현,2026-09-27T11:07:58,
001806,13,민섭,2020-11-09,20.11.09 2,2,NONE,맞음,,,,서현,2026-09-27T11:08:01,
001811,14,서영,2023-10-22,23.10.22,,2023-10-02,맞음,,,,서현,2026-09-27T11:08:03,
001817,14,서영,2021-04-14,21.04.14 2,2,2021-01-16,맞음,,,,서현,2026-09-27T11:08:06,
001832,11,승아,2022-09-02,2022.09.02 2,2,2020-09-02,맞음,,,,서현,2026-09-27T11:08:11,
001833,10,병철,2022-09-02,2022.09.02,,NONE,맞음,,,,서현,2026-09-27T11:08:13,
001835,9,서영,2022-07-12,2022.07.12,,NONE,맞음,,,,서현,2026-09-27T11:08:15,
001846,12,서영,2021-09-23,2021/09/23,,2023-12-09,맞음,,,,서현,2026-09-27T11:08:20,
001852,15,서현,2022-08-13,2022 08 13,,NONE,맞음,,,,서현,2026-09-27T11:08:25,
001853,11,승아,2022-08-13,2022 08 13,,NONE,맞음,,,,서현,2026-09-27T11:08:27,
001854,13,민섭,2022-01-18,2022.01.18,,2022-12-10,맞음,,,,서현,2026-09-27T11:08:29,
001860,7,서현,2022-07-06,22/07/06,,2030-10-05,수정,2022-07-08,22/07/08,l,서현,2026-09-27T11:09:18,
001864,14,서영,2023-08-04,04/08/2023,,NONE,맞음,,,,서현,2026-09-27T11:15:48,
001868,14,서영,2022-07-NONE,JUL 2022,,NONE,맞음,,,,서현,2026-09-27T11:15:51,
001874,13,민섭,2021-10-22,22.10.21 d,d,2022-10-21,맞음,,,,서현,2026-09-27T11:16:01,
001878,11,승아,2021-11-03,03/11/2021,,2021-01-03,맞음,,,,서현,2026-09-27T11:16:03,
001880,15,서현,2024-09-01,2024 09 01,,NONE,맞음,,,,서현,2026-09-27T11:16:06,
001884,13,민섭,2021-09-09,09/09/2021,,2021-09-11,맞음,,,,서현,2026-09-27T11:16:08,
001900,8,민섭,2021-11-29,2021.11.29,,NONE,맞음,,,,서현,2026-09-27T11:16:19,
001924,12,서영,2022-01-21,2022.01.21 b,b,NONE,맞음,,,,서현,2026-09-27T11:16:22,
001944,9,서영,2023-09-29,2023-09-29 t,t,NONE,맞음,,,,서현,2026-09-27T11:16:26,
001945,11,승아,2021-08-NONE,08 2021,,NONE,맞음,,,,서현,2026-09-27T11:16:27,
001947,9,서영,2022-08-10,10 AUG 2022 2,2,2020-08-10,맞음,,,,서현,2026-09-27T11:16:34,
001953,11,승아,2021-10-NONE,OCT.2021,,2021-01-04,맞음,,,,서현,2026-09-27T11:16:36,
001954,13,민섭,2021-10-NONE,OCT.2021,,2021-07-04,맞음,,,,서현,2026-09-27T11:16:37,
001969,11,승아,2021-08-NONE,08/2021,,2030-02-02,맞음,,,,서현,2026-09-27T11:16:39,
001975,11,승아,2021-02-26,26.02.21 d,d,2026-02-21,맞음,,,,서현,2026-09-27T11:16:41,
001987,15,서현,2021-12-28,2021.12.28,,NONE,맞음,,,,서현,2026-09-27T11:16:43,
001988,10,병철,2021-12-28,2021.12.28,,NONE,맞음,,,,서현,2026-09-27T11:16:44,
002001,12,서영,2022-01-27,2022.01.27,,2022-02-01,맞음,,,,서현,2026-09-27T11:16:47,
002008,11,승아,2022-01-14,2022/01/14,,2029-12-NONE,맞음,,,,서현,2026-09-27T11:16:49,
002011,11,승아,2020-06-30,2020.06.30,,NONE,맞음,,,,서현,2026-09-27T11:16:51,
002015,13,민섭,2023-06-28,2023.06.28,,2023-08-28,맞음,,,,서현,2026-09-27T11:16:54,
002026,13,민섭,NONE,NONE,,2020-01-03,맞음,,,,서현,2026-09-27T11:17:06,
002052,6,승아,NONE-04-14,04.14,,NONE,맞음,,,,서현,2026-09-27T11:17:08,
002054,14,서영,2021-12-NONE,12 2021,,NONE,맞음,,,,서현,2026-09-27T11:17:11,
002055,13,민섭,2021-12-NONE,12 2021,,NONE,맞음,,,,서현,2026-09-27T11:17:11,
002061,15,서현,NONE-04-17,04.17,,NONE,맞음,,,,서현,2026-09-27T11:17:12,
002102,12,서영,2021-12-25,2021.12.25,,2021-12-19,맞음,,,,서현,2026-09-27T11:17:15,
002103,12,서영,2021-12-25,2021.12.25,,2021-12-19,맞음,,,,서현,2026-09-27T11:17:16,
002125,12,서영,2021-04-21,21/APR/21,,2021-04-24,맞음,,,,서현,2026-09-27T11:17:18,
002126,11,승아,2021-04-21,21/APR/21,,2021-04-02,맞음,,,,서현,2026-09-27T11:17:19,
002133,9,서영,2021-10-04,04/10/21 d,d,NONE-10-21,맞음,,,,서현,2026-09-27T11:17:23,
002148,12,서영,2022-01-03,2022.01.03,,2022-01-01,맞음,,,,서현,2026-09-27T11:17:25,
002152,14,서영,2019-07-11,19.07.11 2,2,2019-07-18,맞음,,,,서현,2026-09-27T11:17:28,
002153,12,서영,2019-07-11,19.07.11 2,2,2019-07-18,맞음,,,,서현,2026-09-27T11:17:28,
002157,12,서영,2021-12-25,DEC.25.2021,,NONE,맞음,,,,서현,2026-09-27T11:17:30,
002162,12,서현,2023-06-18,06/18/23,,2023-01-06,맞음,,,,서현,2026-09-27T11:17:33,
002163,15,서현,2023-06-18,2023.06.18 ?,?,NONE,맞음,,,,서현,2026-09-27T11:17:34,
002164,11,승아,2021-01-29,21.01.29 2,2,2020-10-30,맞음,,,,서현,2026-09-27T11:17:38,
002165,11,승아,2021-01-29,21.01.29 2,2,2020-10-30,맞음,,,,서현,2026-09-27T11:17:39,
002183,10,병철,2019-02-20,2019.02.20,,NONE,맞음,,,,서현,2026-09-27T11:17:41,
002190,14,서영,2022-02-04,FEB/04/2022 b,b,NONE,맞음,,,,서현,2026-09-27T11:17:45,
002192,11,승아,2020-10-20,2020.10.20,,2026-10-20,맞음,,,,서현,2026-09-27T11:17:48,
002194,15,서현,2020-06-10,2020.06.10,,2020-06-01,맞음,,,,서현,2026-09-27T11:17:51,
002202,11,승아,2020-10-08,20.10.08,,2020-05-02,맞음,,,,서현,2026-09-27T11:17:53,
002203,12,서현,2021-01-08,2021.01.08 2,2,2021-09-10,맞음,,,,서현,2026-09-27T11:17:56,
002215,11,승아,2020-10-06,20.10.06,,2020-10-16,수정,2020-10-16,20.10.16,l,서현,2026-09-27T11:18:15,
002241,13,민섭,2021-05-26,2021 MAY 26,,NONE,맞음,,,,서현,2026-09-27T11:18:21,
002276,10,병철,2023-12-22,2023.12.22  2,2,2023-12-02,맞음,,,,서현,2026-09-27T11:18:24,
002277,13,민섭,2023-07-NONE,JUL 2023,,2025-07-NONE,맞음,,,,서현,2026-09-27T11:18:26,
002285,15,서현,2022-01-06,22.01.06,,2021-01-07,맞음,,,,서현,2026-09-27T11:18:28,
002288,11,승아,2024-12-18,18.12.2024,,2021-12-18,수정,2021-12-18,18.12.2021,l,서현,2026-09-27T11:18:54,
002307,15,서현,2021-11-15,15.11.2021,,2020-02-02,맞음,,,,서현,2026-09-27T11:18:57,
002310,14,서영,NONE-03-13,03.13 2,2,NONE-03-01,맞음,,,,서현,2026-09-27T11:19:04,
002328,12,서현,2021-10-20,2021.10.20 2,2,2020-10-21,맞음,,,,서현,2026-09-27T11:19:07,
002345,13,민섭,NONE-02-12,02.12,,2020-05-12,맞음,,,,서현,2026-09-27T11:19:08,
002346,14,서영,NONE-02-12,02.12,,NONE,맞음,,,,서현,2026-09-27T11:19:09,
002362,13,민섭,NONE,NONE,,2019-12-10,맞음,,,,서현,2026-09-27T11:19:12,
002373,14,서영,2021-12-27,2021.12.27,,2028-10-NONE,맞음,,,,서현,2026-09-27T11:19:14,
002374,13,민섭,2021-12-27,2021.12.27,,2028-10-NONE,맞음,,,,서현,2026-09-27T11:19:15,
002390,13,민섭,2021-03-18,2021.03.18,,2021-08-NONE,맞음,,,,서현,2026-09-27T11:20:20,
002391,11,승아,2021-03-18,2021.03.18,,2021-03-NONE,맞음,,,,서현,2026-09-27T11:20:21,
002394,12,서현,2020-07-01,01 JUL 2020,,NONE,맞음,,,,서현,2026-09-27T11:20:23,
002401,11,승아,2022-11-04,2022/11/04,,2022-12-04,맞음,,,,서현,2026-09-27T11:20:27,
002402,6,승아,2022-11-04,2022/11/04,,NONE,맞음,,,,서현,2026-09-27T11:20:28,
002403,13,민섭,2022-10-02,02OCT2022,,NONE,맞음,,,,서현,2026-09-27T11:20:30,
002404,13,민섭,2022-10-02,02OCT2022,,NONE,맞음,,,,서현,2026-09-27T11:20:31,
002409,12,서현,2022-10-29,29.10.2022 2,2,2019-10-29,맞음,,,,서현,2026-09-27T11:20:34,
002432,13,민섭,NONE,NONE,,2020-07-16,맞음,,,,서현,2026-09-27T11:20:40,
002443,14,서영,2021-11-11,11/11/21,,NONE-11-11,맞음,,,,서현,2026-09-27T11:20:44,
002450,15,서현,2021-06-09,2021.06.09 2,2,NONE,맞음,,,,서현,2026-09-27T11:21:40,
002452,15,서현,2021-12-22,21.12.22,,NONE,맞음,,,,서현,2026-09-27T11:21:42,
002453,7,서현,2021-12-22,21.12.22,,NONE,맞음,,,,서현,2026-09-27T11:21:43,
002462,15,서현,2020-12-21,2020.12.21,,2020-12-02,수정,NONE,N,lm,서현,2026-09-27T11:22:04,재검토 2026-09-27T11:34:02: 제조일자만 있음 → 태그 m 추가
002463,13,민섭,NONE,NONE,,2020-12-26,맞음,,,,서현,2026-09-27T11:22:06,
002482,15,서현,2021-03-28,2021.03.28,,2021-05-28,맞음,,,,서현,2026-09-27T11:22:17,
002484,11,승아,2021-05-05,2021.05.05,,NONE,맞음,,,,서현,2026-09-27T11:22:19,
002487,15,서현,NONE,NONE,m,2021-02-06,맞음,,,,서현,2026-09-27T11:22:23,
002488,15,서현,NONE,NONE,m,2021-02-06,맞음,,,,서현,2026-09-27T11:22:25,
002491,11,승아,2022-09-08,08.09.22,,NONE-08-09,맞음,,,,서현,2026-09-27T11:22:28,
002492,6,승아,2022-09-08,08.09.22,,2020-01-01,맞음,,,,서현,2026-09-27T11:22:28,
002497,13,민섭,2023-01-24,2023.01.24,,2024-09-NONE,맞음,,,,서현,2026-09-27T11:22:31,
002543,12,서현,2021-10-17,2021/10/17,,NONE-10-17,맞음,,,,서현,2026-09-27T11:22:32,
002553,12,서현,2021-02-22,21.02.22,,2022-01-21,맞음,,,,서현,2026-09-27T11:22:34,
002559,15,서현,2022-04-01,2022.04.01,,2022-04-07,맞음,,,,서현,2026-09-27T11:22:36,
002561,13,민섭,2022-10-21,2022-10-21,,NONE-10-21,맞음,,,,서현,2026-09-27T11:22:38,
002581,13,민섭,2021-11-17,2021.11.17,,2021-01-17,맞음,,,,서현,2026-09-27T11:22:40,
002600,14,서영,NONE,NONE,m,2020-10-21,맞음,,,,서현,2026-09-27T11:22:44,
002601,11,승아,NONE,NONE,m,2020-10-21,맞음,,,,서현,2026-09-27T11:22:48,
002610,13,민섭,2021-07-11,11.07.2021 2,2,2020-11-13,맞음,,,,서현,2026-09-27T11:22:51,
002617,11,승아,2022-05-04,2022.05.04,,2020-02-20,맞음,,,,서현,2026-09-27T11:22:53,
002629,15,서현,2023-05-NONE,05.2023,,2023-05-20,맞음,,,,서현,2026-09-27T11:22:55,
002644,15,서현,2022-11-NONE,11.2022,,NONE,맞음,,,,서현,2026-09-27T11:22:59,
002650,6,승아,2021-07-01,01.07.2021,,NONE,맞음,,,,서현,2026-09-27T11:23:04,
002655,11,승아,2021-03-25,21.03.25,,2021-03-20,맞음,,,,서현,2026-09-27T11:23:11,
002684,12,서현,2021-12-03,03/12/2021,,2027-12-03,맞음,,,,서현,2026-09-27T11:23:19,
002687,13,민섭,NONE,NONE,,2021-02-02,맞음,,,,서현,2026-09-27T11:23:22,
002694,13,민섭,2021-04-19,2021.04.19,,NONE,맞음,,,,서현,2026-09-27T11:23:24,
002704,11,승아,2022-10-29,2022/10/29,,2022-10-02,맞음,,,,서현,2026-09-27T11:23:35,
002707,11,승아,2022-01-20,20/01/22 d,d,NONE,맞음,,,,서현,2026-09-27T11:23:38,
002708,15,서현,2020-01-22,20/01/22,,2021-08-06,맞음,,,,서현,2026-09-27T11:23:38,
002713,15,서현,2021-10-22,22/10/2021,,2021-12-12,맞음,,,,서현,2026-09-27T11:23:41,
002714,9,서영,2021-10-22,22/10/2021 b ?,?b,2021-12-12,맞음,,,,서현,2026-09-27T11:23:44,
002724,15,서현,2019-12-20,19/12/20,,NONE,맞음,,,,서현,2026-09-27T11:23:47,
002727,13,민섭,NONE,NONE,,2017-03-22,수정,2017-03-22,17.03.22,l,서현,2026-09-27T11:24:14,
002737,15,서현,2021-06-12,12.06.2021,,NONE-12-06,맞음,,,,서현,2026-09-27T11:24:20,
002749,6,승아,2020-12-NONE,12.2020,,2020-12-17,맞음,,,,서현,2026-09-27T11:24:26,
002755,15,서현,2021-05-16,2021.05.16,,2022-12-01,맞음,,,,서현,2026-09-27T11:24:28,
002766,13,민섭,2021-03-16,16.03.2021,,NONE,맞음,,,,서현,2026-09-27T11:24:31,
002771,15,서현,2021-10-10,2021.10.10,,2021-10-11,수정,2021-10-11,2021.10.11,l,서현,2026-09-27T11:24:45,
002773,15,서현,2024-05-NONE,05.2024,,2024-05-20,맞음,,,,서현,2026-09-27T11:24:48,
002775,11,승아,2021-10-08,2021-10-08,,NONE,맞음,,,,서현,2026-09-27T11:24:52,
002777,12,서현,2021-09-15,2021-09-15,,NONE-09-15,맞음,,,,서현,2026-09-27T11:24:53,
002784,11,승아,2021-04-18,18-04-2021,,NONE-11-01,맞음,,,,서현,2026-09-27T11:24:58,
002785,15,서현,2021-04-18,18-04-2021,,2021-08-18,맞음,,,,서현,2026-09-27T11:25:00,
002797,13,민섭,2021-04-28,2021.04.28,,2021-04-29,맞음,,,,서현,2026-09-27T11:25:02,
002798,15,서현,2021-04-28,2021.04.28,,NONE,맞음,,,,서현,2026-09-27T11:25:03,
002808,11,승아,2021-12-29,2021.12.29,,2021-12-22,맞음,,,,서현,2026-09-27T11:25:05,
002816,14,서영,2021-06-28,2021.06.28 2,2,2020-02-10,맞음,,,,서현,2026-09-27T11:25:07,
002827,11,승아,2021-07-03,03 JUL 2021,,NONE,맞음,,,,서현,2026-09-27T11:25:10,
002831,9,서영,2022-05-21,2022.05.21,,NONE-05-21,맞음,,,,서현,2026-09-27T11:25:12,
002848,10,병철,2021-12-30,30.12.2021,,NONE,맞음,,,,서현,2026-09-27T11:25:14,
002863,15,서현,2021-08-30,2021.08.30,,NONE,맞음,,,,서현,2026-09-27T11:25:16,
002866,13,민섭,2022-02-28,28/02/22 d,d,2028-02-02,맞음,,,,서현,2026-09-27T11:25:18,
002903,9,서영,2020-07-22,2020.07.22,,2020-07-02,수정,NONE,N,lm,서현,2026-09-27T11:25:32,재검토 2026-09-27T11:34:02: 포장일자만 있음 → 태그 m 추가
002904,13,민섭,2023-03-NONE,03/2023,,NONE,맞음,,,,서현,2026-09-27T11:25:36,
002918,15,서현,2021-04-30,30/04/21,,2030-04-02,맞음,,,,서현,2026-09-27T11:25:38,
002928,11,승아,NONE-04-08,04.08,,2024-08-20,맞음,,,,서현,2026-09-27T11:25:39,
002940,14,서영,2022-07-29,2022/07/29,,2029-07-02,맞음,,,,서현,2026-09-27T11:25:41,
002956,15,서현,NONE,NONE,m,2021-01-02,맞음,,,,서현,2026-09-27T11:25:48,
002957,15,서현,NONE,NONE,m,2021-01-02,맞음,,,,서현,2026-09-27T11:25:50,
002962,15,서현,NONE,N,,2020-03-13,맞음,,,,서현,2026-09-27T11:25:54,
002977,12,서현,2020-05-12,2020.05.12,,2020-12-05,맞음,,,,서현,2026-09-27T11:25:59,
002989,12,서현,2021-07-20,2021.07.20,,2024-07-20,맞음,,,,서현,2026-09-27T11:26:01,
002990,11,승아,2021-03-20,2021.03.20,,2021-09-05,맞음,,,,서현,2026-09-27T11:26:03,
003010,12,서현,2021-12-11,11 12 2021,,2021-01-12,맞음,,,,서현,2026-09-27T11:26:11,
003014,13,민섭,2021-06-12,2021 JUN 12,,NONE,맞음,,,,서현,2026-09-27T11:26:17,
003015,11,승아,2022-07-01,2022.07.01,,2022-07-NONE,맞음,,,,서현,2026-09-27T11:26:20,
003016,13,민섭,2022-07-01,2022.07.01,,2022-07-NONE,맞음,,,,서현,2026-09-27T11:26:21,
003021,6,승아,2021-03-23,2021.03.23,,2021-03-02,맞음,,,,서현,2026-09-27T11:26:23,
003036,14,서영,2022-08-28,28 08 2022,,2022-03-28,맞음,,,,서현,2026-09-27T11:26:25,
003060,9,서영,2021-10-04,2021.10.04,,NONE,맞음,,,,서현,2026-09-27T11:26:28,
003065,13,민섭,NONE,NONE,,2021-11-12,수정,2021-11-12,2021.11.12,l,서현,2026-09-27T11:27:12,
003111,12,서현,2021-06-09,2021.06.09,,NONE,맞음,,,,서현,2026-09-27T11:27:13,
003113,9,서영,2021-03-28,2021.03.28,,2022-10-28,맞음,,,,서현,2026-09-27T11:27:14,
003115,11,승아,2021-09-25,2021.09.25 2,2,2022-09-05,맞음,,,,서현,2026-09-27T11:27:14,
003161,14,서영,2021-10-NONE,10 2021,,NONE,맞음,,,,서현,2026-09-27T11:27:16,
003163,15,서현,2021-02-16,21.02.16,,2020-11-17,맞음,,,,서현,2026-09-27T11:27:19,
003165,11,승아,2021-09-17,21.09.17,,NONE,맞음,,,,서현,2026-09-27T11:27:21,
003170,11,승아,2021-04-20,20-04-21 d,d,2020-04-21,맞음,,,,서현,2026-09-27T11:27:23,
003172,13,민섭,2021-06-20,20-06-21 d,d,2020-06-21,맞음,,,,서현,2026-09-27T11:27:25,
003185,12,서현,2021-06-28,JUN 28 2021,,2020-06-28,맞음,,,,서현,2026-09-27T11:27:28,
003214,11,승아,2024-01-12,12/01/24,,NONE,맞음,,,,서현,2026-09-27T11:27:31,
003221,11,승아,2021-03-08,2021.03.08 2,2,2021-03-05,맞음,,,,서현,2026-09-27T11:27:35,
003224,8,민섭,2021-08-21,2021.08.21,,2021-09-01,맞음,,,,서현,2026-09-27T11:27:38,
003228,15,서현,2022-04-26,26/04/2022 2,2,2022-04-24,맞음,,,,서현,2026-09-27T11:27:42,
003230,13,민섭,2022-03-28,28/03/2022,,NONE,맞음,,,,서현,2026-09-27T11:27:46,
003242,14,서영,2022-01-28,28-01-2022 2,2,2025-01-22,맞음,,,,서현,2026-09-27T11:27:49,
003243,9,서영,2021-07-NONE,2021.07,,NONE-07-21,맞음,,,,서현,2026-09-27T11:28:06,재검토 2026-09-27T11:34:02: 사진의 한글 표시 '읽는 법: 월/년 순' + Best before end → 07-21 은 2021년 7월. 07-21 입력(NONE-07-21)을 취소하고 원라벨 유지
003244,6,승아,2021-07-NONE,2021.07,,NONE-07-21,맞음,,,,서현,2026-09-27T11:28:11,재검토 2026-09-27T11:34:02: 003243 과 같은 제품·같은 표기(Best before end 07-21) → 2021년 7월. 07-21 입력(NONE-07-21)을 취소하고 원라벨 유지
003245,11,승아,2021-09-20,20.09.2021 2,2,2020-09-20,맞음,,,,서현,2026-09-27T11:28:16,
003259,12,서현,2022-02-10,10 02 2022,,NONE,맞음,,,,서현,2026-09-27T11:28:19,
003287,15,서현,2021-09-25,2021.09.25 2,2,2021-09-21,맞음,,,,서현,2026-09-27T11:28:22,
003289,11,승아,2022-01-31,2022.01.31 2,2,2022-08-10,맞음,,,,서현,2026-09-27T11:28:24,
003294,15,서현,2021-07-26,2021.07.26,,NONE,맞음,,,,서현,2026-09-27T11:28:27,
003310,10,병철,2020-08-29,aug292020,,2020-10-04,맞음,,,,서현,2026-09-27T11:28:34,
003312,13,민섭,2021-03-11,11.03.2021 2,2,2021-03-NONE,맞음,,,,서현,2026-09-27T11:28:38,
003317,7,서현,2022-02-07,2022 02 07,,NONE,맞음,,,,서현,2026-09-27T11:28:40,
003322,13,민섭,2021-09-01,2021.09.01,,2021-01-09,맞음,,,,서현,2026-09-27T11:28:42,
003325,6,승아,2021-06-01,01-JUN-2021,,NONE,맞음,,,,서현,2026-09-27T11:28:49,
003326,11,승아,2024-06-05,05 JUN 2024,,NONE,맞음,,,,서현,2026-09-27T11:28:51,
003327,12,서현,2024-06-05,05 JUN 2024,,2026-02-08,맞음,,,,서현,2026-09-27T11:28:52,
003337,12,서현,2021-06-01,2021/06/01,,NONE-06-01,맞음,,,,서현,2026-09-27T11:28:58,
003338,15,서현,2021-06-01,2021/06/01,,NONE-06-01,맞음,,,,서현,2026-09-27T11:29:00,
003347,9,서영,2027-09-01,010927 2 d,2d,2025-09-01,맞음,,,,서현,2026-09-27T11:29:04,
003348,13,민섭,2027-07-13,13/07/27 d,d,NONE-07-27,맞음,,,,서현,2026-09-27T11:29:07,
003349,13,민섭,2025-12-10,25.12.10 2,2,2025-01-10,맞음,,,,서현,2026-09-27T11:29:09,
003350,9,서영,2025-12-10,25.12.10 2,2,2022-10-10,맞음,,,,서현,2026-09-27T11:29:13,
003351,8,민섭,2025-12-10,2025.12.10,,2025-10-22,맞음,,,,서현,2026-09-27T11:29:18,
