image_id,file,stratum,정답,예측,raw,후보,담당,원인,메모
000064,000064.jpg,large,2026-08-03,2025-08-03,2026.08.03,2025-8-3:YYYY:p2:0.80,A,r,
000122,000122.jpg,large,2027-04-28,2027-04-NONE,2027.04.28,2027-4-None:YYMM:p1@1024:0.84,A,r,
000193,000193.jpg,large,2026-03-06,2026-03-08,2026.03.06,2026-3-8:YMD_GLUED:erode3/p1@1024:0.79,A,r,
000209,000209.jpg,large,2027-06-11,2027-06-10,2027.06.11,2027-6-10:YYYY:p1@640:0.63,A,r,
000210,000210.jpg,large,2027-05-20,2031-05-07,2027.05.20,2031-5-7:SP_DMY:p1@640:0.63,A,r,
000231,000231.jpg,large,2028-05-27,2025-01-01,2028.05.27,2025-1-1:SP_DMY:p2:0.65,A,u,
000234,000234.jpg,large,2026-10-27,2027-10-26,261027 2,2025-5-9:CMP6_DMY:p2:0.77|2027-10-26:CMP6_DMY:p2:0.84,A,o,exp힌트
000255,000255.jpg,large,2026-08-20,NONE-08-20,26.08.20,None-8-20:MMDD:erode3/p1@640:0.75,A,r,
000274,000274.jpg,large,2026-03-02,2025-09-03,26.03.02 2,2025-9-3:YY:p2:0.52|2025-9-3:YY:p2:0.52,A,p,
000415,000415.jpg,large,2026-05-27,2025-02-02,2026.05.27,2025-2-2:SP_DMY:ft/p1@640:0.37,A,u,
000428,000428.jpg,large,2026-04-23,2026-04-03,26.04.23,2026-4-3:YY:p2:0.66|2026-4-3:YY:p2:0.66,A,r,
000441,000441.jpg,large,2025-12-15,2025-12-NONE,2025.12.15,2025-12-None:YYYYMM:erode3/p1@640:0.21,A,r,
000463,000463.jpg,large,2027-02-14,2027-02-NONE,2027.02.14,2027-2-None:YYYYMM:p2:0.95,A,r,
000472,000472.jpg,large,2025-01-17,2026-01-17,2025 01.17,2026-1-17:YYYY:p2:0.92,A,u,
000486,000486.jpg,large,2027-07-15,NONE,2027.07.15,,A,u,
000509,000509.jpg,mid,2026-09-01,2025-09-02,2026.09.01,2025-9-2:YY:p2:0.62|2025-9-2:YY:p2:0.62,A,p,
000537,000537.jpg,mid,2026-05-08,2020-02-11,2026.05.08,2020-2-11:CMP6_DMY:p2:0.53,A,s,
000544,000544.jpg,mid,2029-06-25,NONE,2029.06.25,,A,r,
000580,000580.jpg,mid,2026-03-11,2026-02-28,2026.03.11,2026-2-28:YYYY:p2:0.90,A,l,2026.02.28
000629,000629.jpg,large,2025-09-22,2021-12-09,25.09.22,2021-12-9:CMP6_DMY:erode2/p1@1024:0.80,A,s,
000635,000635.jpg,large,2026-02-21,2025-08-02,2026.02.21,2025-8-2:YYYY:p2:0.72|2025-8-2:YYYY:p2:0.72|2025-8-2:YYYY:p2:0.72,A,p,
000666,000666.jpg,large,2026-03-11,NONE-09-01,2026.03.11,None-9-1:MMDD:ft/p1@640:0.77,A,l,26.09.01
000739,000739.jpg,large,2024-08-07,2023-08-08,2024.08.07 2,2023-8-8:YYYY:p2:0.30|2023-8-7:YYYY:p2:0.30|2023-8-7:YYYY:p2:0.30|2023-8-8:YYYY:p2:0.30,A,p,
000753,000753.jpg,large,2026-03-18,2023-01-21,2026.03.18,2023-1-21:CMP6_YMD:p1@1024:0.64,A,s,
000852,000852.jpeg,large,2026-08-14,2025-08-14,14.08.26 d,2025-8-14:DDMMYY:p2:0.81,A,r,
000862,000862.jpg,mid,2021-10-22,2020-10-22,2021.10.22,2020-10-22:DMY4:ft/p2:0.85,A,p,
000935,000935.jpg,small,2021-02-10,2021-01-25,21.02.10  2,2021-1-None:YYMM:p2:0.47|2021-1-25:YYMM_DAYLA:p2:0.47|2021-1-None:YYMM:p2:0.47|2021-1-25:YYMM_DAYLA:p2:0.47,A,p,
000945,000945.jpg,small,2021-07-03,NONE,03/07/2021,,A,p,
000974,000974.jpg,small,2022-12-02,NONE,02/12/22 d,,A,u,
000980,000980.jpg,small,2021-06-14,2020-12-15,2021.06.14 2,2020-12-15:YYYY:p1@640:0.85,A,p,
001001,001001.jpg,small,2021-09-07,NONE,07 SEP 21,,A,o,회전
001003,001003.jpg,small,2022-08-24,NONE,2022.08 24,,A,u,
001030,001030.jpg,mid,2022-10-NONE,2022-10-01,2022.10,2022-10-1:DMY4:p2:0.87,A,o,로트
001091,001091.jpg,small,2021-04-16,2021-04-12,2021.04.16,2020-7-17:YYYY:p2:0.69|2021-4-12:YYYY:p2:0.69|2021-7-17:MDY4:p2:0.69|2020-7-17:YYYY:p2:0.69|2021-4-12:YYYY:p2:0.69|2021-7-17:MDY4:p2:0.69|2020-7-17:YYYY:p2:0.69|2021-4-12:YYYY:p2:0.69|2021-7-17:MDY4:p2:0.69,A,r,
001180,001180.jpg,small,2023-09-01,NONE,01 SEP 2023,,A,r,
001186,001186.jpg,small,2021-09-28,2020-12-NONE,21.09.28 2,2020-12-None:YYMM:p2:0.69|2020-12-None:YYMM:p2:0.69,A,p,
001194,001194.jpg,small,2021-02-11,2021-02-01,11/02/2021 2,2021-2-1:DMY4:erode2/p1@640:0.53,A,r,
001515,001515.jpg,small,2022-08-16,2022-08-18,2022.08.16,2022-8-18:YYYY:p2:0.66,A,u,
001558,001558.jpg,mid,2021-12-24,2024-12-21,24/12/21 d,2024-12-21:YY:p2:0.97,A,o,힌트
001587,001587.jpg,small,2021-04-20,2021-04-27,2021.04.20,2021-4-27:YYYY:p1@640:0.82,A,r,
001776,001776.jpg,mid,2021-04-05,2021-04-02,05 04 2021,2021-4-2:DMY4:p2:0.82,A,r,
001815,001815.jpg,small,2022-06-07,2020-02-06,2022.06.07,2020-2-6:CMP6_YMD:p2:0.79,A,r,
001899,001899.jpg,mid,2021-11-29,NONE-12-17,nov 29 2021,None-12-17:MMDD:erode2/p1@640:0.52,A,s,
001925,001925.jpg,small,2022-01-21,NONE,2022.01.21,,A,u,
001942,001942.jpg,small,2022-05-27,2021-12-20,27.05.2022,2021-12-20:CMP6_YMD:p1@640:0.73,A,s,
001946,001946.jpg,small,2021-08-NONE,2021-02-08,08 2021,2021-2-8:SP_DMY:erode2/p1@640:0.71,A,f,공백연월
001962,001962.jpg,small,2027-03-21,2022-10-12,27/03/21,2021-11-1:SP_YMD:p2:0.91|2022-10-12:CMP6_DMY:p2:0.70,A,s,
001976,001976.jpg,small,2026-02-21,NONE,26.02.21,,A,r,
001979,001979.jpg,small,2020-11-04,NONE,2020.11.04,,A,r,
001981,001981.jpg,small,2022-10-15,2019-01-11,2022.10.15,2019-1-11:CMP6_YMD:p2:0.78,A,s,
002012,002012.jpg,small,2020-06-30,NONE,2020.06.30,,A,r,
002081,002081.jpg,mid,2019-09-16,2019-06-17,19.09.16 2,2019-6-17:YY:fullres/p1@1024:0.74,A,p,
002264,002264.jpg,small,2021-12-01,2021-12-NONE,2021. 12. 01,2021-12-None:YYYYMM:p1@640:0.93,A,r,
002284,002284.jpg,mid,2022-01-06,2021-01-07,22.01.06 2,2021-1-7:YY:p2:0.91,A,u,
002287,002287.jpg,small,2023-12-31,2021-12-31,23.12.31,2021-12-31:YY:p2:0.50,A,l,21.12.31
002436,002436.jpg,small,2021-06-03,2020-02-02,03.06.2021,2020-2-2:SP_DMY:blur1/p1@640:0.12,A,s,
002444,002444.jpg,small,2021-11-11,2024-01-12,11/11/21   d,2024-1-12:CMP6_DMY:ft/blur1/p1@640:0.61,A,s,
002545,002545.jpg,small,2021-03-21,2021-03-NONE,2021.03.21,2021-3-None:YYYYMM:erode3/p1@640:0.61,A,r,
002548,002548.jpg,large,2021-04-02,NONE,2021.04.02,,A,r,
002604,002604.jpg,mid,2017-11-23,2023-11-17,17/11/23,2023-11-17:CMP6_DMY:p2:0.76,A,l,23-11-17
002605,002605.jpg,small,2017-11-23,NONE,17/11/23,,A,l,23-11-17
002654,002654.jpg,small,2020-12-08,2025-11-30,2020-12-08,2020-12-8:EXTEND:p2:0.72|2025-11-30:YYYY:p2:0.21,A,l,2025-11-30
002666,002666.jpg,small,2021-03-26,2021-03-NONE,26 MAR 2021,2021-3-None:MON_Y:p2:0.87,A,r,
002700,002700.jpg,small,2021-08-23,2020-04-23,2021.08.23,2020-4-23:SP_DMY:p2:0.69,A,s,
002717,002717.jpg,mid,2022-03-01,NONE,2022.03.01,,A,u,
002762,002762.jpg,small,2023-06-01,2020-06-11,2023/06/01 2,2020-6-11:YYYY:p2:0.52|2020-1-6:DMY4:p2:0.52,A,p,
002800,002800.jpg,small,2021-12-27,2031-01-11,2021.12.27 2,2031-1-11:CMP6_DMY:p1@640:0.48,A,s,
002805,002805.jpg,large,2023-01-13,2023-01-19,2023.01.13,2023-1-19:YMD_GLUED:p2:0.46,A,r,
002813,002813.jpg,mid,2021-04-02,NONE-04-02,2021.04.02,None-4-2:MMDD:p1@640:0.79,A,r,
002814,002814.jpg,small,2021-04-02,NONE-04-08,2021.04.02,None-4-8:MMDD:blur1/p1@640:0.67,A,r,
002826,002826.jpg,mid,2021-07-03,2021-06-12,03 JUL 2021,2021-6-12:YYYY:p1@1024:0.93,A,o,july인데 june으로읽은듯? 그리고 s도있음 b12를 12로봄
002840,002840.jpg,small,2021-05-24,2021-09-11,2021.05.24,2021-5-24:YYYY:p2:0.95|2021-9-11:DMY4:p2:0.95,A,s,
002865,002865.jpg,small,2023-02-03,NONE,03/02/2023,,A,u,
002867,002867.jpg,small,2022-02-28,NONE,28/02/22,,A,r,
002922,002922.jpg,small,2021-09-12,NONE-12-09,12.09.2021,None-12-9:MMDD:erode3/p1@640:0.98,A,r,
002927,002927.jpg,large,NONE-04-08,NONE-04-05,04.08,None-4-5:MMDD:p2:0.28,A,r,
003123,003123.jpg,small,2021-09-15,2021-05-13,15.09.2021 2,2021-5-13:DMY4:ft/p2:0.67,A,s,
003171,003171.jpg,large,2021-11-11,2020-01-12,2021.11.11 2,2020-1-12:YYYY:p2:0.76,A,s,
003174,003174.jpg,large,2020-08-13,2022-08-13,2020/08/13,2020-8-13:YYYY:p2:0.99|2022-8-13:YYYY:p2:0.87,A,l,2022/08/13
003304,003304.jpg,mid,2025-03-NONE,2025-03-02,03/2025,2025-3-2:DMY4:p1@640:0.86,A,o,2025-03까진맞고 none으로해야하는데 로트를 인식함
003319,003319.jpg,small,2021-10-20,NONE,2021.10.20,,A,r,
003320,003320.jpg,small,2021-09-02,2021-03-20,02/09/2021,2021-3-20:YYYY:p1@640:0.38,A,p,
003324,003324.jpg,mid,2021-06-01,2021-06-02,01 JUN 2021,2021-6-1:D_MON_Y:p2:0.70|2021-6-2:YYYY:p2:0.70,A,u,
3352,3352.jpeg,large,2025-12-10,2025-10-22,25.12.10 2,2025-10-22:YYMM_GLUE:erode3/p1@640:0.66,A,r,
