image_id,final_date,conf,kind,src,n_cands,sec,bbox,img_wh,cands
xBC0001,2027-02-03,0.651,YMD_GLUED,p2,3,3.07,"0,1072,1325,1706",1500x2000,2027-2-3:YMD_GLUED:p2:0.65|2027-2-3:YMD_GLUED:p2:0.65|2026-8-10:YYYY:p1keep/p1@640:0.83
xBC0002,NONE-08-28,0.657,MMDD,blur1/p1@640,1,18.4,"346,581,664,795",1500x2000,None-8-28:MMDD:blur1/p1@640:0.66
xBC0003,2027-02-04,0.41,YY,p1@1024,1,4.13,"168,967,992,1279",1500x2000,2027-2-4:YY:p1@1024:0.41
xBC0004,2027-01-19,0.537,YYYY,p2,3,1.98,"244,1316,1003,1669",1500x2000,2027-1-19:YYYY:p2:0.54|2027-1-19:YYYY:p2:0.54|2026-8-20:YYYY:p1keep/p1@640:0.74
xBC0005,2026-07-23,0.694,YY_TAIL,p2,1,1.62,"753,1044,972,1162",1500x2000,2026-7-23:YY_TAIL:p2:0.69
xBC0006,2027-03-05,0.61,YY_LEAD0,p2,4,2.19,"244,1150,1203,1409",1500x2000,2027-3-5:YY_LEAD0:p2:0.61|2026-3-6:YYYY:p2:0.61|2026-3-6:YYYY:p2:0.61|2027-3-5:YY_LEAD0:p2:0.61
xBC0007,NONE,,,,0,29.36,,,
xBC0008,NONE,,,,0,38.06,,,
xBC0009,2026-12-23,0.889,YYYY,p2,1,3.64,"678,1138,959,1244",1500x2000,2026-12-23:YYYY:p2:0.89
xBC0010,2027-07-07,0.41,YYYY,p2,1,10.01,"0,63,732,521",1500x2000,2027-7-7:YYYY:p2:0.41
xBC0011,2027-02-23,0.996,YYYY,p2,1,1.05,"816,1047,1019,1100",1500x2000,2027-2-23:YYYY:p2:1.00
xBC0012,2027-05-09,0.801,YYYY,p1@640,1,1.59,"525,1038,947,1269",1500x2000,2027-5-9:YYYY:p1@640:0.80
xBC0013,2027-05-01,0.826,YYYY,ft/erode2/p1@1024,1,20.8,"321,610,440,671",1500x2000,2027-5-1:YYYY:ft/erode2/p1@1024:0.83
xBC0014,2027-04-23,0.631,YYYY,p2,1,3.86,"596,1244,939,1352",1500x2000,2027-4-23:YYYY:p2:0.63
xBC0015,NONE,,,,0,35.61,,,
xBC0016,2027-02-22,0.588,YYYY,p2,1,2.45,"650,991,1109,1244",1500x2000,2027-2-22:YYYY:p2:0.59
xBC0017,2027-06-25,0.944,YYYY,p2,2,6.59,"439,578,725,684",1500x2000,2027-6-25:YYYY:p2:0.94|2027-6-25:YYYY:p1@1024:0.85
xBC0018,2027-08-10,0.414,YYYY,p1keep/erode2/p1@640,2,18.63,"101,45,752,565",1500x2000,2027-5-10:YYYY:p2:0.33|2027-8-10:YYYY:p1keep/erode2/p1@640:0.41
xBC0019,2027-08-13,0.935,YYYY,p2,1,1.3,"728,1091,934,1181",1500x2000,2027-8-13:YYYY:p2:0.93
xBC0020,2027-05-15,0.945,YYYY,p1keep/p1@640,2,1.33,"809,1209,1006,1316",1500x2000,2027-9-15:SP_DMY:p2:0.63|2027-5-15:YYYY:p1keep/p1@640:0.95
xBC0021,NONE,,,,0,35.66,,,
xBC0022,NONE,,,,0,29.86,,,
xBC0023,2027-05-07,0.877,YYYY,p1@640,1,1.02,"672,903,1144,1119",1500x2000,2027-5-7:YYYY:p1@640:0.88
xBC0030,2027-04-21,0.955,YYYY,p2,1,5.81,"582,1184,898,1262",1500x2000,2027-4-21:YYYY:p2:0.96
xBC0031,NONE,,,,0,39.4,,,
xBC0032,2027-01-27,0.74,YYYY,p2,2,3.15,"756,991,909,1059",1500x2000,2026-8-28:YYYY:p2:0.79|2027-1-27:YYYY:p2:0.74
xBC0033,2020-03-01,0.664,CMP6_DMY,ft/blur1/p1@1024,1,36.47,"368,792,747,861",1500x2000,2020-3-1:CMP6_DMY:ft/blur1/p1@1024:0.66
xBC0034,NONE,,,,0,47.55,,,
xBC0035,NONE,,,,0,83.79,,,
xBC0036,NONE,,,,0,45.74,,,
xBC0037,NONE,,,,0,52.49,,,
xBC0038,2026-10-13,0.497,YY_TAIL,p2,1,2.47,"403,1175,897,1328",1500x2000,2026-10-13:YY_TAIL:p2:0.50
xBC0039,2026-10-24,0.707,YYYY,p2,1,3.53,"695,1082,979,1170",1500x2000,2026-10-24:YYYY:p2:0.71
xBC0040,2027-04-13,0.874,YYYY,p1@640,1,1.39,"825,1097,1025,1194",1500x2000,2027-4-13:YYYY:p1@640:0.87
xBC0041,NONE-10-18,0.888,MMDD,ft/erode2/p1@640,1,22.3,"398,618,509,675",1500x2000,None-10-18:MMDD:ft/erode2/p1@640:0.89
xBC0042,NONE,,,,0,27.81,,,
xBC0043,2027-03-04,0.619,SP_YMD,erode3/p1@640,1,8.18,"288,694,485,754",1500x2000,2027-3-4:SP_YMD:erode3/p1@640:0.62
xBC0044,2026-08-12,0.364,YY,p2,1,1.42,"544,1088,1175,1309",1500x2000,2026-8-12:YY:p2:0.36
xBC0045,NONE-06-23,0.968,MMDD,ft/dilate2/p1@640,1,30.13,"344,589,458,619",1500x2000,None-6-23:MMDD:ft/dilate2/p1@640:0.97
xBC0046,2028-04-26,0.454,YYYY,p2,1,1.49,"288,925,1281,1391",1500x2000,2028-4-26:YYYY:p2:0.45
xBC0047,2022-05-05,0.416,YYMM_GLUE,p1@1024,1,4.44,"723,1166,1467,1385",1500x2000,2022-5-5:YYMM_GLUE:p1@1024:0.42
xBC0048,2022-06-29,0.767,DDMMYY,p1@640,1,1.91,"559,1356,891,1428",1500x2000,2022-6-29:DDMMYY:p1@640:0.77
xBC0049,2026-09-29,0.679,YY,p1@1024,1,3.55,"465,1178,1062,1287",1500x2000,2026-9-29:YY:p1@1024:0.68
xBC0050,NONE-10-01,0.903,MMDD,p2,1,2.66,"551,1076,986,1197",1500x2000,None-10-1:MMDD:p2:0.90
xBC0051,2027-10-15,0.768,CMP6_YMD,p1@640,1,1.23,"56,338,681,650",1500x2000,2027-10-15:CMP6_YMD:p1@640:0.77
xBC0052,NONE,,,,0,28.42,,,
xBC0053,2020-10-19,0.555,YYYY,p1@640,1,1.35,"600,1266,1059,1506",1500x2000,2020-10-19:YYYY:p1@640:0.56
xBC0056,2026-09-25,0.813,YYYY,p1@640,1,1.0,"716,953,962,1075",1500x2000,2026-9-25:YYYY:p1@640:0.81
xBC0057,2026-11-02,0.956,YY,p2,1,1.48,"638,981,997,1066",1500x2000,2026-11-2:YY:p2:0.96
xBC0058,2026-10-18,0.358,YY,p2,1,3.71,"147,1047,1412,1997",1500x2000,2026-10-18:YY:p2:0.36
xBC0059,2027-08-17,0.764,YYYY,p2,1,1.06,"597,922,1012,1075",1500x2000,2027-8-17:YYYY:p2:0.76
xBC0060,2026-12-20,0.764,YYYY,p2,4,1.7,"503,1081,1356,1284",1500x2000,2026-3-21:YYYY:p2:0.76|2026-12-20:YYYY:p2:0.76|2026-12-20:YYYY:p2:0.76|2026-3-21:YYYY:p2:0.76
xBC0061,NONE-10-11,0.194,MMDD,p1@1024,1,6.66,"64,486,1336,971",2000x1500,None-10-11:MMDD:p1@1024:0.19
xBC0062,2020-03-05,0.339,SP_DMY,p1@1024,1,3.77,"596,500,1129,1521",1500x2000,2020-3-5:SP_DMY:p1@1024:0.34
xBC0063,NONE,,,,0,29.62,,,
xBC0064,NONE,,,,0,31.35,,,
xBC0065,NONE,,,,0,38.92,,,
xBC0066,NONE,,,,0,55.39,,,
xBC0067,NONE,,,,0,35.57,,,
xBC0068,2026-07-08,0.739,YYYY,p1@1024,1,3.41,"637,619,1227,943",1500x2000,2026-7-8:YYYY:p1@1024:0.74
xBC0069,2022-01-07,0.522,YYYY,p1@640,1,1.79,"712,978,975,1234",1500x2000,2022-1-7:YYYY:p1@640:0.52
xBC0070,NONE-09-07,0.751,MMDD,p2,1,1.59,"297,844,1075,1150",1500x2000,None-9-7:MMDD:p2:0.75
xBC0071,2027-04-12,0.875,YYYY,p2,1,1.36,"553,919,881,1019",1500x2000,2027-4-12:YYYY:p2:0.88
xBC0072,2026-07-01,0.819,YY,p1@640,1,1.33,"841,1000,1172,1116",1500x2000,2026-7-1:YY:p1@640:0.82
xBC0073,NONE,,,,0,35.24,,,
xBC0074,2027-11-22,0.677,YYYY,p1@1024,1,3.52,"412,832,928,1043",1500x2000,2027-11-22:YYYY:p1@1024:0.68
xBC0075,NONE,,,,0,35.15,,,
xBC0076,2026-10-16,0.91,YYYY,p2,2,4.41,"556,756,831,834",1500x2000,2026-10-16:YYYY:p2:0.67|2026-10-16:YYYY:p2:0.91
xBC0077,2026-09-NONE,0.558,YYMM,p1@1024,1,5.33,"689,1020,1014,1098",1500x2000,2026-9-None:YYMM:p1@1024:0.56
xBC0078,2026-09-24,0.574,YY,p2,4,4.25,"553,788,1144,1103",1500x2000,2026-9-24:YY:p2:0.57|2026-9-22:YY:p2:0.57|2026-9-22:YY:p2:0.57|2026-9-24:YY:p2:0.57
xBC0079,2026-09-24,0.952,YY,p2,3,5.9,"416,1081,1050,1134",1500x2000,2026-9-24:YY:p2:0.95|2026-9-22:YY_TAIL:p2:0.95|2026-9-24:YY:p2:0.95
xBC0080,2024-02-01,0.585,YY,p2,1,5.94,"408,912,1037,1080",1500x2000,2024-2-1:YY:p2:0.59
xBC0081,NONE,,,,0,50.21,,,
xBC0082,2026-10-05,0.961,YY,p2,1,4.65,"723,1254,865,1301",1500x2000,2026-10-5:YY:p2:0.96
xBC0083,2026-09-28,0.909,YYYY,p2,1,1.63,"603,1016,938,1112",1500x2000,2026-9-28:YYYY:p2:0.91
xSA0001,2027-06-15,0.924,YYYY,p2,1,2.18,"872,1269,1053,1309",1500x2000,2027-6-15:YYYY:p2:0.92
xSA0002,2027-02-13,0.779,YYYY,p2,1,1.46,"522,1097,822,1144",1500x2000,2027-2-13:YYYY:p2:0.78
xSA0003,NONE,,,,0,31.08,,,
xSA0004,2028-02-07,0.723,YYYY,p1keep/p1@640,3,5.44,"44,1097,1300,1250",1500x2000,2026-8-8:YYYY:p2:0.65|2026-8-8:YYYY:p2:0.65|2028-2-7:YYYY:p1keep/p1@640:0.72
xSA0005,2026-08-08,0.594,YYYY,p2,1,21.52,"254,501,572,536",1500x2000,2026-8-8:YYYY:p2:0.59
xSA0006,2028-12-10,0.854,YYYY,p1keep/p1@640,8,4.42,"0,425,1203,1009",1500x2000,2026-8-1:DMY4:p2:0.86|2026-8-20:YYYY:p2:0.86|2025-1-8:YYYY:p2:0.86|2026-8-1:DMY4:p2:0.86|2026-8-20:YYYY:p2:0.86|2025-1-8:YYYY:p2:0.86|2025-8-20:YYYY:p1keep/p1@640:0.85|2028-12-10:YYYY:p1keep/p1@640:0.85
xSA0007,2025-01-12,0.879,YYYY,p2,1,6.91,"646,1127,1109,1252",1500x2000,2025-1-12:YYYY:p2:0.88
xSA0008,2027-09-06,0.942,YYYY,p2,2,2.05,"653,819,906,906",1500x2000,2027-9-6:YYYY:p2:0.94|None-10-10:MMDD:p2:0.87
xSA0009,2027-09-06,0.95,YY,p2,2,4.26,"939,600,1023,637",1500x2000,2027-9-6:YY:p2:0.95|None-10-10:MMDD:p1@1024:0.96
xSA0010,2020-04-10,0.971,DDMMYY,p2,2,2.11,"519,791,1141,856",1500x2000,2020-4-10:DDMMYY:p2:0.97|None-10-4:MMDD:p1keep/p1@640:0.93
xSA0011,2020-04-10,0.454,DDMMYY,p2,2,5.25,"615,406,916,486",1500x2000,2020-4-10:DDMMYY:p2:0.45|None-10-4:MMDD:p2:0.92
xSA0012,2026-08-30,0.926,YY_TAIL,p1keep/p1@1024,3,7.78,"639,1248,1322,1350",1500x2000,2026-8-30:YYMM_DAYLA:p2:0.80|2026-8-None:YYMM:p2:0.80|2026-8-30:YY_TAIL:p1keep/p1@1024:0.93
xSA0013,2030-08-26,0.69,SP_DMY,p1@640,5,2.16,"712,1281,972,1359",1500x2000,2030-8-26:SP_DMY:p1@640:0.69|2026-8-None:YYMM:p2:0.69|2026-8-30:YYMM_DAYLA:p2:0.69|2026-8-30:YYMM_DAYLA:p2:0.69|2026-8-None:YYMM:p2:0.69
xSA0014,NONE,,,,0,28.81,,,
xSA0015,2026-09-NONE,0.61,MMYYYY,p2,1,1.64,"728,981,1316,1125",1500x2000,2026-9-None:MMYYYY:p2:0.61
xSA0016,2026-08-25,0.996,YYYY,p1@1024,1,3.34,"807,1311,986,1365",1500x2000,2026-8-25:YYYY:p1@1024:1.00
xSA0017,2027-05-27,0.979,YYYY,p2,1,1.99,"394,1009,906,1119",1500x2000,2027-5-27:YYYY:p2:0.98
xSA0018,2026-09-17,0.736,YYYY,p2,3,5.14,"312,1184,984,1259",1500x2000,2025-4-2:YYYY:p2:0.56|2026-3-18:YYYY:p2:0.66|2026-9-17:YYYY:p2:0.74
xSA0019,NONE-06-23,0.917,MMDD,p2,1,4.29,"403,1253,1147,1369",1500x2000,None-6-23:MMDD:p2:0.92
xSA0021,2027-08-06,0.91,YYYY,p1keep/p1@640,3,5.39,"112,0,1231,1038",1500x2000,2026-8-7:YYYY:p2:0.76|2026-8-7:YYYY:p2:0.76|2027-8-6:YYYY:p1keep/p1@640:0.91
xSA0022,2027-07-01,0.799,DMY4,p2,2,5.24,"500,1112,1500,1238",1500x2000,2026-7-1:DMY4:p2:0.97|2027-7-1:DMY4:p2:0.80
xSA0023,NONE,,,,0,49.85,,,
xSA0024,2026-12-NONE,0.942,YYYYMM,p2,1,3.26,"644,1116,1066,1216",1500x2000,2026-12-None:YYYYMM:p2:0.94
xSA0025,2026-10-12,0.468,YYYY,p1@640,3,5.32,"462,1000,1431,1125",1500x2000,2026-9-14:YYYY:p2:0.55|2026-9-13:YMD_GLUED:p2:0.79|2026-10-12:YYYY:p1@640:0.47
xSA0026,NONE-10-08,0.781,MMDD,p2,1,3.93,"744,1144,1306,1250",1500x2000,None-10-8:MMDD:p2:0.78
xSA0027,2026-06-12,0.754,DMY4,p2,3,2.44,"441,1128,1162,1344",1500x2000,2026-6-12:DMY4:p2:0.75|2026-6-12:DMY4:p2:0.75|2025-6-12:DMY4:p1keep/p1@640:0.94
xSA0028,NONE,,,,0,59.37,,,
xSA0029,2021-07-16,0.694,YY,p2,1,3.32,"467,879,1041,1045",1500x2000,2021-7-16:YY:p2:0.69
xSA0030,2028-05-22,0.956,YYYY,p2,1,2.09,"472,1078,1331,1222",1500x2000,2028-5-22:YYYY:p2:0.96
xSA0031,2028-05-22,0.388,YYYY,p2,1,3.54,"544,847,1209,1253",1500x2000,2028-5-22:YYYY:p2:0.39
xSA0032,2028-02-04,0.652,YYYY,p2,1,1.57,"797,669,1053,759",1500x2000,2028-2-4:YYYY:p2:0.65
xSA0033,NONE,,,,0,37.31,,,
xSA0034,2027-06-03,0.874,YYYY,p2,1,2.37,"491,862,1359,1003",1500x2000,2027-6-3:YYYY:p2:0.87
xSA0035,2027-06-06,0.88,YY,p2,2,5.32,"334,362,704,462",1500x2000,2027-6-6:YY:p2:0.88|2027-5-6:YY:p1keep/erode2/p1@640:0.86
xSA0036,2027-01-01,0.544,YYYY,p2,2,2.29,"684,994,1378,1156",1500x2000,2027-1-1:YYYY:p2:0.54|None-4-1:MMDD:p2:0.68
xSA0037,2027-01-01,0.884,YYYY,p2,1,4.14,"641,1025,793,1086",1500x2000,2027-1-1:YYYY:p2:0.88
xSA0038,2026-11-10,0.617,YY_LEAD0,p2,2,3.84,"716,931,1203,1044",1500x2000,2026-5-1:YYYY:p2:0.70|2026-11-10:YY_LEAD0:p2:0.62
xSA0039,NONE,,,,0,28.89,,,
xSA0040,NONE,,,,0,25.69,,,
xSA0041,2027-09-18,0.606,YYYY,p2,1,3.11,"325,1047,1497,1212",1500x2000,2027-9-18:YYYY:p2:0.61
xSA0042,2027-09-18,0.652,YYYY,ft/p1@1024,1,26.86,"693,1057,908,1135",1500x2000,2027-9-18:YYYY:ft/p1@1024:0.65
xSA0043,2028-03-09,0.923,YYYY,p2,1,3.31,"559,1094,1000,1206",1500x2000,2028-3-9:YYYY:p2:0.92
xSA0044,2028-03-09,0.699,YYYY,p1@1024,1,4.04,"785,1225,1211,1320",1500x2000,2028-3-9:YYYY:p1@1024:0.70
xSA0045,2027-08-05,0.868,YYYY,p2,1,4.76,"734,1041,977,1119",1500x2000,2027-8-5:YYYY:p2:0.87
xSA0046,NONE,,,,0,31.51,,,
xSA0047,NONE,,,,0,41.73,,,
xSA0048,NONE,,,,0,33.11,,,
xSA0049,2026-12-31,0.706,YYYY,p2,4,5.5,"0,897,1156,1094",1500x2000,2026-9-1:YYYY:p2:0.71|2026-12-31:YYYY:p2:0.71|2026-12-31:YYYY:p2:0.71|2026-9-1:YYYY:p2:0.71
xSA0050,2026-11-27,0.386,YYYY,p1keep/p1@640,4,6.61,"0,1019,1175,1456",1500x2000,2022-7-28:YYMM_GLUE:p2:0.25|2022-7-28:YYMM_GLUE:p2:0.25|2026-11-27:YYYY:p1keep/p1@640:0.39|2026-7-28:YYYY:p1keep/p1@640:0.39
xSA0051,2026-07-28,0.57,YYYY,p2,1,2.96,"138,1303,1038,1684",1500x2000,2026-7-28:YYYY:p2:0.57
xSA0052,NONE,,,,0,27.63,,,
xSA0053,2020-07-07,0.842,SP_YMD,p2,2,3.58,"139,998,896,1111",1500x2000,2020-7-7:SP_YMD:p2:0.84|None-7-12:MMDD:p1keep/p1@1024:0.96
xSA0054,2027-01-30,0.826,YYYY,erode3/p1@640,1,25.09,"349,707,552,816",1500x2000,2027-1-30:YYYY:erode3/p1@640:0.83
xSA0055,NONE,,,,0,43.05,,,
xSA0056,NONE,,,,0,42.89,,,
xSA0057,2025-09-28,0.474,YY,p1@1024,1,3.61,"713,1521,1492,1707",1500x2000,2025-9-28:YY:p1@1024:0.47
xSA0058,2027-04-02,0.462,DMY4,p1keep/erode3/p1@1024,2,9.15,"149,466,579,675",1500x2000,2022-4-2:DMY4:p2:0.38|2027-4-2:DMY4:p1keep/erode3/p1@1024:0.46
xSA0059,NONE,,,,0,29.5,,,
xSA0060,NONE,,,,0,27.46,,,
xSA0061,NONE,,,,0,32.56,,,
xSA0062,2029-07-NONE,0.797,YYMM,p1@1024,1,3.05,"621,1090,1354,1283",1500x2000,2029-7-None:YYMM:p1@1024:0.80
xSA0063,NONE,,,,0,27.55,,,
xSA0064,2028-08-22,0.854,MDY,p1@640,1,1.06,"531,1262,1078,1462",1500x2000,2028-8-22:MDY:p1@640:0.85
xSA0065,2028-08-22,0.857,MDY,p2,1,2.61,"771,1203,939,1246",1500x2000,2028-8-22:MDY:p2:0.86
xSA0066,2027-07-02,0.53,YY,p2,1,2.41,"625,1316,1128,1434",1500x2000,2027-7-2:YY:p2:0.53
xSA0067,2027-07-02,0.784,YYYY,p2,1,3.44,"676,1250,787,1303",1500x2000,2027-7-2:YYYY:p2:0.78
xSA0068,2028-05-22,0.476,YYYY,p1@640,1,5.22,"0,1156,1175,1478",1500x2000,2028-5-22:YYYY:p1@640:0.48
xSA0069,2028-05-22,0.256,YYYY,p2,1,2.07,"497,1194,1012,1291",1500x2000,2028-5-22:YYYY:p2:0.26
xSA0072,2026-01-19,0.669,CMP,p1@1024,1,4.68,"572,1062,1160,1141",1500x2000,2026-1-19:CMP:p1@1024:0.67
xSA0073,NONE,,,,0,22.54,,,
xSA0074,2026-05-31,0.906,CMP,ft/erode3/p1@1024,1,18.13,"279,454,537,542",1500x2000,2026-5-31:CMP:ft/erode3/p1@1024:0.91
xSA0075,NONE,,,,0,32.99,,,
xSA0076,2029-07-15,0.887,CMP,ft/p1keep/p1@1024,2,33.64,"781,795,1221,885",1500x2000,2029-2-15:CMP:ft/p2:0.86|2029-7-15:CMP:ft/p1keep/p1@1024:0.89
xSA0077,NONE,,,,0,28.81,,,
xSA0078,NONE,,,,0,35.94,,,
xSA0079,NONE,,,,0,24.95,,,
xSA0080,NONE,,,,0,41.35,,,
xSA0081,NONE,,,,0,33.76,,,
xSA0082,2025-05-17,0.741,YYYY,p2,1,2.1,"503,1034,962,1294",1500x2000,2025-5-17:YYYY:p2:0.74
xSA0083,2025-05-17,0.967,YYYY,p2,2,4.41,"861,1217,1014,1245",1500x2000,2023-5-18:YYYY:p2:0.96|2025-5-17:YYYY:p2:0.97
xSA0084,2022-07-07,0.758,YY,p2,1,4.07,"795,1131,1008,1240",1500x2000,2022-7-7:YY:p2:0.76
xSA0085,NONE,,,,0,30.19,,,
xSA0086,2027-11-30,0.802,YYYY,p2,1,1.56,"556,1244,1141,1384",1500x2000,2027-11-30:YYYY:p2:0.80
xSA0087,NONE,,,,0,26.75,,,
xSA0088,NONE,,,,0,24.72,,,
xSA0089,NONE,,,,0,20.66,,,
xSA0090,NONE,,,,0,22.31,,,
xSA0091,NONE,,,,0,23.68,,,
xSA0092,2026-02-25,0.901,YYYY,p1@1024,1,2.02,"807,1150,1125,1369",1500x2000,2026-2-25:YYYY:p1@1024:0.90
xSA0093,NONE,,,,0,21.16,,,
xSA0096,NONE-12-13,0.487,MMDD,p2,1,3.73,"586,1039,977,1240",1500x2000,None-12-13:MMDD:p2:0.49
xSA0097,NONE,,,,0,25.34,,,
xSA0098,NONE,,,,0,40.49,,,
xSA0099,NONE,,,,0,27.11,,,
xSA0100,NONE,,,,0,23.52,,,
xSA0101,NONE,,,,0,22.36,,,
xSA0102,2025-11-12,0.631,YYYY,p2,1,3.66,"609,1394,1216,1484",1500x2000,2025-11-12:YYYY:p2:0.63
xSA0103,2022-08-29,0.903,YMD_GLUED,p2,1,1.04,"816,288,1297,450",1500x2000,2022-8-29:YMD_GLUED:p2:0.90
xSA0104,2024-05-30,0.459,YY,p1@640,1,2.12,"331,819,762,1031",1500x2000,2024-5-30:YY:p1@640:0.46
xSA0105,2025-09-17,0.472,YY,p2,1,1.33,"97,584,1028,919",1500x2000,2025-9-17:YY:p2:0.47
xSA0106,2026-08-12,0.705,CMP6_YMD,p2,1,2.43,"701,1102,1314,1266",1500x2000,2026-8-12:CMP6_YMD:p2:0.70
xSA0107,2026-05-25,0.971,CMP,p2,1,1.42,"503,891,772,972",1500x2000,2026-5-25:CMP:p2:0.97
xSA0108,2026-01-18,0.904,YYYY,erode2/p1@1024,1,6.66,"77,397,678,519",1500x2000,2026-1-18:YYYY:erode2/p1@1024:0.90
xSA0109,2025-01-18,0.981,YYYY,p2,1,3.17,"384,991,1094,1081",1500x2000,2025-1-18:YYYY:p2:0.98
xSA0110,2027-07-06,0.743,YYYY,reread,2,6.46,"291,1012,1028,1200",1500x2000,2027-1-8:YYYY:p1@1024:0.60|2027-7-6:YYYY:reread:0.74
xSA0111,NONE,,,,0,28.51,,,
xSA0112,NONE,,,,0,25.09,,,
xSA0113,NONE,,,,0,24.54,,,
xSA0114,NONE,,,,0,26.76,,,
xSA0115,2025-10-26,0.381,YYYY,p2,1,3.44,"231,116,1172,1241",1500x2000,2025-10-26:YYYY:p2:0.38
xSA0116,NONE-07-19,0.887,MMDD,p1@1024,1,7.0,"203,920,1258,1105",1500x2000,None-7-19:MMDD:p1@1024:0.89
xSA0117,2020-06-25,0.706,MDY,ft/p1@640,1,15.48,"291,712,1050,1028",1500x2000,2020-6-25:MDY:ft/p1@640:0.71
xSA0118,NONE,,,,0,24.85,,,
xSA0119,2026-10-12,0.891,YYYY,p1@640,1,0.8,"459,788,1134,1112",1500x2000,2026-10-12:YYYY:p1@640:0.89
xSA0120,2028-05-13,0.957,YYYY,p1@640,1,0.95,"547,509,975,734",1500x2000,2028-5-13:YYYY:p1@640:0.96
xSA0121,NONE,,,,0,26.27,,,
xSA0122,NONE,,,,0,19.59,,,
xSA0123,2026-09-18,0.741,YY,p1@640,1,0.71,"528,909,912,1075",1500x2000,2026-9-18:YY:p1@640:0.74
xSH0001,2027-12-14,0.789,YYYY,p1keep/p1@640,3,1.99,"494,656,1047,747",1500x2000,2026-6-15:YYYY:p2:0.60|2026-6-15:YYYY:p2:0.60|2027-12-14:YYYY:p1keep/p1@640:0.79
xSH0002,NONE,,,,0,23.49,,,
xSH0003,2027-05-19,0.702,YYYY,p2,1,1.33,"559,988,741,1069",1500x2000,2027-5-19:YYYY:p2:0.70
xSH0004,NONE,,,,0,23.61,,,
xSH0005,NONE,,,,0,25.11,,,
xSH0006,2027-06-07,0.526,YYYY,p1keep/p1@1024,2,3.01,"264,814,861,953",1500x2000,2020-7-None:YYYYMM:p2:0.44|2027-6-7:YYYY:p1keep/p1@1024:0.53
xSH0007,2027-09-01,0.653,YYYY,p2,2,1.31,"619,938,794,1050",1500x2000,2027-9-1:YYYY:p2:0.65|2027-5-27:YYYY:p1keep/p1@640:0.92
xSH0008,NONE,,,,0,26.48,,,
xSH0009,NONE-11-27,0.711,MMDD,p1@1024,1,2.92,"676,936,865,1037",1500x2000,None-11-27:MMDD:p1@1024:0.71
xSH0010,2026-01-05,0.377,YYYY,p1@1024,1,2.76,"590,967,959,1174",1500x2000,2026-1-5:YYYY:p1@1024:0.38
xSH0011,2025-11-02,0.925,YYYY,ft/p1keep/p1@640,2,14.44,"762,844,972,922",1500x2000,2025-1-2:YYYY:ft/p2:0.77|2025-11-2:YYYY:ft/p1keep/p1@640:0.92
xSH0012,2026-01-NONE,0.391,YYYYMM,ft/blur1/p1@1024,1,22.04,"32,481,472,775",1500x2000,2026-1-None:YYYYMM:ft/blur1/p1@1024:0.39
xSH0013,2026-03-06,0.705,YYYY,ft/p2,1,17.93,"576,797,865,928",1500x2000,2026-3-6:YYYY:ft/p2:0.71
xSH0014,2027-03-10,0.621,YYYY,p2,1,1.01,"747,1000,988,1119",1500x2000,2027-3-10:YYYY:p2:0.62
xSH0015,NONE,,,,0,28.65,,,
xSH0016,2027-06-25,0.914,YYYY,p2,1,4.62,"730,994,857,1031",1500x2000,2027-6-25:YYYY:p2:0.91
xSH0017,2027-08-11,0.99,YYYY,erode2/p1@1024,1,8.34,"249,226,360,265",1500x2000,2027-8-11:YYYY:erode2/p1@1024:0.99
xSH0018,2027-05-05,0.714,YYYY,p2,1,2.32,"616,541,794,594",1500x2000,2027-5-5:YYYY:p2:0.71
xSH0019,2027-02-23,0.786,YYYY,p2,1,3.48,"580,537,771,598",1500x2000,2027-2-23:YYYY:p2:0.79
xSH0020,2027-07-26,0.906,YYYY,erode2/p1@640,1,8.23,"275,334,406,392",1500x2000,2027-7-26:YYYY:erode2/p1@640:0.91
xSH0021,2027-05-24,0.972,MDY4,p2,1,5.65,"66,494,1203,578",1500x2000,2027-5-24:MDY4:p2:0.97
xSH0022,2027-05-03,0.987,YY,p2,1,1.37,"494,291,738,362",1500x2000,2027-5-3:YY:p2:0.99
xSH0023,2027-08-25,0.97,YYYY,p1@1024,1,2.94,"695,416,928,494",1500x2000,2027-8-25:YYYY:p1@1024:0.97
xSH0024,2027-07-19,0.889,YYYY,p2,1,1.72,"700,884,900,950",1500x2000,2027-7-19:YYYY:p2:0.89
xSH0025,2027-06-26,0.887,YYYY,p2,1,3.57,"727,857,875,914",1500x2000,2027-6-26:YYYY:p2:0.89
xSH0026,2027-06-08,0.66,YYYY,p2,1,1.21,"0,838,938,1319",1500x2000,2027-6-8:YYYY:p2:0.66
xSH0027,2026-10-05,0.698,YYYY,p2,3,1.9,"734,822,1019,1003",1500x2000,2026-5-6:YYYY:p2:0.70|2026-10-5:YYYY:p2:0.70|2026-10-5:YYYY:p2:0.70
xSH0028,2027-07-03,0.985,DMY4,p2,1,1.11,"756,966,1041,1025",1500x2000,2027-7-3:DMY4:p2:0.98
xSH0029,2026-11-26,0.33,YY,p2,5,5.06,"141,512,1497,956",1500x2000,2026-11-26:YY:p2:0.33|2025-11-27:YY_TAIL:p2:0.33|2026-11-26:YY:p2:0.33|2025-11-27:YY_TAIL:p2:0.33|2025-1-27:YY:p1keep/p1@640:0.48
xSH0030,2027-05-27,0.641,CMP6_DMY,p2,1,4.3,"607,1012,965,1232",1500x2000,2027-5-27:CMP6_DMY:p2:0.64
xSH0031,2026-11-26,0.811,YYYY,ft/erode2/p1@1024,1,18.32,"251,426,525,500",1500x2000,2026-11-26:YYYY:ft/erode2/p1@1024:0.81
xSH0032,2026-05-02,0.55,YY_TAIL,p1@640,1,1.71,"0,731,1428,2000",1500x2000,2026-5-2:YY_TAIL:p1@640:0.55
xSH0033,2027-03-30,0.875,YY,p1@640,1,0.96,"431,778,944,1109",1500x2000,2027-3-30:YY:p1@640:0.87
xSH0034,2027-02-25,0.774,YYYY,p1@640,2,1.21,"812,816,1091,928",1500x2000,2027-2-25:YYYY:p1@640:0.77|2026-8-22:YYYY:p1@640:0.77
xSH0035,2027-06-24,0.904,YYYY,p1@640,1,0.9,"756,866,1112,981",1500x2000,2027-6-24:YYYY:p1@640:0.90
xSH0036,2027-03-11,0.894,YYYY,p2,1,1.65,"475,981,1191,1128",1500x2000,2027-3-11:YYYY:p2:0.89
xSH0037,2022-12-NONE,0.473,YYMM,ft/p2,1,24.62,"711,1039,1107,1248",1500x2000,2022-12-None:YYMM:ft/p2:0.47
xSH0038,2026-12-01,0.779,YY,p2,2,3.71,"603,959,1444,1022",1500x2000,2026-6-2:YY:p2:0.64|2026-12-1:YY:p2:0.78
xSH0039,2026-06-02,0.828,YY,p1@1024,1,2.49,"680,945,895,1068",1500x2000,2026-6-2:YY:p1@1024:0.83
xSH0040,2027-01-21,0.326,YY,p1keep/p1@640,3,2.7,"556,694,1500,981",1500x2000,2026-7-22:YY:p2:0.28|2026-7-22:YY:p2:0.28|2027-1-21:YY:p1keep/p1@640:0.33
xSH0041,2027-01-05,0.977,YYYY,p1@640,2,1.81,"769,1009,962,1062",1500x2000,2026-7-6:YYYY:p2:0.89|2027-1-5:YYYY:p1@640:0.98
xSH0042,2027-07-05,0.837,YYYY,p1keep/p1@1024,2,2.69,"555,762,869,885",1500x2000,2020-5-11:CMP:p2:0.58|2027-7-5:YYYY:p1keep/p1@1024:0.84
xSH0043,2027-08-17,0.758,YYYY,p2,1,1.2,"6,750,956,828",1500x2000,2027-8-17:YYYY:p2:0.76
xSH0044,2027-02-02,0.947,YYYY,p2,1,1.39,"691,884,900,950",1500x2000,2027-2-2:YYYY:p2:0.95
xSH0045,NONE,,,,0,30.56,,,
xSH0046,NONE,,,,0,25.15,,,
xSH0047,2020-10-02,0.464,YY,blur1/p1@1024,1,11.17,"390,458,546,565",1500x2000,2020-10-2:YY:blur1/p1@1024:0.46
xSH0048,2026-08-26,0.894,YY,p1keep/p1@640,2,1.0,"662,941,962,1041",1500x2000,2025-8-26:YY:p2:0.63|2026-8-26:YY:p1keep/p1@640:0.89
xSH0049,2026-07-20,0.322,CMP6_YMD,p2,1,4.32,"0,416,578,1024",1500x2000,2026-7-20:CMP6_YMD:p2:0.32
xSH0050,2027-05-15,0.812,YYYY,p2,1,0.9,"697,925,991,1028",1500x2000,2027-5-15:YYYY:p2:0.81
xSH0051,2026-02-23,0.855,YYYY,erode2/p1@640,1,4.92,"262,408,490,539",1500x2000,2026-2-23:YYYY:erode2/p1@640:0.86
xSH0052,NONE,,,,0,24.27,,,
xSH0053,2027-05-22,0.61,YY,p2,1,0.94,"591,822,978,1031",1500x2000,2027-5-22:YY:p2:0.61
xSH0054,2026-06-03,0.808,D_MON_Y,erode2/p1@1024,1,6.19,"196,434,490,530",1500x2000,2026-6-3:D_MON_Y:erode2/p1@1024:0.81
xSH0055,2026-06-03,0.579,D_MON_Y,erode2/p1@1024,1,5.58,"337,383,463,474",1500x2000,2026-6-3:D_MON_Y:erode2/p1@1024:0.58
xSH0056,2025-06-13,0.266,D_MON_Y,erode3/p1@1024,1,7.84,"366,372,479,461",1500x2000,2025-6-13:D_MON_Y:erode3/p1@1024:0.27
xSH0057,2027-09-16,0.64,YY_TAIL,p2,1,1.2,"662,862,1169,975",1500x2000,2027-9-16:YY_TAIL:p2:0.64
xSH0058,2022-03-27,0.848,YY,ft/blur1/p1@1024,1,23.05,"302,551,481,661",1500x2000,2022-3-27:YY:ft/blur1/p1@1024:0.85
xSH0059,2027-03-12,0.834,DDMMYY,p1@640,1,1.0,"603,1109,916,1275",1500x2000,2027-3-12:DDMMYY:p1@640:0.83
xSH0060,NONE,,,,0,24.85,,,
xSH0061,2027-02-14,0.872,YY,ft/p2,2,19.03,"402,504,520,566",1500x2000,2027-2-14:YY:ft/p2:0.87|None-12-14:MMDD:ft/p1keep/erode2/p1@1024:0.86
xSH0062,2022-06-13,0.888,YYYY,p1keep/p1@640,2,1.37,"650,919,988,1000",1500x2000,2022-5-13:YYYY:p2:0.89|2022-6-13:YYYY:p1keep/p1@640:0.89
xSH0063,NONE,,,,0,30.23,,,
xSH0064,NONE,,,,0,29.31,,,
xSH0065,2028-01-02,0.389,SP_DMY,dilate2/p1@1024,1,16.24,"166,405,718,471",1500x2000,2028-1-2:SP_DMY:dilate2/p1@1024:0.39
xSH0066,2026-09-23,0.797,YY,ft/p1@640,2,16.82,"700,1075,1097,1272",1500x2000,2022-1-12:CMP6_DMY:ft/p1@640:0.40|2026-9-23:YY:ft/p1@640:0.80
xSH0067,2027-02-02,0.629,YY,ft/p2,1,17.74,"713,834,928,967",1500x2000,2027-2-2:YY:ft/p2:0.63
xSH0068,2020-07-13,0.552,YYYY,erode3/p1@1024,1,8.9,"251,472,358,540",1500x2000,2020-7-13:YYYY:erode3/p1@1024:0.55
xSH0069,NONE-11-06,0.616,MMDD,erode2/p1@640,1,5.75,"355,440,478,510",1500x2000,None-11-6:MMDD:erode2/p1@640:0.62
xSH0070,2026-11-23,0.435,YYYY,p1keep/p1@1024,2,5.22,"662,645,1203,1037",1500x2000,2025-11-23:YYYY:p2:0.29|2026-11-23:YYYY:p1keep/p1@1024:0.43
xSH0071,2026-10-02,0.725,YY,p1@640,1,1.09,"531,950,1050,1084",1500x2000,2026-10-2:YY:p1@640:0.72
xSH0072,2027-05-09,0.912,YY,p2,1,0.9,"581,509,841,619",1500x2000,2027-5-9:YY:p2:0.91
xSH0073,NONE,,,,0,26.98,,,
xSH0074,NONE,,,,0,23.93,,,
xSH0075,NONE,,,,0,26.23,,,
xSH0076,2025-02-02,0.159,YYYY,ft/p1@1024,1,16.06,"715,607,1172,982",1500x2000,2025-2-2:YYYY:ft/p1@1024:0.16
xSH0077,NONE,,,,0,24.61,,,
xSH0078,2026-03-27,0.331,CMP6_YMD,ft/p2,1,27.6,"664,795,1420,1080",1500x2000,2026-3-27:CMP6_YMD:ft/p2:0.33
xSH0079,2021-06-10,0.737,CMP,blur1/p1@1024,1,11.39,"173,430,491,512",1500x2000,2021-6-10:CMP:blur1/p1@1024:0.74
xSH0080,2022-01-NONE,0.868,YYYYMM,ft/p1@1024,1,16.2,"506,826,1018,1055",1500x2000,2022-1-None:YYYYMM:ft/p1@1024:0.87
xSH0081,2027-01-26,0.593,YYYY,p1keep/p1@640,2,1.28,"6,928,972,1431",1500x2000,2022-1-26:CMP:p2:0.39|2027-1-26:YYYY:p1keep/p1@640:0.59
xSH0082,NONE,,,,0,24.48,,,
xSH0083,2026-11-NONE,0.997,YYYYMM,p2,1,1.53,"684,766,847,816",1500x2000,2026-11-None:YYYYMM:p2:1.00
xSH0084,2027-05-10,0.551,YYYY,p2,1,2.34,"322,712,1019,806",1500x2000,2027-5-10:YYYY:p2:0.55
xSH0085,2027-02-25,0.711,YYYY,p2,4,3.19,"156,900,1134,1059",1500x2000,2027-2-25:YYYY:p2:0.71|2026-8-26:YYYY:p2:0.71|2026-8-26:YYYY:p2:0.71|2027-2-25:YYYY:p2:0.71
xSH0086,2027-02-25,0.526,CMP,p1@1024,1,3.7,"775,816,1082,988",1500x2000,2027-2-25:CMP:p1@1024:0.53
xSH0087,2022-08-NONE,0.461,YYMM,ft/p1@640,1,14.49,"519,662,1144,1225",1500x2000,2022-8-None:YYMM:ft/p1@640:0.46
xSH0088,2027-05-07,0.755,YYYY,p1@1024,1,2.34,"775,859,1094,1004",1500x2000,2027-5-7:YYYY:p1@1024:0.76
xSH0089,2027-04-22,0.784,YYYY,p2,1,3.95,"98,785,973,1402",1500x2000,2027-4-22:YYYY:p2:0.78
xSH0090,NONE,,,,0,36.16,,,
xSH0091,2026-08-19,0.566,YYYY,erode3/p1@640,1,13.6,"26,427,464,536",1500x2000,2026-8-19:YYYY:erode3/p1@640:0.57
xSH0092,2028-04-06,0.98,YYYY,p1@1024,1,3.25,"650,1311,1021,1369",1500x2000,2028-4-6:YYYY:p1@1024:0.98
xSH0093,2026-12-06,0.745,YYYY,p2,1,1.0,"709,834,1044,981",1500x2000,2026-12-6:YYYY:p2:0.74
xSH0094,2027-04-14,0.882,YY,p2,1,1.09,"591,1012,972,1156",1500x2000,2027-4-14:YY:p2:0.88
xSH0095,2027-01-21,0.813,YY,p2,1,1.05,"434,838,738,975",1500x2000,2027-1-21:YY:p2:0.81
xSH0096,2026-10-22,0.541,YYYY,p2,1,2.93,"419,966,1341,1275",1500x2000,2026-10-22:YYYY:p2:0.54
xSH0097,2027-01-26,0.832,YY,p2,1,1.37,"556,822,962,919",1500x2000,2027-1-26:YY:p2:0.83
xSH0098,2026-05-26,0.962,YY,p2,1,2.67,"658,896,988,977",1500x2000,2026-5-26:YY:p2:0.96
xSH0099,2027-03-22,0.761,YY,p2,1,1.09,"97,772,1281,944",1500x2000,2027-3-22:YY:p2:0.76
xSH0100,2027-12-31,0.777,YMD_GLUED,p2,1,5.14,"214,458,506,534",1500x2000,2027-12-31:YMD_GLUED:p2:0.78
xSY0001,2027-03-09,0.485,YYYY,p1@640,1,1.5,"131,869,778,1091",1125x2000,2027-3-9:YYYY:p1@640:0.49
xSY0002,2027-02-08,0.791,YYYY,p2,1,1.38,"81,800,544,997",1125x2000,2027-2-8:YYYY:p2:0.79
xSY0003,2027-04-20,0.987,YYYY,p2,1,0.83,"200,1078,872,1206",1125x2000,2027-4-20:YYYY:p2:0.99
xSY0004,2026-09-NONE,0.77,YYYYMM,p2,1,0.94,"262,894,675,1144",1125x2000,2026-9-None:YYYYMM:p2:0.77
xSY0005,NONE,,,,0,18.77,,,
xSY0006,2027-04-20,0.995,YYYY,p2,1,2.08,"484,975,623,998",1125x2000,2027-4-20:YYYY:p2:1.00
xSY0007,NONE-09-16,0.881,MMDD,ft/p2,1,11.73,"533,1068,725,1139",1125x2000,None-9-16:MMDD:ft/p2:0.88
xSY0008,2026-09-15,0.893,YYYY,p2,1,1.53,"434,1294,678,1356",1125x2000,2026-9-15:YYYY:p2:0.89
xSY0009,NONE,,,,0,18.86,,,
xSY0010,2027-08-30,0.95,YYYY,p2,1,1.96,"141,963,965,1057",1125x2000,2027-8-30:YYYY:p2:0.95
xSY0011,2027-08-30,0.99,YYYY,p2,1,3.22,"195,512,390,541",1125x2000,2027-8-30:YYYY:p2:0.99
xSY0012,2026-11-09,0.958,DDMMYY,erode3/p1@640,1,16.62,"158,616,286,650",1125x2000,2026-11-9:DDMMYY:erode3/p1@640:0.96
xSY0013,NONE,,,,0,19.78,,,
xSY0014,2027-07-NONE,0.795,MMYYYY,p2,1,1.83,"722,1212,856,1306",1125x2000,2027-7-None:MMYYYY:p2:0.80
xSY0015,NONE,,,,0,19.61,,,
xSY0016,2027-09-27,0.95,YYYY,p2,3,4.3,"184,1431,528,1500",1125x2000,2025-9-28:YYYY:p2:0.96|2027-9-27:YYYY:p2:0.95|2026-9-13:CMP6_YMD:p2:0.89
xSY0017,2025-09-28,0.8,YYYY,p2,1,6.56,"352,1338,701,1422",1125x2000,2025-9-28:YYYY:p2:0.80
xSY0018,2027-09-27,0.689,YYYY,p2,1,2.05,"197,888,672,984",1125x2000,2027-9-27:YYYY:p2:0.69
xSY0019,2027-09-27,0.769,YYYY,p2,1,2.09,"494,980,641,1021",1125x2000,2027-9-27:YYYY:p2:0.77
xSY0020,2025-03-05,0.829,YYYY,p1@640,1,2.17,"453,1478,688,1544",1125x2000,2025-3-5:YYYY:p1@640:0.83
xSY0021,2027-07-25,0.694,CMP6_YMD,p1@640,1,1.66,"459,1328,697,1372",1125x2000,2027-7-25:CMP6_YMD:p1@640:0.69
xSY0022,2027-06-03,0.911,YYYY,ft/erode3/p1@640,1,17.92,"221,438,360,466",1125x2000,2027-6-3:YYYY:ft/erode3/p1@640:0.91
xSY0023,2027-05-08,0.911,YYYY,p1@640,1,0.81,"525,888,669,919",1125x2000,2027-5-8:YYYY:p1@640:0.91
xSY0024,2027-07-15,0.711,YYYY,p2,1,1.36,"38,938,759,1081",1125x2000,2027-7-15:YYYY:p2:0.71
xSY0025,2029-08-NONE,0.592,YYMM,p2,1,1.88,"154,965,818,1074",1125x2000,2029-8-None:YYMM:p2:0.59
xSY0026,NONE,,,,0,17.73,,,
xSY0027,2027-07-27,0.637,YYYY,p2,1,2.55,"0,544,1019,709",1125x2000,2027-7-27:YYYY:p2:0.64
xSY0028,2027-07-27,0.503,YYYY,p2,2,6.18,"143,545,895,664",1125x2000,2027-7-27:YYYY:p2:0.50|2023-4-4:SP_DMY:p1@1024:0.30
xSY0029,2028-03-16,0.995,YYYY,p2,1,0.79,"369,944,638,1025",1125x2000,2028-3-16:YYYY:p2:0.99
xSY0030,2028-12-28,0.626,YYYY,p2,2,5.39,"300,1509,800,1569",1125x2000,2025-12-29:YYYY:p2:0.75|2028-12-28:YYYY:p2:0.63
xSY0031,2026-08-27,0.788,YYYY,p2,1,5.83,"188,1450,959,1509",1125x2000,2026-8-27:YYYY:p2:0.79
xSY0032,2026-08-27,0.773,YMD_GLUED,p2,1,4.72,"318,1354,697,1455",1125x2000,2026-8-27:YMD_GLUED:p2:0.77
xSY0033,2026-10-16,0.832,YYYY,p1keep/p1@640,2,1.18,"409,1312,697,1375",1125x2000,2026-6-None:YYYYMM:p2:0.77|2026-10-16:YYYY:p1keep/p1@640:0.83
xSY0034,2027-12-01,0.913,YY,p2,1,1.4,"534,1191,681,1234",1125x2000,2027-12-1:YY:p2:0.91
xSY0035,2026-09-22,0.65,YYYY,p2,1,1.58,"494,1203,716,1294",1125x2000,2026-9-22:YYYY:p2:0.65
xSY0036,NONE-02-11,0.411,MMDD,erode2/p1@1024,1,8.89,"0,183,386,730",1125x2000,None-2-11:MMDD:erode2/p1@1024:0.41
xSY0037,2019-04-07,0.677,DMY4,erode2/p1@1024,1,8.66,"186,406,372,461",1125x2000,2019-4-7:DMY4:erode2/p1@1024:0.68
xSY0038,2027-11-25,0.77,YYYY,erode2/p1@1024,1,9.51,"64,640,346,707",1125x2000,2027-11-25:YYYY:erode2/p1@1024:0.77
xSY0039,2027-03-08,0.865,YYYY,p2,1,1.03,"450,1228,628,1291",1125x2000,2027-3-8:YYYY:p2:0.86
xSY0040,NONE,,,,0,55.83,,,
xSY0041,2027-08-24,0.612,YYYY,p2,1,1.16,"631,950,900,1038",1125x2000,2027-8-24:YYYY:p2:0.61
xSY0042,2027-10-15,0.718,DMY4,p1keep/erode3/p1@1024,2,7.5,"0,494,415,901",1125x2000,2027-10-16:CMP6_DMY:p2:0.65|2027-10-15:DMY4:p1keep/erode3/p1@1024:0.72
xSY0043,2028-06-NONE,0.933,MMYYYY,p2,1,3.34,"152,1254,377,1311",1125x2000,2028-6-None:MMYYYY:p2:0.93
xSY0044,2027-05-10,0.786,YYYY,p2,1,0.79,"409,1031,697,1088",1125x2000,2027-5-10:YYYY:p2:0.79
xSY0045,2027-02-02,0.527,DMY4,p2,1,6.87,"186,535,1020,1348",1125x2000,2027-2-2:DMY4:p2:0.53
xSY0046,2026-12-21,0.73,YYYY,p2,4,1.65,"588,1081,1112,1253",1500x2000,2026-6-26:YYYY:p2:0.73|2026-12-21:YYYY:p2:0.73|2026-12-21:YYYY:p2:0.73|2026-6-26:YYYY:p2:0.73
xSY0047,2027-02-03,0.995,DMY4,erode2/p1@1024,1,19.13,"135,580,507,607",1500x2000,2027-2-3:DMY4:erode2/p1@1024:0.99
xSY0048,2027-06-22,0.758,YYYY,p2,5,10.48,"43,515,509,610",1500x2000,2027-6-22:YYYY:p2:0.76|2022-5-2:YY:p2:0.76|2027-6-22:YYYY:p2:0.76|2022-5-2:YY:p2:0.76|2025-5-23:YYYY:p1keep/erode2/p1@640:0.72
xSY0049,2027-03-27,0.687,YYYY,p2,1,1.5,"350,1472,866,1562",1500x2000,2027-3-27:YYYY:p2:0.69
xSY0050,2026-03-15,0.905,YYYY,p2,1,1.26,"697,397,1059,525",1500x2000,2026-3-15:YYYY:p2:0.91
xSY0051,2025-09-01,0.484,YYYY,p2,2,1.5,"462,1091,869,1316",1500x2000,2025-9-1:YYYY:p2:0.48|None-9-1:MMDD:p1keep/p1@640:0.56
xSY0052,2026-05-12,0.89,YYYY,p2,2,2.96,"553,891,975,962",1500x2000,2025-7-17:CMP6_YMD:p1@640:0.43|2026-5-12:YYYY:p2:0.89
xSY0053,2021-04-27,0.403,YY,p2,1,1.04,"675,803,1006,959",1500x2000,2021-4-27:YY:p2:0.40
xSY0054,2026-07-18,0.696,YY,p2,1,1.85,"555,820,947,1014",1500x2000,2026-7-18:YY:p2:0.70
xSY0055,2026-10-09,0.572,YYYY,p1@640,1,1.5,"397,659,725,775",1500x2000,2026-10-9:YYYY:p1@640:0.57
xSY0056,NONE,,,,0,20.54,,,
xSY0057,NONE,,,,0,26.48,,,
xSY0058,2027-05-08,0.947,YYYY,p2,1,0.77,"372,984,1019,1112",1500x2000,2027-5-8:YYYY:p2:0.95
xSY0059,2027-07-29,0.994,YY,p2,1,0.69,"491,978,688,1069",1125x2000,2027-7-29:YY:p2:0.99
xSY0060,2026-10-31,0.892,CMP,erode2/p1@1024,1,4.78,"195,684,290,714",1125x2000,2026-10-31:CMP:erode2/p1@1024:0.89
xSY0061,2027-04-07,0.96,YYYY,p2,1,3.03,"232,526,333,563",1125x2000,2027-4-7:YYYY:p2:0.96
xSY0062,2027-05-19,0.518,YYYY,p2,1,5.74,"256,731,888,816",1125x2000,2027-5-19:YYYY:p2:0.52
xSY0063,2027-02-11,0.827,YY,p2,2,1.75,"488,912,819,1016",1125x2000,2025-8-12:YY_TAIL:p2:0.83|2027-2-11:YY:p2:0.83
xSY0064,2027-01-29,0.991,YYYY,p2,2,2.09,"347,712,581,766",1125x2000,2027-1-29:YYYY:p2:0.99|2027-1-29:YYYY:p1@640:0.89
xSY0065,2026-12-09,0.958,YYYY,p2,1,2.54,"484,1031,730,1086",1125x2000,2026-12-9:YYYY:p2:0.96
xSY0066,2026-10-02,0.863,YY,p2,1,0.99,"312,750,691,831",1125x2000,2026-10-2:YY:p2:0.86
xSY0067,2026-10-06,0.859,YYYY,p2,2,1.65,"597,1203,803,1256",1125x2000,2026-9-17:YYYY:p2:0.88|2026-10-6:YYYY:p2:0.86
xSY0068,2026-09-02,0.583,YYYY,p2,3,1.9,"315,1147,759,1214",1125x2000,2026-8-30:YYYY:p2:0.55|2026-9-2:YYYY:p2:0.58|2022-8-23:YY:p1keep/p1@640:0.83
xSY0069,2027-07-01,0.731,YYYY,p1@640,1,1.1,"191,925,806,1066",1125x2000,2027-7-1:YYYY:p1@640:0.73
xSY0070,2028-03-NONE,0.886,MMYYYY,p2,1,1.36,"469,1041,641,1094",1125x2000,2028-3-None:MMYYYY:p2:0.89
xSY0071,2027-09-30,0.951,YYYY,p2,1,2.33,"309,1525,684,1588",1125x2000,2027-9-30:YYYY:p2:0.95
xSY0072,2027-09-27,0.809,YYYY,p2,1,3.27,"397,1009,700,1097",1125x2000,2027-9-27:YYYY:p2:0.81
xSY0073,2028-05-13,0.432,YYYY,p1@640,1,1.22,"291,481,741,1456",1125x2000,2028-5-13:YYYY:p1@640:0.43
xSY0074,2021-08-02,0.896,YY,erode3/p1@640,1,4.37,"253,459,320,485",1125x2000,2021-8-2:YY:erode3/p1@640:0.90
xSY0075,2028-08-10,0.684,YYYY,p2,4,2.01,"231,866,1122,953",1125x2000,2028-8-10:YYYY:p2:0.68|2028-8-10:YYYY:p2:0.68|2028-6-10:YYYY:p1keep/p1@640:0.69|2020-10-6:DDMMYY:p1keep/p1@640:0.69
xSY0076,2027-02-07,0.819,CMP,p2,1,2.06,"262,1034,606,1100",1125x2000,2027-2-7:CMP:p2:0.82
xSY0077,2026-09-05,0.844,YY_LEAD0,ft/p2,1,9.87,"492,893,672,936",1125x2000,2026-9-5:YY_LEAD0:ft/p2:0.84
xSY0078,2027-08-03,0.915,YY,p2,1,0.98,"288,984,628,1028",1125x2000,2027-8-3:YY:p2:0.91
xSY0079,2027-08-03,0.609,YY_LEAD0,p2,4,1.61,"0,991,806,1972",1125x2000,2026-8-4:YYYY:p2:0.61|2027-8-3:YY_LEAD0:p2:0.61|2027-8-3:YY_LEAD0:p2:0.61|2026-8-4:YYYY:p2:0.61
xSY0080,2027-02-28,0.618,YYYY,p2,2,1.69,"319,756,928,862",1125x2000,2026-8-31:YYYY:p2:0.84|2027-2-28:YYYY:p2:0.62
xSY0081,2027-07-23,0.737,YY,p2,1,3.28,"385,1064,834,1152",1125x2000,2027-7-23:YY:p2:0.74
xSY0082,2027-01-28,0.749,YY_LEAD0,p2,3,2.17,"500,1075,866,1166",1125x2000,2026-7-22:YYYY:p2:0.75|2027-1-28:YY_LEAD0:p2:0.75|2026-7-22:YYYY:p2:0.75
xSY0083,2027-05-05,0.998,YYYY,p2,2,1.36,"391,1050,638,1103",1125x2000,2026-8-6:YYYY:p2:0.97|2027-5-5:YYYY:p2:1.00
xSY0084,2027-07-08,0.789,YYYY,p2,4,1.65,"356,925,881,1056",1125x2000,2026-7-9:YYYY:p2:0.79|2027-7-8:YYYY:p2:0.79|2027-7-8:YYYY:p2:0.79|2026-7-9:YYYY:p2:0.79
xSY0085,2027-08-03,0.443,YY_LEAD0,p2,2,1.23,"159,803,1012,1122",1125x2000,2027-8-3:YY_LEAD0:p2:0.44|2026-8-4:YYYY:p1keep/p1@640:0.54
xSY0086,2027-06-02,0.708,YYYY,p2,2,1.45,"369,953,609,1041",1125x2000,2026-9-3:YMD_GLUED:p2:0.89|2027-6-2:YYYY:p2:0.71
xSY0087,2026-08-19,0.785,YYYY,p2,1,2.39,"352,1070,660,1213",1125x2000,2026-8-19:YYYY:p2:0.78
xSY0088,2026-08-21,0.919,YYYY,p2,1,0.67,"344,1103,659,1175",1125x2000,2026-8-21:YYYY:p2:0.92
xSY0089,2027-08-12,0.601,YYYY,p2,4,1.65,"369,762,791,1234",1125x2000,2026-8-13:YYYY:p2:0.60|2027-8-12:YYYY:p2:0.60|2027-8-12:YYYY:p2:0.60|2026-8-13:YYYY:p2:0.60
xSY0090,2027-08-24,0.861,YY,p2,1,0.71,"319,881,628,953",1125x2000,2027-8-24:YY:p2:0.86
xSY0091,2026-07-31,0.8,YYYY,p2,1,2.13,"348,1047,613,1170",1125x2000,2026-7-31:YYYY:p2:0.80
xSY0092,2027-06-29,0.491,YYYY,p2,1,0.77,"238,994,722,1106",1125x2000,2027-6-29:YYYY:p2:0.49
xSY0093,2026-02-26,0.803,YYYY,p2,1,1.65,"447,1338,759,1431",1125x2000,2026-2-26:YYYY:p2:0.80
xSY0094,2026-04-23,0.627,YYYY,p2,1,1.29,"394,1212,828,1294",1125x2000,2026-4-23:YYYY:p2:0.63
xSY0095,2028-04-20,0.82,YYYY,p2,1,1.9,"354,951,729,1033",1125x2000,2028-4-20:YYYY:p2:0.82
xSY0096,2027-05-05,0.961,YY,p2,1,0.94,"506,938,681,1012",1125x2000,2027-5-5:YY:p2:0.96
