image_id,label,prev,sel,in_p1,in_p2,in_final,p1,p2,final,src,kind,n_dateish,dateish,wh,sec,err
000160,2026-10-27,2025-04-02,2025-04-02,False,False,False,2025-04-28,2025-04-02,2025-04-02,p2,YYYY,1,EXP:2026/102 R0:2025/04/28,1512x2016,1.4,
000294,2026-09-08,2026-09-09,2026-09-09,True,True,True,2025-09-09;2026-09-08;2026-09-09,2025-09-09;2026-09-08;2026-09-09,2025-09-09;2026-09-08;2026-09-09,p2,DMY4,1,HEOIH: HI71:  8808 003 F  82   0 E   5999458473 2025.09.09 2026.09.08 08:54  L  196  0g   00 RIILIO 0 mg 0   8 15  T 801007052854 Bud 50   g210 kcal TE XI WF4,1512x2016,5.9,
000360,2026-02-18,NONE,NONE,False,False,False,,,,,,4,829 N221-35C 0 D LHIH AMU O  22 R   || 3 7 221-35 C H  LHITH Mu   20 000548     || 26: 08:199 DEA || 2hNg CHIH1 120.6,1512x2016,16.4,
000453,2026-01-26,2025-08-27,2025-08-27,False,False,False,2025-08-27,2025-08-27,2025-08-27,p2,YY,2,712t 25.0.27 08:38 CO55 || 71t 28.01.266 25.08.27 08:38 CO5 8801111760304,1530x2040,5.4,
000506,2026-06-18,2026-06-11,2026-06-11,False,False,False,2026-06-NONE,2026-06-11,2026-06-11,p2,YYYY,1,    HBS   2026.06. GE TIXI 2XRE 151,1530x2040,2.7,
000592,2025-03-25,2023-03-26,2023-03-26,False,False,False,2023-03-26,2023-03-26,2023-03-26,p1@640,DMY4,2,KOBKW/DATE D EMBALLAGE ATE/FECHA DE EXPIRACION / DATE DE LIMITE DE MATION /NUMERO DE LOTE APTHW/NUMERO DE LO E2204401D3085 25032025 26.3.2023 NETWEIGHT 30 g/r 1.05 oz || /PR/1443/995 479600412317981,1050x1400,3.3,
000795,2026-07-14,NONE,NONE,False,False,False,,,,,,0,,1512x2016,14.9,
000863,2021-10-22,2020-10-NONE,2020-10-NONE,False,False,False,2020-10-NONE,2020-10-NONE,2020-10-NONE,p1@640,MMYYYY,1,2: 10.2020,640x640,1.5,
000867,2021-10-23,NONE,NONE,False,False,False,,,,,,0,,876x1049,14.8,
000884,2021-07-03,NONE,NONE,False,False,False,,,,,,3,A 20:8 5 14x ||  871 20184:0  TX || 8 20211.0 0 X1,640x640,5.2,
000934,2021-02-10,2021-01-25,2021-01-25,False,False,False,2021-01-25,2021-01-25,2021-01-25,p1@640,YY,1, SAM 21.01.25 21.02.10011,794x1059,1.5,
000953,2021-02-05,2021-02-07,2021-02-07,False,False,False,2021-02-07,2021-02-07,2021-02-07,p1@640,YY,1,21.02.07 B   AA 0N00,953x1271,1.3,
000957,2021-02-22,2021-01-29,2021-01-29,False,False,False,2021-01-29,2021-01-29,2021-01-29,p2,YY,1,SE 21.02.2201 21.01.29M,846x1127,2.6,
001028,2021-07-07,2021-08-01,2021-08-01,True,True,True,2021-01-08;2021-07-07;2021-08-01,2021-01-08;2021-07-07;2021-08-01,2021-01-08;2021-07-07;2021-08-01,p2,DMY4,1, R87181 2021.01.08 B 2021.07.07 7 x/ fog 2O,1008x756,2.2,
001094,2022-01-12,2021-01-13,2021-01-13,True,True,True,2021-01-13;2022-01-12,2021-01-13;2021-01-NONE;2022-01-12,2021-01-13;2021-01-NONE;2022-01-12,p1keep/p1@640,YY,1,21.01.13 11:108 ,946x1261,1.4,
001097,2021-06-11,2021-11-06,2021-11-06,True,True,True,2021-01-12;2021-06-11;2021-11-06,2021-01-01;2021-06-11;2021-11-06,2021-01-01;2021-06-11;2021-11-06,p1keep/p1@640,DMY4,1,TOE 08:15A04 F5 2021.06.11 2021.01.12 1 0 1 427 24  HA SAX NXI  C   650 mg 229 5 mg 0 61 g 1 g 69 1 ,640x640,3.8,
001101,2021-03-14,2021-01-14,2021-01-14,False,False,False,2021-01-14,2021-01-14,2021-01-14,p1@640,YYYY,1,2021.01.14X 2021.003.14x1,640x640,2.2,
001185,2021-09-28,2021-09-26,2021-09-26,True,False,False,2020-12-29;2021-09-28,2020-12-29;2021-09-26,2020-12-29;2021-09-26,p2,YY,1,20.12.29 21.09.28 14:38 4E 77 x  I2XIME 080-024-6060 e,1025x1366,3.0,
001200,2021-10-20,2020-10-21,2020-10-21,False,False,False,2020-10-21,2020-10-21,2020-10-21,p2,YYYY,4,410N 086-9 || 20-5064216664 || 419 2020.10.21 || 211.10.20,640x640,2.2,
001318,2022-12-07,2020-12-07,2020-12-07,False,False,False,2020-12-07,2020-12-07;2022-07-13,2020-12-07;2022-07-13,p1keep/p1@640,DMY4,1, AT EHA AE PACTA DIDATO E/ATE D EBALAE EXPARY DATE / FECHA DE EXPIRACION 07/12/2020,640x640,2.6,
001367,2021-09-29,2021-09-22,2021-09-22,True,False,False,2020-06-29;2021-09-29,2020-06-29;2021-09-22,2020-06-29;2021-09-22,p2,DMY4,1,Kanig  igh 1 E37 PROD. 29 06 2020 EXP. 29.09.2021 E37B Ha Ho  a  R   0200   ,640x640,2.8,
001414,2021-07-23,2021-07-24,2021-07-24,False,False,False,2021-07-24;2021-07-NONE,2021-07-24;2021-07-NONE,2021-07-24;2021-07-NONE,p1@640,YYMM_DAYLA,1,21.07 24,640x640,1.6,
001476,2022-05-10,2020-11-01,2020-11-01,False,False,False,2020-11-11,2020-11-01,2020-11-01,p2,YY,2,S T S 1R1  lg  2 2 12484E 32 1 1 8   022824 080-850-1200  cj.co.kr 4 1666-5471 224  4  1748 49 D O  0  IBL OED EIDE REWE 3A 284n 12A CHFELOPE  E X  ||    A G67  2 2  17HOHME  cj.co.kr   294  24 080-850-1200 1666-5471   O PO A oa 242 100  BEW 38 HAAHE,652x870,5.8,
001548,2022-09-28,NONE,NONE,False,False,False,,,,,,1,17.1,775x1034,14.4,
001563,2020-08-05,NONE,NONE,False,False,False,,,,,,0,,607x844,14.7,
001598,2021-03-07,2018-02-NONE,2018-02-NONE,False,False,False,2018-02-NONE,2018-02-NONE,2018-02-NONE,p1@640,YYYYMM,1,1 02012018 No.1 8202201 2018.2  he   ,640x640,2.2,
001748,2019-07-03,2030-12-14,2030-12-14,False,False,False,2030-12-14,2030-12-14,2030-12-14,erode3/p1@1024,CMP6_YMD,14,2818:85:15 || 380 g  99 kcal  H99.01     || 2818:89:15T || 380 g   399 kcal   CHF 99.011     || 3813:89:5 || 380  39 kal   99.01    || 2818:85:15 || 380 g  399 kcal   99.01    || 3818:85:15T || 380 g   399 kcal  H 99.01      || 2818:85:15TA || 380 g  399 kcal   199.01   || 3818:85:15N || 380 g  399 ,927x1033,13.7,
001805,2020-11-09,2020-02-10,2020-02-10,False,True,True,2020-02-10,2020-02-10;2020-11-09;2020-11-NONE,2020-02-10;2020-11-09;2020-11-NONE,p1keep/p1@1024,YY,3,28:91:19 DA 4XME http://www.lotteconf.co.kr 4NX9348 || 080-024-6060 || 20.02.10 0.11.09 DA 4E  HTME,1082x799,4.0,
001947,2022-08-10,2020-08-10,2020-08-10,False,False,False,2020-08-10,2020-08-10,2020-08-10,p1keep/p1@640,D_MON_Y,0,,924x1232,2.3,
002203,2021-01-08,2021-09-10,2021-09-10,True,True,True,2019-10-09;2021-01-08;2021-09-10,2019-10-09;2021-01-08;2021-09-10,2019-10-09;2021-01-08;2021-09-10,p2,DMY4,1,   NOTIOOAL ORH 2426 40g7  7  001324  100 g8170 kcal  01: 2019.10.09 2021.01.08   ,913x677,3.7,
002310,NONE-03-13,NONE-03-01,NONE-03-01,True,False,False,NONE-03-13,NONE-03-01,NONE-03-01,p2,MMDD,2,03.13. 13:47 8 F5 03.01.13:47   A || NSO8 M4 157.1A 100 0,640x640,1.8,
002328,2021-10-20,2020-10-21,2020-10-21,False,False,False,2020-10-21,2020-10-21,2020-10-21,p2,YYYY,1,2020.10.21 8,712x948,1.4,
002610,2021-07-11,2020-11-13,2020-11-13,False,False,False,2020-11-13,2020-11-13,2020-11-13,p1@640,DMY4,1,e de gretece avant lie PRO:13.11.2020 H14 F318 paysan BRETON,640x640,1.5,
003115,2021-09-25,2022-09-05,2022-09-05,False,False,False,2021-09-05,2021-09-05;2022-09-05,2021-09-05;2022-09-05,p2,YY,1,B PRODDATE20 09 2 EST BEFRE 2021.09.5 ,640x640,1.4,
003221,2021-03-08,2021-03-05,2021-03-05,False,False,False,2021-03-05,2021-03-05,2021-03-05,p2,YYYY,1,02  LOTTEMart 03920 0000 20308 01927 000001 00 0008  E89 2021.03 .05   002131488349 5   12 0    52021.03 08 88712 25-10 018 1008 8  17900 U8W 287 212121 322220 41340 8 g  180,640x640,2.4,
003228,2022-04-26,2022-04-24,2022-04-24,False,False,False,2022-04-24,2022-04-24,2022-04-24,p1@640,DMY4,1,PC TE02 BB:24/04/2022,640x640,1.4,
003242,2022-01-28,2025-01-22,2025-01-22,False,False,False,2025-01-22,2025-01-22,2025-01-22,p2,YY,2,EXD 25-01-202  0197 || EE 25-1-22 68192,640x640,1.9,
003245,2021-09-20,2020-09-20,2020-09-20,False,False,False,2020-09-20,2020-09-20,2020-09-20,p2,DMY4,1,250  250 Iugpofaa  p.200 2021  aod ae  ia aton ung Prod.20.09.2020 D49A    in  m. 120 2-281-1 10120   STORCK  Fuofur ,640x640,2.8,
003289,2022-01-31,2022-08-10,2022-08-10,True,True,True,2021-02-01;2022-01-31,2021-02-01;2022-01-31;2022-08-10,2021-02-01;2022-01-31;2022-08-10,p2,DMY4,1, 15.mg 55 2 1 0.33 m28  2041g 29    13824  8 0g 4g 7  MEJA 72 RE 10   2021.02.01/10:08 2022.01.31 M X ,640x640,3.0,
003312,2021-03-11,2021-03-NONE,2021-03-NONE,False,False,False,2021-03-NONE,2021-03-NONE,2021-03-NONE,erode2/p1@640,MMYYYY,0,,640x640,3.4,
003347,2027-09-01,2025-09-01,,,,,,,,,,,,,,FileNotFoundError: [Errno 2] No such file or directory: 'images/003347.jpg'
003350,2025-12-10,2022-10-10,,,,,,,,,,,,,,FileNotFoundError: [Errno 2] No such file or directory: 'images/003350.jpg'
000386,2026-06-10,2026-11-06,2026-11-06,True,True,True,2025-06-11;2026-06-10;2026-11-06,2025-06-11;2026-06-10;2026-11-06,2025-06-11;2026-06-10;2026-11-06,p1keep/p1@640,DMY4,2,8.98.4417 || B 117 2025.06.11 2026.06.10 01:36 A02,1530x2040,3.0,
000440,2026-08-13,NONE,NONE,False,False,False,,,,,,2,M 22.27 BE   UE20E PEF 200 1399 702   y  8 D E b ||  47.927 1201   WA7ELE20  RENOUX NZE ZH0  99 LE2    D  E 4 ,1530x2040,15.9,
000522,2026-02-21,NONE,NONE,False,False,False,,,,,,2,26 08:22 6 06:05 11111  E || 26 008:2 6 06:05 1111  E1,1050x1400,19.0,
000602,2026-09-22,2025-09-20,2025-09-20,False,False,False,2025-09-20,2025-09-20,2025-09-20,p2,YYYY,1,2025.09. 2026.09 23A 22 HE H 27x1  ,1613x763,1.4,
000796,2026-07-14,NONE,NONE,False,False,False,,,,,,0,,1512x2016,13.4,
000965,2020-07-24,2023-07-20,2023-07-20,False,False,False,2023-07-20,2023-03-20;2023-07-20,2023-03-20;2023-07-20,p1keep/blur1/p1@1024,YY,7, OOF  1  48  3 L190 mg 1 8.2 g 18 8 1  4 6.211      .701.1- YO.   r.1o9 L 100 530 cal || SH  0 190 mg 10  58. 18  484  83 85223 12 mg 4 6.2g 11  OOH   98.4588    SN  Li8100 g 530 kcal ||  120 OOF 190 mg 10  58.2 18 48 48  482 0213 12 mg 4 6.2 1    99 958 A YED EE1  V S  vi.to. L8100 g 530 kcal || fa,985x1313,25.6,
001095,2022-01-12,2021-01-13,2021-01-13,False,False,False,2021-01-13,2021-01-13;2022-01-NONE,2021-01-13;2022-01-NONE,p1keep/p1@640,YY,1,21.01.13 1108  22 01 12KB ,640x640,1.7,
001105,2021-08-26,2020-11-02,2020-11-02,False,False,False,2020-11-02,2020-08-26;2020-11-02,2020-08-26;2020-11-02,p1keep/p1@640,YYYY,1,2020.11.2,640x640,1.7,
001477,2022-05-10,NONE,NONE,False,False,False,,,,,,5, PEN E  r O  080-850-1200  C 9E  S 1666.547 0 ZE FRLDPE E30 ||    BT.K  O  080-50200012   E ASI E 06-50120  HPELDE   ||  AE RA D  C CETEEL  40IENE 43  cco kr 080-850-1200 166-54671 00 148 91 100  THREA EPLEAS 9E8 2 pos  RELDPE 41 || LB 086-850-1200 BC9ME ||  K2 BP  60  2  C S CSE CAC  4E 4 080850-12,640x640,11.1,
001523,2021-06-14,2021-01-15,2021-01-15,False,False,False,2021-01-15,2021-01-15,2021-01-15,p1@640,CMP6_YMD,1,202101.1 210115,640x640,1.4,
001564,2020-08-05,NONE,NONE,False,False,False,,,,,,1,50:28:8:85 12:47 J,640x640,8.0,
001745,2022-01-28,2022-01-NONE,2022-01-NONE,False,False,False,2022-01-NONE,2022-01-NONE,2022-01-NONE,p2,YYMM,2,2121.011.29.01:14 212.01.28/2N  E1 || 71 01214 22.01,640x640,2.8,
001756,2021-12-30,2021-12-20,2021-12-20,False,False,False,2020-12-21;2021-12-20,2020-12-21;2021-12-09;2021-12-20,2020-12-21;2021-12-09;2021-12-20,p2,YYYY,1,1031 MI Ooaie 7101 21 2020.12.21/09:12 2021.12.20 3 ,1024x1365,2.6,
001797,2020-05-26,NONE,NONE,False,False,False,,,,,,11,HERSHEY S RICH CHOCOLATE CAKE 20:12: C  1 x  HE || RICH CHOCOLATE CAKE 20:13:26 A   x  E || RICH CHOCOLATE CAKE 28:13:26 A 7x11  EI || HERSHEY S RICH CHOCOLATE CAKE 20:13:266 D   X   E || RICH CHOCOLATE CAKE 20:13:26 a   x  GE || HERSHEY S RICH CHOCOLATE CAKE 20:15:26 - 7x  UEI || RICH CHOCOLATE CAK,1134x576,13.1,
001806,2020-11-09,NONE,NONE,False,False,False,,,,,,6,20:11:19 88010622 014675 DA A 080-024-6060 NN838 SEIR || 3.98D B-801002014675 DA EEE 080-0020 N T || 20.17:19 8 8010622014675 DA 76 BE  080-0246060 ANN SEIR || 20.17:9 88010622014675 DA NE 080-024-6060 ANETY SEIRA || 30:11:19 8 801062014675 DA EF XN 080-022-6060 NR348 SEIR || 30.92:89 8 801062201467,640x640,7.2,
001832,2022-09-02,2020-09-02,2020-09-02,False,False,False,2020-09-02,2020-09-02,2020-09-02,p1@1024,YYYY,2,00100  2022.09.0 BUK26 2309 || 0100   2020.09.02 2309,987x1316,3.5,
002152,2019-07-11,2019-07-18,2019-07-18,False,False,False,2019-06-12;2019-07-01,2019-06-12;2019-07-18,2019-06-12;2019-07-18,p2,YY,2,19.06.12 || 19.07.1 B,892x1189,1.2,
002164,2021-01-29,2020-10-30,2020-10-30,False,False,False,2020-10-30,2020-10-30,2020-10-30,p2,YY,2,20.10.30 E  || HAT 41 S 30E100  21.01.297EA  MEME,908x1210,1.9,
002276,2023-12-22,2023-12-02,2023-12-02,True,False,False,2020-12-23;2023-12-22,2020-02-12;2020-12-23;2023-12-02,2020-02-12;2020-12-23;2023-12-02,p2,YYYY,1,2023.12.22RM 2020.12.23MK,640x640,1.4,
002450,2021-06-09,NONE,NONE,False,False,False,,,,,,2,71914:218 || 71915:21 IN,640x640,7.1,
003287,2021-09-25,2021-09-21,2021-09-21,True,False,False,2021-01-26;2021-09-25,2021-01-26;2021-09-21,2021-01-26;2021-09-21,p2,EXTEND_R,2,2021.01.26/01:33 HEI || 8801117104603 2021.09.25 1 x ,1791x1343,2.5,
000056,2026-07-11,2026-12-07,2026-12-07,True,True,True,2025-07-12;2026-07-11;2026-12-07,2025-07-12;2026-07-11;2026-12-07,2025-07-12;2026-07-11;2026-12-07,p2,DMY4,1,    0 028788    481 0 1055438016    AHI71E: 4 2025.07.12 2026.07.11 3 00  42 080-019-9194 OO ,1512x2016,6.1,
000242,2026-05-21,2025-09-22,2025-09-22,False,False,False,2025-05-21;2025-09-22,2025-05-21;2025-09-22,2025-05-21;2025-09-22,p2,YYYY,1,46 8 / 206 kcal X  3.58 23  s    2200 cal 2  . 1870 48 7  68 11  CH HI   18171 202.05.21 2025.09.22/15:10 HACCP 2 4 HACCP OIE   x   E,1512x2016,3.7,
000384,2026-09-08,2026-07-08,2026-07-08,False,False,False,2026-07-08,2026-07-08,2026-07-08,p2,YYYY,1,BRONOIR AUD 026.07.08JX0 3,1530x2040,1.8,
000406,2026-08-27,NONE,NONE,False,False,False,,,,,,4,68:010 ||  7E2 mg/L  Za Ca  21.1-2 3.9 4.9 4E6 Na  ZSIK  17 74Mg 5.0 6.8 0.0 0.1 A ||  m/ a 21.1-28 3.9 4.9 4E6Na ZIE K 1mM7 746 5.0 68 000.1 4 || 7 mg/L  datCal 2u-2a1 LEBNa 3.94.9 28K 11l C746MG 5.0 6.8 4F 0.0 0.1,1530x2040,16.0,
000452,2026-03-25,NONE,NONE,False,False,False,,,,,,10,THTHW  0 88  7120845CH20088  2022859:45 || 2  IH     712 OH  CH2 O    7 0h AH 1202235:2569:45 || 202:38:3509:45 || TICND  O 7121042 CH210 712h AT 202:3:509:45 || UCne chriny E72ounD C4004 71. 22:8:345 || 2882:883:3509:45 || THIHW D RAog 712 01421  CH2 7181 2025:33:25-09:45 || 588:8:3 09:45 || 202:83,1530x2040,16.5,
000495,2026-02-19,2028-08-09,2028-08-09,True,False,False,2025-08-20;2026-02-19,2025-08-20;2026-02-01,2025-08-20;2026-02-01;2028-08-09,koline,YYYY,14,NATO 425.274 89 83938084848879827 4838X  329  .4 48X12 91 || 8917 808 R LNEE 7 8  LH 2025.0.20 1.22158 TIX T || 002248421  5 E0E 7 477 527 0 M  87 2 27 0 24225827 XE 19E080-023-57001522-4002 OH  79M  E   1925212 4420  879 30418407821 20211   19760487005230 .O.HH0 77X V 18Y 7 31 88011171555719  F O2I,1530x2040,30.2,
000627,2026-10-06,NONE,NONE,False,False,False,,,,,,9,2838:98:80 || PRO EX 202:93 8 F2 || 120.1  || PRO EX 2028:08:00 || 20.1  || 2828:08:08 || PRI EX I 2022:03: B F2 || 2828:98: 83 || P E F. 282.93BAF,1512x2016,16.8,
000686,2026-10-12,2025-10-12,2025-10-12,False,False,False,2025-03-10;2025-10-03;2025-10-12,2025-03-10;2025-10-03;2025-10-12,2025-03-10;2025-10-03;2025-10-12,p2,YYYY,2,244.9g 9  E2HA 09 || 2025.10.03 2025.10.12772 ,972x1728,2.9,
001035,2021-10-07,2020-07-07,2020-07-07,False,False,False,2020-07-07,2020-07-07,2020-07-07,p2,DMY4,6,L /10-3-11523-1-1281    1l 1   2     1n    64 8 || L   H /10-3-11523-1-1281 185 82  lloay    54 30   u  7. Xg X278  6 U5an5 02-6300-8181   84 46 L8  || 10120.02681-5081 || ba vaaua:  i 10-3-11523-1-1281  5   Wolay  Wna 54     147.1     0-08   L || L /10-3-11523-1-1281   L 1ao 1    2   327.6124.3mg8 ,1008x756,12.2,
001096,2021-06-11,2021-11-06,2021-11-06,True,True,True,2021-01-12;2021-06-11;2021-11-06,2021-01-12;2021-06-11;2021-11-06,2021-01-12;2021-06-11;2021-11-06,p2,DMY4,1,OE 2021.06.11 2021.01.12 U:7  KIS  S 214218 H8US 4EB EMAX  BIO200 Ga 650 mg 9g 22g 61g 18g 5 mg Dl 69 71 10 41  40  16  1 ,743x992,4.3,
001125,2021-12-28,2021-12-21,2021-12-21,True,False,False,2021-12-28,2021-12-21,2021-12-21,p2,YY_LEAD0,1,2021.12.28XF1A2,947x1263,1.5,
001128,2021-06-10,2021-12-10,2021-12-10,True,True,True,2021-06-10,2021-06-10;2021-12-10,2021-06-10;2021-12-10,p2,YY,1,24-6060 2  20.12.1123:04 21.06.10  1 mx1,640x640,2.4,
001537,2021-02-19,2021-02-26,2021-02-26,False,False,False,2021-01-26,2021-01-26;2021-02-26,2021-01-26;2021-02-26,p2,YY,3,21.01.264 2X1 VEI 81 || 0.1  21.01.264 24 VI 81 || 21.01.26A,640x640,7.5,
001636,2021-12-22,2023-02-12,2023-02-12,True,True,True,2020-12-23;2021-12-22,2020-03-25;2020-12-02;2021-12-22;2023-02-12,2020-03-25;2020-12-02;2021-12-22;2023-02-12,p2,DDMMYY,1,2021.12.22/25 2020-12 -23.05:32  EI 2212,640x640,1.8,
001817,2021-04-14,2021-01-16,2021-01-16,False,False,False,2021-01-16,2021-01-16,2021-01-16,blur1/p1@640,YY,4, 53   OTHER 409   OA Y   48  J1R 40 IRSOHAOR TEE AE ET M 35g  01E  488165  dio.kr 080-500-1200 166-54108 8801391102 2 A  6 10814 0 ||    59  OTHER    T     A A 817y 48  IEOP  T AFT   P  1488   .k 080-8500-1200 166-547108 880139110271 2    0   ||   24 53  OTHER 43g00 SR   SAUE EEE BILN 4 811 48 1598A,640x640,8.9,
002153,2019-07-11,2019-07-18,2019-07-18,True,False,False,2019-06-12;2019-07-11,2019-06-12;2019-07-18,2019-06-12;2019-07-18,p2,YY,1,19.07.11 19.06.12,640x640,1.6,
002165,2021-01-29,2020-10-30,2020-10-30,False,False,False,2020-10-30,2020-10-30,2020-10-30,p2,YY,1,HATH 48 X1X1-E1PxI ER 41 9   1 3.00  21.01.297N 20.10.30 E  ,640x640,2.0,
002409,2022-10-29,2019-10-29,2019-10-29,False,False,False,2019-10-29,2019-10-29,2019-10-29,p1@640,DMY4,1,PROD: 29. 10.2019 98:07 EX : 29.10.202 4B2,640x640,1.4,
002816,2021-06-28,2020-02-10,2020-02-10,False,False,False,2020-02-10,2020-02-10,2020-02-10,erode2/p1@640,SP_YMD,3,98 20.21.01.28 0010 A01 Sas A OE Bg w.  74x1  E1 EMAY BAOmg x  24g  11 4918698 AXWO LE620 mg 100 gst 838 OOSE 7101 || 95 30.2108 0010 A0      24x1  EI E  Og X1 248  1 A   BA LHE 620 m 100 g E  7181 || 0:21.01.208,640x640,5.6,
003349,2025-12-10,2025-01-10,,,,,,,,,,,,,,FileNotFoundError: [Errno 2] No such file or directory: 'images/003349.jpg'
