image_id,label,old,tags,fin,sec
000003,2026-05-12,2026-05-12,t,2026-05-12,1.3
000009,2026-10-29,2026-10-29,,2026-10-29,2.3
000012,2026-03-23,2026-03-23,,2026-03-23,1.0
000015,2026-03-01,2026-03-01,2,2026-03-01,4.6
000017,2026-11-25,2026-11-25,,2026-11-25,2.3
000021,2025-10-10,2025-10-10,,2025-10-10,1.6
000023,2025-10-10,2025-10-10,,2025-10-10,4.2
000026,2025-11-13,2025-11-13,,2025-11-13,1.8
000028,2026-02-10,2026-02-10,,2026-02-10,6.4
000031,2026-02-14,2026-02-14,,2026-02-14,1.7
000033,2026-06-17,2026-06-17,,2026-06-17,3.3
000035,2026-08-17,2026-08-17,,2026-08-17,1.7
000038,2027-02-12,2027-02-12,,2027-02-12,1.4
000040,2025-10-11,2025-10-11,,2025-10-11,1.6
000042,2025-10-12,2025-10-02,,2025-10-02,1.7
000045,2027-04-21,2027-04-21,,2027-04-21,1.9
000047,2027-04-14,2027-04-04,,2027-04-14,4.8
000049,2026-03-01,2026-03-01,,2026-03-01,2.7
000051,2026-01-12,2026-01-12,,2026-01-12,1.5
000053,2025-12-20,2025-12-20,,2025-12-20,1.2
000056,2026-07-11,2026-12-07,2,2026-07-11,7.8
000059,2027-06-22,2022-06-22,,2027-06-22,17.7
000062,2026-05-26,2026-05-26,,2026-05-26,3.4
000065,2026-01-12,2026-01-12,,2026-01-12,3.7
000067,2025-12-19,NONE,,NONE,12.7
000071,2027-07-20,2027-07-20,2,2027-07-20,4.4
000074,2026-08-28,2026-08-28,,2026-08-28,1.5
000078,2025-06-19,2025-06-19,,2025-06-19,3.3
000081,2026-05-18,2026-05-18,2,2026-05-18,3.9
000084,2026-03-31,2026-03-31,2,2026-03-31,3.9
000094,2027-06-30,2027-06-30,,2027-06-30,1.3
000100,2026-02-11,2026-02-11,,2026-02-11,4.6
000103,2025-12-18,2025-12-18,,2025-12-18,2.0
000107,2025-12-25,2025-12-25,,2025-12-25,2.0
000110,2025-10-29,NONE,,2025-10-29,1.3
000112,2025-10-17,2025-10-17,,2025-10-17,3.0
000116,2026-03-27,2026-03-27,,2026-03-27,2.5
000119,2026-08-24,2026-08-24,,2026-08-24,1.4
000125,2026-04-07,2026-04-07,,2026-04-07,1.7
000129,2026-01-09,2026-01-09,,2026-01-09,2.2
000134,2026-09-23,2026-09-23,,2026-09-23,2.7
000137,2026-03-26,2026-03-26,,2026-03-26,4.8
000140,2026-07-14,2026-07-14,,2026-07-14,3.8
000148,2026-02-26,2026-02-26,2,2026-02-26,1.6
000150,2026-08-12,2026-08-12,,2026-08-12,2.8
000160,2026-10-27,2025-04-02,2,2026-10-27,3.1
000162,2027-06-12,2027-06-12,,2027-06-12,3.7
000172,2026-06-10,2026-06-10,2,2026-06-10,3.8
000175,2026-06-28,2026-06-28,2,2026-06-28,2.1
000177,2026-08-18,2026-08-18,,2026-08-18,4.1
000179,2026-06-29,2025-09-30,2,2026-06-29,3.5
000181,2026-09-08,2026-09-08,2,2026-09-08,1.3
000190,2022-11-26,2022-11-26,,2022-11-26,24.4
000203,2026-07-01,2026-07-08,,2026-07-08,17.9
000211,2026-02-12,2026-06-02,,2026-06-02,7.9
000216,2026-03-16,2026-03-01,,2026-03-01,1.6
000225,2026-04-06,2026-04-06,,2026-04-06,5.3
000227,2028-09-17,2028-09-17,,2028-09-17,8.5
000236,2026-04-08,2026-04-08,,2026-04-08,5.5
000239,2026-07-10,2026-07-10,,2026-07-10,4.6
000242,2026-05-21,2025-09-22,2,2026-05-21,5.3
000245,2026-02-24,2026-02-24,2,2026-02-24,6.5
000247,2026-05-20,2026-05-20,,2026-05-20,2.9
000250,2026-03-04,2026-03-04,2,2026-03-04,4.4
000252,2026-07-09,2026-07-09,,2026-07-09,1.4
000261,2026-03-07,2026-03-07,2,2026-03-07,3.8
000264,2026-06-06,NONE,,2026-06-06,2.2
000269,2026-05-15,2026-05-15,,2026-05-15,5.8
000283,2027-09-17,2027-09-17,,2027-09-17,4.2
000287,2027-02-18,2027-02-18,,2027-02-18,8.7
000303,2026-07-31,2026-07-31,,2026-07-31,5.0
000306,2026-09-16,2026-09-16,,2026-09-16,4.0
000310,2026-09-28,2026-09-28,,2026-09-28,6.3
000320,2025-11-12,2025-11-12,2,2025-11-12,2.5
000328,2025-12-25,2025-12-25,,2025-12-25,5.5
000335,2025-11-28,2025-11-28,,2025-11-28,2.0
000344,2026-08-04,2026-08-04,,2026-08-04,2.6
000355,2028-06-17,2028-05-17,,2028-06-17,2.5
000361,2026-12-19,2026-12-12,,2026-12-12,10.4
000368,2026-09-22,2026-09-22,,2026-09-22,13.2
000371,2026-02-15,2026-02-15,,2026-02-15,3.4
000375,2026-05-31,2026-05-31,,2026-05-31,7.8
000382,2026-08-18,2026-08-18,,2026-08-18,4.6
000385,2026-09-14,2026-09-14,2,2026-09-14,2.1
000390,2026-05-19,2021-03-23,,2026-05-19,11.5
000394,2026-04-14,2026-04-14,,2026-04-14,7.8
000399,2027-01-31,2027-01-31,,2027-01-31,4.4
000402,2019-04-28,2019-04-28,,2028-04-19,8.2
000406,2026-08-27,NONE,2,NONE,16.5
000408,2025-10-09,2025-10-09,2,2025-10-09,4.5
000421,2026-07-17,2026-07-17,,2026-07-17,2.5
000423,2026-06-04,2026-06-02,b,2026-06-02,4.2
000425,2025-11-05,2025-11-05,,2025-11-05,3.2
000430,2028-02-01,2028-02-01,,2028-02-01,2.5
000433,2026-08-05,2026-08-05,,2026-08-05,8.7
000440,2026-08-13,NONE,2,NONE,18.8
000443,2026-04-06,2026-04-06,,2026-04-06,5.5
000449,2026-01-28,2026-01-28,,2026-01-28,7.1
000451,2026-02-27,2025-08-28,2,2026-02-27,6.7
000453,2026-01-26,2025-08-27,2,2028-01-26,8.4
000455,2026-02-10,2026-02-10,2,2026-02-10,3.4
000459,2026-01-19,NONE-01-19,,2026-01-19,45.5
000468,2026-04-06,NONE,?,2026-04-06,16.4
000487,2027-12-11,2027-12-11,,2027-12-11,6.6
000494,2025-12-12,2025-12-12,2,2025-12-12,6.7
000496,2027-03-05,2027-03-05,,2027-03-05,2.3
000500,2026-12-17,2026-12-17,2,2026-12-17,6.9
000503,2026-02-18,2026-02-10,,2026-02-18,3.8
000506,2026-06-18,2026-06-11,2,2026-06-11,3.2
000510,2026-09-03,2026-09-03,,2026-09-03,8.8
000521,2026-03-10,2026-03-10,2,2026-03-10,2.1
000523,2026-03-23,2026-03-23,2,2026-03-23,1.8
000546,2026-08-10,2026-08-10,2,2026-08-10,3.7
000549,2027-01-16,2027-01-16,,2027-01-16,6.8
000557,2026-08-12,2026-08-12,,2026-08-12,5.5
000561,2028-08-07,2028-08-07,,2028-08-07,18.2
000565,2025-12-05,2025-12-05,,2025-12-05,3.4
000571,NONE-10-18,2024-11-18,,2024-11-18,5.1
000576,2026-05-21,2020-02-NONE,2,2026-05-21,2.4
000582,2025-11-21,2025-01-21,,2025-01-21,7.4
000584,2026-07-15,2026-07-15,2,2026-07-15,5.0
000590,2025-12-05,2025-12-05,,2025-12-05,2.7
000593,2026-07-22,2026-07-22,,2026-07-22,4.9
000595,2026-05-01,2026-05-01,,2026-05-01,2.8
000597,2026-09-02,2026-09-02,2,2026-09-02,3.1
000600,2026-08-31,2025-09-01,,2026-08-31,3.3
000602,2026-09-22,2025-09-20,2,2026-09-22,4.6
000604,2026-09-15,NONE,,NONE,17.9
000613,2026-05-28,2026-05-28,,2026-05-28,1.4
000622,2027-01-22,2027-01-22,,2027-01-22,2.5
000627,2026-10-06,NONE,2,NONE,16.3
000638,2026-06-16,2026-06-16,,2026-06-16,2.9
000651,2026-06-25,2026-06-25,,2026-06-25,3.2
000661,2026-04-17,2026-04-17,,2026-04-17,4.4
000669,2026-09-02,2026-09-02,2,2026-09-02,1.9
000671,2026-03-31,2025-10-01,,2026-03-31,4.5
000682,2026-01-25,2026-01-25,,2026-01-25,3.0
000689,2025-10-27,2025-10-27,,2025-10-27,1.5
000691,2026-09-22,2026-09-22,2,2026-09-22,4.3
000703,2026-01-25,2026-01-25,,2026-01-25,3.8
000725,2026-04-16,2026-04-16,,2026-04-16,2.7
000733,2026-03-24,2026-03-NONE,,2026-03-24,2.4
000741,2025-12-03,2025-12-03,2,2025-12-03,4.9
000748,2027-01-22,2027-01-22,,2027-01-22,4.1
000752,2026-07-09,2026-07-09,,2026-07-09,3.6
000765,2025-11-21,NONE,,2025-11-21,7.8
000771,2019-11-26,NONE-12-31,,NONE-12-31,4.4
000773,NONE-12-10,NONE-12-10,2,NONE-12-10,6.5
000777,2026-03-NONE,2026-03-NONE,,2026-03-NONE,19.2
000786,NONE-12-17,NONE-12-17,2,NONE-12-17,6.1
000796,2026-07-14,NONE,2,NONE,13.0
000802,2026-07-03,2026-07-03,,2026-07-03,6.9
000819,2026-05-18,2026-05-18,,2026-05-18,4.9
000825,2026-06-22,2026-06-22,,2026-06-22,5.1
000832,2026-07-16,2025-07-15,b,2025-07-15,5.0
000842,2026-07-03,2026-07-03,,2026-07-03,4.1
000847,2026-05-28,2026-05-28,,2026-05-28,3.3
000851,2026-06-30,2026-06-30,,2026-06-30,1.9
000854,2026-09-04,2026-09-04,,2026-09-04,4.2
000856,2026-06-03,2026-06-03,,2026-06-03,5.8
000863,2021-10-22,2020-10-NONE,2,2020-10-NONE,1.5
000871,2021-10-15,2021-10-15,,2021-10-15,3.7
000879,2021-05-11,2021-05-11,,2021-05-11,4.8
000881,2021-06-08,2021-06-08,,2021-06-08,3.9
000884,2021-07-03,NONE,2,NONE,7.3
000887,2021-12-04,2021-01-02,,2021-12-04,9.0
000894,2021-06-02,2021-06-02,,2021-06-02,3.1
000897,2025-05-19,2025-05-19,,2025-05-19,16.5
000906,2022-01-NONE,2022-10-15,,2022-10-15,2.9
000918,2021-09-17,2020-04-20,,2021-09-17,3.8
000923,NONE-02-01,2020-01-02,,2020-01-02,3.7
000925,NONE-02-02,NONE-02-02,,NONE-02-02,3.7
000928,2022-03-13,2022-03-13,,2022-03-13,6.3
000934,2021-02-10,2021-01-25,2,2021-02-10,4.0
000937,2022-06-11,2022-06-11,,2022-06-11,3.3
000942,2021-05-29,2021-05-29,2,2021-05-29,4.5
000948,2021-10-24,2021-10-24,2,2021-10-24,4.6
000950,2022-09-16,2022-09-16,,2022-09-16,6.1
000954,2021-02-05,2021-02-05,2,2021-02-05,2.7
000958,2021-02-22,2021-02-22,2,2021-02-22,1.6
000961,2023-10-21,2023-10-21,,2023-10-21,4.3
000977,2021-11-03,2020-11-03,,2020-11-03,6.0
000983,2021-08-20,2021-08-20,,2021-08-20,9.6
000998,2021-11-11,2021-11-11,2,2021-11-11,3.5
001004,2020-08-10,NONE,,NONE,22.6
001007,2022-06-29,2022-06-29,2,2022-06-29,2.0
001012,2021-11-10,2021-11-10,2,2021-11-10,1.7
001016,2021-02-21,2021-02-21,,2021-02-21,3.9
001025,2020-12-09,2020-12-09,,2020-12-09,21.1
001028,2021-07-07,2021-08-01,2,2021-07-07,3.4
001035,2021-10-07,2020-07-07,2,2020-07-07,16.6
001052,2022-12-20,2022-12-20,,2022-12-20,7.1
001058,2021-10-14,2021-10-14,,2021-10-14,4.0
001063,2022-01-04,2022-01-04,2,2022-01-04,5.3
001065,2022-05-04,2022-05-04,,2022-05-04,7.0
001067,2021-12-06,2021-01-12,,2021-12-06,2.3
001076,2021-07-31,2031-07-21,,2031-07-21,4.6
001084,2021-07-09,2021-07-01,,2021-07-01,3.7
001086,2023-10-09,2023-10-09,,2023-10-09,3.2
001092,2021-03-19,2021-03-19,2,2021-03-19,5.4
001094,2022-01-12,2022-01-12,2,2021-01-13,3.9
001096,2021-06-11,2021-11-06,2,2021-06-11,7.6
001098,2021-03-18,2021-03-18,2,2021-03-18,7.5
001101,2021-03-14,2021-01-14,2,2021-03-14,3.8
001104,2021-08-26,2021-08-26,2,2021-08-26,2.2
001108,2021-02-28,2021-02-28,,2021-02-28,3.5
001111,2022-07-12,2022-07-12,,2022-07-12,5.8
001116,2022-01-12,2022-01-12,,2022-01-12,1.2
001127,2021-06-10,2021-06-10,2,2021-06-10,6.2
001129,NONE-02-07,NONE,,NONE,13.5
001132,2021-02-19,2020-12-12,2,2021-02-19,2.7
001134,2021-03-03,2021-03-03,,2021-03-03,3.4
001146,2021-12-13,2021-12-13,2,2021-12-13,5.1
001150,2021-09-18,2021-09-18,,2021-09-18,3.2
001156,2021-02-07,2021-02-07,,2021-02-07,4.0
001160,2021-04-23,2021-04-23,,2021-04-23,2.9
001164,2021-03-01,2021-03-01,,2021-03-01,5.7
001167,2022-01-20,2022-08-02,,2022-08-02,20.3
001184,2021-10-08,2021-10-08,,2021-10-08,2.4
001189,2019-06-28,2019-06-28,2,2019-06-28,3.2
001193,2021-02-11,2021-02-11,2,2021-02-11,6.4
001199,2021-10-20,2021-10-20,2,2021-10-20,5.8
001207,2020-08-18,2020-08-18,,2020-08-18,7.3
001226,2022-06-27,2020-12-28,2,2022-06-27,6.7
001228,2022-01-11,2021-01-12,2,2022-01-11,4.4
001230,2021-10-28,2021-10-28,,2021-10-28,2.3
001233,2021-03-09,2021-03-09,,2021-03-09,3.1
001246,2022-01-19,2022-01-19,2,2022-01-19,8.0
001248,2021-07-15,2021-07-15,,2021-07-15,15.7
001251,2021-04-11,2021-01-12,2,2021-04-11,2.9
001253,2021-08-19,2021-06-19,,2021-08-11,1.1
001261,2021-03-25,NONE,,NONE,25.3
001270,2021-10-11,2021-10-11,,2021-10-11,2.8
001285,2022-11-21,2022-11-21,,2022-11-21,7.1
001292,2022-11-05,2022-11-05,2,2022-11-05,21.3
001296,2023-11-NONE,2023-11-NONE,,2023-11-NONE,17.0
001298,2021-06-24,2021-06-24,,2021-06-24,3.7
001302,2021-11-29,2029-11-21,d,2029-11-21,2.8
001305,2021-04-12,2021-04-01,,2021-04-12,3.9
001317,2022-12-07,2022-12-07,2,2022-12-07,8.6
001320,2021-11-22,2028-12-07,,2028-12-07,4.8
001323,2023-07-09,2023-07-09,2,2023-07-09,5.3
001326,2021-07-19,2021-07-19,,2021-07-19,8.5
001338,2021-06-08,2021-06-08,,2021-06-08,12.4
001341,2021-11-25,2021-11-25,2,2021-11-25,4.4
001350,2021-08-21,2021-08-21,,2021-08-21,3.6
001355,2021-07-22,2021-07-22,,2021-07-22,8.2
001358,2020-12-NONE,2020-12-NONE,,2020-12-NONE,7.6
001363,2021-04-NONE,2021-10-13,,2021-10-13,15.5
001367,2021-09-29,2021-09-22,2,2021-09-22,2.5
001369,2025-09-21,2025-09-21,,2025-09-21,7.9
001381,2021-04-09,2021-01-04,,2021-04-09,3.9
001387,2021-07-17,2021-07-07,,2021-07-07,3.9
001395,2021-09-01,NONE,,NONE,11.7
001408,2021-12-16,2021-12-16,,2021-12-16,9.5
001413,2021-07-23,2021-07-23,,2021-07-23,7.3
001415,2022-04-20,2022-04-20,,2022-04-20,4.2
001421,2021-07-01,2021-07-01,,2021-07-01,2.7
001426,2020-04-17,2020-04-17,,2020-04-17,5.8
001436,2021-09-20,2021-09-20,,2021-09-20,3.6
001442,2021-06-24,2021-06-24,,2021-06-24,4.6
001444,2021-09-06,2021-09-06,,2021-09-06,3.1
001448,2022-07-22,2022-07-22,,2022-07-22,7.4
001455,2022-04-02,2022-01-02,,2022-04-02,8.4
001465,2022-11-18,NONE-11-18,,NONE-11-18,4.8
001471,2021-12-29,2021-12-29,,2021-12-29,4.9
001477,2022-05-10,NONE,2,NONE,17.6
001481,NONE-01-31,NONE,,NONE,18.9
001485,2022-09-28,2022-09-28,,2022-09-28,5.8
001495,2021-11-22,2021-11-22,,2021-11-22,5.6
001507,2021-02-19,2021-02-19,,2021-02-19,6.0
001520,2021-07-08,2021-07-10,,2021-07-10,11.1
001523,2021-06-14,2021-01-15,2,2021-01-15,1.7
001530,2021-02-11,2021-02-11,,2021-02-11,2.0
001536,2021-02-19,2021-02-19,,2021-02-19,5.6
001540,2021-06-13,2021-06-13,2,2021-06-13,5.6
001548,2022-09-28,NONE,2,NONE,14.3
001555,2020-06-03,2020-05-03,,2020-06-03,1.5
001557,2022-03-16,2022-03-16,2,2022-03-16,4.1
001563,2020-08-05,NONE,2,NONE,15.3
001571,2021-06-11,2021-06-11,,2021-06-11,3.0
001573,2022-01-06,2022-01-06,,2022-01-06,5.2
001594,2021-12-13,2021-12-13,,2021-12-13,4.4
001597,2021-03-07,2021-03-07,2,2021-03-07,5.5
001614,2020-09-03,2020-09-03,,2020-09-03,5.4
001627,2021-07-03,2022-07-05,,2022-07-05,1.4
001633,2021-05-12,2021-05-12,,2021-05-12,7.7
001636,2021-12-22,2023-02-12,2,2023-02-12,3.2
001644,2021-10-16,2021-10-15,,2021-10-15,3.0
001653,2019-08-19,2019-08-19,,2019-08-19,3.1
001655,2019-09-12,2019-09-12,,2019-09-12,6.3
001670,2021-10-23,2021-10-23,2,2021-10-23,7.5
001673,2021-05-19,2021-05-19,,2021-05-19,8.2
001676,2021-03-15,2021-03-15,,2021-03-15,4.3
001684,2021-11-14,2021-11-14,,2021-11-14,2.8
001694,2022-07-01,2022-07-01,,2022-07-01,7.0
001699,2021-12-22,2021-12-22,,2021-12-22,3.8
001704,2021-07-16,2021-07-16,,2021-07-16,4.3
001710,2021-10-15,2021-10-15,2,2021-10-15,4.2
001712,2021-07-18,2021-07-18,2,2021-07-18,5.5
001722,2021-07-06,2021-07-06,2,2021-07-06,4.6
001745,2022-01-28,2022-01-NONE,2,2022-01-NONE,4.3
001748,2019-07-03,2030-12-14,2,2030-12-14,14.0
001751,2021-06-28,2021-06-28,,2021-06-28,3.8
001756,2021-12-30,2021-12-20,2,2021-12-20,4.3
001766,2021-09-10,2021-09-10,,2021-09-10,2.1
001768,2021-06-29,2020-12-30,2,2021-06-29,3.3
001778,2021-04-09,2021-04-09,,2021-04-09,2.9
001780,2020-09-01,2020-09-01,2,2020-09-01,8.6
001789,2021-01-16,2021-01-16,,2021-01-16,2.3
001793,2021-11-07,2021-11-07,,2021-11-07,3.9
001797,2020-05-26,NONE,2,NONE,14.6
001801,2021-03-05,2021-03-05,,2021-03-05,3.4
001805,2020-11-09,2020-11-09,2,2020-02-10,7.0
001808,2020-08-13,2020-08-13,2,2020-08-13,5.1
001812,2021-03-26,2021-03-26,2,2021-03-26,3.2
001816,2021-04-14,2021-04-14,,2021-04-14,10.6
001818,2022-01-18,2021-01-19,,2022-01-18,8.4
001821,2020-09-01,2020-09-01,,2020-09-01,4.8
001828,2021-11-28,2021-11-28,,2021-11-28,5.1
001846,2021-09-23,2023-12-09,,2021-09-23,2.4
001857,2022-07-17,2022-07-17,,2022-07-17,3.8
001861,2023-06-18,2023-06-18,,2023-06-18,6.4
001864,2023-08-04,NONE,,NONE,12.8
001870,2021-09-26,2021-09-26,2,2021-09-26,2.5
001875,2022-10-21,2021-12-01,,2022-10-21,1.6
001878,2021-11-03,2021-01-03,,2021-01-03,3.0
001884,2021-09-09,2021-09-11,,2021-09-11,3.7
001886,2021-12-05,2021-12-05,2,2021-12-05,3.7
001901,2021-10-28,2021-10-28,,2021-10-28,2.1
001906,2021-09-03,2021-09-03,2,2021-09-03,3.0
001910,2021-05-07,2021-05-07,2,2021-05-07,8.8
001940,2021-03-14,2021-03-14,b,2021-03-14,6.1
001944,2023-09-29,NONE,t,2023-09-08,7.3
001948,2022-08-10,2022-08-10,2,2022-08-10,8.2
001954,2021-10-NONE,2027-10-NONE,,2021-07-04,3.4
001963,2021-10-09,2021-10-09,2,2021-10-09,1.5
001973,2023-03-15,2023-03-15,,2023-03-15,3.0
001975,2021-02-26,2026-02-21,d,2026-02-21,3.1
001992,2021-12-28,2021-12-28,,2021-12-28,4.2
002000,2021-04-24,2021-04-24,,2021-04-24,2.0
002007,2022-01-14,2022-01-14,,2022-01-14,4.9
002022,2022-04-09,2022-04-09,,2022-04-09,5.1
002026,NONE,2020-01-03,,2020-01-03,4.6
002032,2022-03-22,2022-03-22,,2022-03-22,4.4
002050,2021-03-25,2021-03-25,,2021-03-25,4.8
002059,2022-06-22,2022-06-22,,2022-06-22,6.5
002062,2023-02-NONE,2020-02-NONE,,2023-02-NONE,2.3
002065,2021-09-03,2021-09-03,,2021-09-03,3.8
002067,2020-04-30,2020-04-30,2,2020-04-30,4.7
002078,2020-10-21,2020-10-21,,2020-10-21,2.9
002084,2020-11-06,2020-03-13,,2020-11-06,3.8
002102,2021-12-25,2021-02-11,,2021-12-19,1.4
002116,2020-07-05,2020-07-05,,2020-07-05,6.0
002134,2022-11-02,2022-11-02,,2022-11-02,8.6
002141,2021-04-11,2021-04-11,,2021-04-11,1.6
002148,2022-01-03,2022-01-01,,2022-01-01,8.3
002152,2019-07-11,2019-07-18,2,2019-07-18,0.9
002161,2021-04-08,2021-04-08,,2021-04-08,18.6
002165,2021-01-29,2020-10-30,2,2021-01-29,3.9
002174,2021-09-05,2021-09-05,,2021-09-05,3.9
002180,2022-01-19,2022-01-19,,2022-01-19,7.1
002185,2020-09-25,2020-09-25,,2020-09-25,4.0
002193,2020-06-10,2020-06-10,,2020-06-10,2.8
002196,2021-10-28,2021-10-28,,2021-10-28,3.0
002203,2021-01-08,2021-09-10,2,2021-01-08,6.2
002210,2020-09-22,2020-09-22,2,2020-09-22,5.1
002213,2020-10-30,2020-10-30,,2020-10-30,11.1
002245,2021-05-21,2021-05-21,2,2021-05-21,3.8
002255,2021-10-26,2021-10-26,2,2021-10-28,6.1
002265,NONE-03-05,NONE-03-05,,NONE-03-05,3.3
002271,2021-08-02,2021-08-02,,2021-08-02,3.7
002273,2021-08-09,2021-08-09,,2021-08-09,3.5
002275,2023-12-22,2023-12-22,2,2023-12-22,1.5
002283,2022-01-20,2022-01-20,2,2022-01-20,3.4
002299,2021-10-15,2021-10-15,,2021-10-15,2.6
002308,2021-11-15,2021-11-15,,2021-11-15,10.6
002310,NONE-03-13,NONE-03-01,2,NONE-03-01,2.9
002325,2020-09-06,2020-09-06,,2020-09-06,2.4
002327,2022-10-23,2022-10-23,,2022-10-23,3.4
002340,2021-12-28,2021-12-28,,2021-12-28,4.4
002342,2021-12-15,2021-12-15,2,2021-12-15,1.8
002369,2022-01-16,2022-01-16,,2022-01-16,4.8
002383,2020-10-08,2020-10-08,,2020-10-08,6.7
002385,2019-08-18,2019-08-18,2,2019-08-18,5.6
002391,2021-03-18,2021-03-NONE,,2021-03-NONE,4.1
002407,2022-03-08,2022-03-08,,2022-03-08,5.5
002409,2022-10-29,2019-10-29,2,2019-10-29,2.7
002440,2022-01-26,NONE,,NONE,20.1
002446,2021-01-16,2021-01-16,,2021-01-16,2.7
002450,2021-06-09,NONE,2,NONE,7.1
002458,2022-04-NONE,2022-04-NONE,,2022-04-NONE,22.8
002460,2021-11-30,2021-01-30,,2021-11-30,3.0
002467,2021-05-18,2021-05-18,2,2021-05-18,3.0
002472,2021-03-18,2021-03-18,2,2021-03-18,3.0
002474,2021-03-16,2021-03-16,2,2021-03-16,3.7
002484,2021-05-05,NONE,,NONE,7.4
002490,2021-04-18,2021-04-18,,2021-04-18,2.6
002494,2022-02-10,2022-02-10,,2022-02-10,2.5
002509,2021-11-09,2021-11-09,,2021-11-09,2.1
002539,2021-08-05,2021-08-NONE,,2021-08-05,9.9
002546,2022-04-NONE,2022-04-NONE,,2022-04-NONE,7.4
002563,2021-08-29,2021-08-29,,2021-08-29,3.9
002567,2021-10-15,2021-10-15,,2021-10-15,3.1
002571,2021-05-07,2021-01-08,2,2021-05-07,3.7
002579,2024-01-14,2024-01-14,,2024-01-14,5.2
002581,2021-11-17,2021-01-17,,2021-01-17,4.9
002592,2023-08-11,2023-08-11,,2023-08-11,3.1
002599,2021-12-NONE,2021-12-NONE,,2021-12-NONE,4.1
002606,2022-04-02,2022-04-02,,2022-04-02,4.0
002612,2021-12-01,2021-12-01,,2021-12-01,2.8
002626,2021-06-22,2021-06-22,,2021-06-22,3.4
002631,2022-01-20,2022-01-20,,2022-01-20,5.8
002638,2022-11-01,2022-11-01,,2022-11-01,5.7
002641,2021-10-31,2021-10-31,,2021-10-31,8.6
002644,2022-11-NONE,NONE,,NONE,18.1
002647,2022-01-24,2022-01-24,,2022-01-24,4.1
002661,2022-01-11,2022-01-11,2,2022-01-11,5.1
002663,2021-08-18,2021-08-18,2,2021-08-18,4.1
002669,2022-04-18,2022-04-18,,2022-04-18,4.5
002671,2021-04-05,2021-04-05,,2021-04-05,7.8
002680,2021-10-29,2021-10-29,,2021-10-29,4.4
002682,2021-09-10,2021-09-10,,2021-09-10,5.4
002690,NONE-03-11,NONE-03-11,,NONE-03-11,3.6
002699,2021-08-23,2021-08-23,,2021-08-23,2.8
002705,2021-12-07,2021-12-07,,2021-12-07,4.2
002713,2021-10-22,2021-12-12,,2021-10-22,4.2
002724,2019-12-20,NONE,,NONE,8.5
002728,2021-11-04,2021-11-04,,2021-11-04,5.4
002739,2021-09-26,2021-09-26,2,2021-09-26,2.4
002745,2024-04-06,2024-04-06,,2024-04-06,1.8
002751,2022-02-20,2022-02-20,2,2022-02-20,3.3
002765,2021-03-16,2021-02-03,,2021-03-16,4.0
002771,2021-10-10,2021-10-11,,2021-07-01,7.3
002780,2021-04-06,2021-04-06,,2021-04-06,6.3
002784,2021-04-18,NONE-11-01,,NONE-11-01,7.5
002786,2022-06-22,2022-06-22,2,2022-06-22,10.8
002797,2021-04-28,2021-04-29,,2021-04-29,4.6
002799,2021-12-27,2021-12-27,2,2021-12-27,6.7
002804,2021-04-19,2021-04-19,,2021-04-19,2.8
002808,2021-12-29,2021-12-22,,2021-12-22,2.6
002816,2021-06-28,2020-02-10,2,2020-02-10,8.4
002823,2021-10-07,2021-10-07,,2021-10-07,3.1
002836,2021-08-01,2021-08-01,,2021-08-01,2.8
002847,2021-12-30,2021-12-30,,2021-12-30,3.2
002849,2021-08-15,2021-08-15,,2021-08-15,5.7
002853,2021-08-11,2021-08-11,,2021-08-11,7.3
002861,2021-03-25,2021-03-25,,2021-03-25,4.6
002866,2022-02-28,2022-02-28,d,2028-02-02,8.2
002869,2021-08-04,2021-08-04,,2021-08-04,7.1
002879,2021-06-21,2021-06-21,,2021-06-21,2.4
002881,2021-04-13,2021-04-13,2,2021-04-13,3.2
002884,2022-07-20,2022-07-20,,2022-07-20,3.7
002890,2021-11-11,2021-11-11,,2021-11-11,6.5
002907,2021-10-30,2021-10-30,2,2021-10-30,6.4
002911,2021-06-30,2021-06-30,,2030-06-21,3.8
002917,2021-04-30,2021-04-30,,2021-04-30,10.2
002928,NONE-04-08,2024-08-20,,2024-08-20,8.6
002933,2022-02-01,2022-02-01,,2022-02-01,4.6
002935,2022-02-02,2022-02-02,,2022-02-02,6.4
002956,NONE,2021-01-02,m,2021-01-02,4.9
002960,2021-10-08,2021-10-08,,2021-10-08,12.4
002974,2022-03-15,2022-03-15,2,2022-03-15,1.6
002977,2020-05-12,2020-12-05,,2020-12-05,3.9
002989,2021-07-20,2024-07-20,,2024-07-20,6.5
002992,2021-02-21,2021-02-21,,2021-02-21,8.3
002999,2021-10-07,2021-10-07,,2021-10-07,2.9
003002,2022-06-18,2022-06-18,,2022-06-18,3.7
003009,2021-10-05,2021-10-05,,2021-10-05,3.1
003013,2024-01-29,2029-05-21,,2024-01-29,2.4
003025,2021-09-13,2021-09-13,,2021-09-13,3.2
003029,2021-11-02,2021-11-02,,2021-11-02,5.7
003037,2021-02-18,2021-02-18,,2021-02-18,7.2
003046,2021-10-20,2021-10-20,,2021-10-20,6.0
003053,2021-10-28,2021-10-28,,2021-10-28,8.8
003056,2021-03-06,2021-03-06,,2021-03-06,6.8
003061,2022-03-05,2022-03-05,2,2022-03-05,2.7
003066,2021-11-12,2021-01-11,,2021-11-12,3.3
003081,2021-12-02,2021-12-02,2,2021-12-02,3.7
003089,2021-09-15,2021-09-15,,2021-09-15,9.0
003092,2021-09-17,2021-09-17,,2021-09-17,6.0
003100,2022-11-21,2022-11-21,,2022-11-21,7.6
003104,2023-12-06,2023-12-06,,2023-12-06,4.8
003110,2021-06-09,2021-06-09,,2021-06-09,3.5
003115,2021-09-25,2022-09-05,2,2022-09-05,1.6
003126,2021-02-16,2021-02-16,,2021-02-16,1.2
003131,2022-03-30,2022-03-30,,2022-03-30,5.1
003139,2022-01-09,2022-01-09,,2022-01-09,3.2
003141,2021-07-12,2021-01-13,2,2021-07-12,3.0
003143,2021-12-11,2020-12-12,2,2021-12-11,3.3
003147,2021-04-22,2021-04-22,,2021-04-22,3.2
003163,2021-02-16,2020-11-17,,2021-02-16,5.6
003168,2021-09-18,2021-09-18,,2021-09-18,4.4
003181,2021-06-14,2021-06-14,,2021-06-14,5.2
003186,2021-10-21,2021-10-21,2,2021-10-21,2.1
003192,2021-11-19,2021-11-19,2,2021-11-19,3.6
003194,2021-07-13,2021-07-13,,2021-07-13,2.6
003207,2021-07-20,2021-07-20,,2021-07-20,3.6
003210,2022-12-02,2022-12-02,,2022-12-02,5.0
003216,2022-01-15,2022-01-15,,2022-01-15,4.5
003221,2021-03-08,2021-03-05,2,2021-03-05,4.5
003225,2021-08-21,2020-02-20,2,2021-08-21,3.3
003230,2022-03-28,NONE,,NONE,13.2
003239,2021-11-06,2021-11-06,2,2021-11-06,5.2
003241,2022-01-28,2022-01-28,,2022-01-28,4.0
003245,2021-09-20,2020-09-20,2,2020-09-20,4.7
003268,2022-05-05,2022-05-05,,2022-05-05,5.1
003272,2021-05-03,2021-05-03,,2021-05-03,4.7
003275,2021-10-10,2021-10-10,,2021-10-10,4.9
003286,2021-08-06,2021-08-06,2,2021-08-06,5.9
003288,2021-09-25,2021-09-25,2,2021-09-25,4.0
003296,2021-11-26,2021-11-26,2,2021-11-26,3.8
003302,2023-02-06,2023-02-06,,2023-02-06,6.0
003310,2020-08-29,2020-10-04,,2020-10-04,2.3
003328,2021-12-26,2021-12-26,,2021-12-26,4.0
003330,2021-11-03,2021-01-03,,2021-11-03,6.0
003335,2021-07-02,2021-07-02,,2021-07-02,3.2
003338,2021-06-01,NONE-06-01,,NONE-06-01,12.3
003341,2022-09-29,2022-09-29,,2022-09-29,10.3
003348,2027-07-13,NONE-07-27,d,NONE-07-27,19.6
003350,2025-12-10,2022-10-10,2,2025-12-10,7.2
000075,2026-01-06,2026-01-06,,2026-01-06,2.5
000079,2026-01-31,2026-01-31,,2026-01-31,1.8
000093,2026-04-23,2026-04-23,,2026-04-23,1.0
000102,2025-11-13,2025-11-13,,2025-11-13,1.5
000115,2025-12-08,2025-12-08,,2025-12-08,11.0
000121,2027-04-13,2027-04-13,,2027-04-13,1.7
000128,2026-05-28,2026-05-28,,2026-05-28,3.0
000132,2026-08-21,2026-08-21,,2026-08-21,1.5
000139,2026-07-26,2026-07-26,,2026-07-26,1.8
000144,2027-03-25,2027-03-25,,2027-03-25,2.8
000147,2026-03-21,2026-03-21,,2026-03-21,1.7
000152,2026-07-31,2026-07-31,,2026-07-31,1.3
000157,2027-07-08,NONE,t,NONE,10.8
000163,2026-11-20,2026-11-20,,2026-11-20,1.3
000165,2027-01-13,2027-01-13,,2027-01-13,1.0
000167,2026-08-07,2026-08-07,,2026-08-07,4.4
000170,2026-09-07,2026-09-07,,2026-09-07,1.3
000182,2026-10-01,2026-10-01,,2026-10-01,2.6
000186,2028-04-14,2028-04-14,,2028-04-14,1.2
000189,2026-08-25,2026-08-25,,2026-08-25,3.0
000192,2026-06-24,2024-06-01,,2024-06-01,2.7
000195,2027-07-01,2027-07-01,,2027-07-01,2.3
000198,2026-05-08,2022-12-15,,2022-12-15,4.0
000202,2027-02-06,2027-02-06,,2027-02-06,2.0
000205,2027-05-18,2027-05-18,,2027-05-18,1.6
000213,2026-03-20,2026-03-20,,2026-03-20,2.2
000219,2026-09-07,2026-09-07,,2026-09-07,1.6
000221,2026-07-15,2026-07-15,,2026-07-15,2.0
000223,2026-08-13,2026-08-13,,2026-08-13,1.5
000229,2025-10-28,2022-10-11,,2022-10-11,7.0
000232,2027-11-26,NONE,e,NONE,14.6
000237,2026-06-05,2026-06-05,,2026-06-05,3.4
000243,2026-08-17,2026-08-17,,2026-08-17,1.4
000256,2027-01-02,2027-01-02,,2027-01-02,1.4
000258,2026-05-30,2026-05-30,,2026-05-30,5.8
000260,2027-04-01,2027-04-01,,2027-04-01,1.5
000265,2026-11-26,2026-11-26,,2026-11-26,1.7
000270,2026-09-03,2026-09-03,,2026-09-03,2.3
000272,2026-05-10,2026-05-10,,2026-05-10,2.0
000280,2026-03-23,2026-03-23,,2026-03-23,1.4
000282,2026-09-10,2026-09-10,,2026-09-10,3.0
000286,2027-03-11,2027-03-11,,2027-03-11,14.5
000289,2030-07-23,2030-07-23,,2030-07-23,1.5
000291,2027-07-21,2027-07-21,,2027-07-21,3.3
000295,2025-11-08,2025-11-08,,2025-11-08,2.7
000299,2026-05-13,2026-05-13,,2026-05-13,4.7
000301,2027-04-09,2027-04-09,,2027-04-09,1.6
000304,2026-06-01,2026-06-01,,2026-06-01,1.6
000312,2026-08-26,2026-08-26,,2026-08-26,2.0
000315,2026-07-19,2026-07-19,,2026-07-19,0.9
000319,2026-02-14,2026-02-14,,2026-02-14,1.4
000324,2027-05-15,2027-05-15,,2027-05-15,3.3
000326,2025-10-18,2025-10-18,,2025-10-18,3.1
000331,2025-10-31,2025-10-31,,2025-10-31,1.9
000333,2025-11-07,2025-11-07,,2025-11-07,1.8
000337,2025-12-09,2025-12-09,,2025-12-09,1.5
000340,2026-08-11,2026-08-11,,2026-08-11,1.4
000342,2026-06-22,2026-06-22,,2026-06-22,1.2
000346,2026-05-15,2026-05-15,,2026-05-15,1.4
000349,2025-12-07,2025-12-07,,2025-12-07,1.2
000352,2026-08-27,2026-08-27,,2026-08-27,1.9
000354,2027-07-06,2027-07-06,,2027-07-06,3.9
000357,2027-08-11,2027-08-11,,2027-08-11,2.3
000364,2026-06-04,2026-06-04,,2026-06-04,9.2
000366,2026-09-05,2026-09-05,,2026-09-05,2.6
000369,2027-06-25,2027-06-25,,2027-06-25,1.7
000374,2026-08-28,2026-08-28,,2026-08-28,8.4
000377,2026-07-01,2026-07-01,,2026-07-01,22.8
000380,2026-09-02,2026-09-02,,2026-09-02,2.3
000383,2026-04-03,2026-04-03,,2026-04-03,3.0
000391,2026-12-10,2026-12-10,,2026-12-10,2.5
000396,2026-02-27,2026-02-27,,2026-02-27,2.3
000403,2027-04-01,2027-04-01,,2027-04-01,5.0
000410,2027-04-13,2027-04-13,,2027-04-13,1.6
000414,2026-04-07,2026-04-07,,2026-04-07,1.2
000417,2026-03-15,2026-03-15,,2026-03-15,1.8
000419,2026-08-05,2026-08-05,,2026-08-05,2.3
000426,2026-12-26,2026-12-26,,2026-12-26,1.8
000434,2026-10-28,2026-10-28,,2026-10-28,2.8
000437,2025-11-19,NONE,,NONE,14.2
000439,2026-03-18,2026-03-18,,2026-03-18,1.9
000447,2025-11-22,2025-11-22,,2025-11-22,2.6
000461,2026-11-28,2026-11-28,,2026-11-28,2.1
000464,2026-03-19,2026-05-19,,2026-05-19,8.1
000466,2027-06-07,2027-06-17,t,2027-06-17,2.0
000470,2026-08-06,2026-08-06,,2026-08-06,2.8
000473,2026-05-21,NONE,,NONE,20.7
000476,2026-07-06,2026-07-06,,2026-07-06,2.3
000478,2026-06-11,NONE,,NONE,12.9
000481,2026-03-09,2026-03-09,,2026-03-09,1.1
000483,2027-04-15,2027-04-15,,2027-04-15,1.2
000485,2027-09-17,NONE,,NONE,11.6
000493,2026-06-17,2026-06-17,,2026-06-17,3.1
000499,2026-05-13,2026-05-13,,2026-05-13,1.8
000511,2026-03-24,2026-03-24,,2026-03-24,1.7
000513,2026-09-03,2026-09-03,,2026-09-03,1.5
000516,2026-07-16,2026-07-16,,2026-07-16,2.6
000518,2026-09-14,2026-09-14,,2026-09-14,1.4
000524,2026-06-18,2026-06-18,,2026-06-18,1.6
000529,2026-01-12,2026-01-12,,2026-01-12,1.1
000531,2026-02-28,2026-02-28,,2026-02-28,1.5
000533,2026-03-26,2026-03-26,,2026-03-26,3.2
000535,2026-02-04,2026-02-04,,2026-02-04,1.2
000538,2026-02-06,2026-02-06,,2026-02-06,3.4
000540,2026-03-24,2026-03-24,,2026-03-24,1.3
000542,2027-07-22,2027-07-22,,2027-07-22,3.2
000545,2027-07-09,2027-07-09,,2027-07-09,3.5
000551,2026-12-19,2026-12-19,,2026-12-19,3.2
000553,2028-10-24,2022-10-24,,2022-10-24,5.8
000555,2027-04-16,2027-04-16,,2027-04-16,2.2
000558,2025-05-16,2025-05-16,,2025-05-16,2.6
000563,2026-01-10,NONE,,2026-01-10,1.5
000566,2026-09-17,2026-09-17,,2026-09-17,1.4
000569,2025-11-02,2025-11-02,,2025-11-02,2.0
000573,NONE-10-22,NONE-10-22,,NONE-10-22,3.8
000575,NONE-10-14,NONE,,NONE,16.2
000579,2026-07-10,2026-07-10,,2026-07-10,1.4
000585,2026-05-16,2020-02-02,,2020-02-02,6.2
000587,2026-02-07,2026-02-17,,2026-02-17,6.5
000591,2026-07-27,2026-07-27,,2026-07-27,1.9
000605,2028-07-01,2028-07-01,,2028-07-01,1.6
000607,2028-06-23,2028-06-23,,2028-06-23,2.1
000610,2026-06-04,2026-06-04,,2026-06-04,2.0
000612,2026-05-07,2026-05-07,,2026-05-07,1.4
000617,2026-07-11,2026-07-11,,2026-07-11,1.3
000621,2026-08-25,2026-08-25,,2026-08-25,0.8
000625,2027-04-01,2027-04-01,,2027-04-01,0.9
000631,2025-11-15,2025-11-15,,2025-11-15,0.6
000633,2025-12-24,2025-12-24,,2025-12-24,1.1
000636,2026-03-09,2026-03-09,,2026-03-09,0.7
000641,2026-09-02,2026-09-02,,2026-09-02,1.1
000646,2027-01-15,2027-01-15,,2027-01-15,0.6
000650,2026-08-05,2026-08-05,,2026-08-05,1.0
000653,2027-01-19,2027-01-19,,2027-01-19,0.7
000655,2026-08-27,2026-08-27,,2026-08-27,2.4
000657,2026-07-27,2026-07-27,,2026-07-27,0.8
000659,2026-08-24,2026-08-24,,2026-08-24,1.1
000664,2026-02-20,2026-02-20,,2026-02-20,1.3
000672,2026-02-08,2026-02-08,,2026-02-08,1.7
000675,NONE,2028-06-03,?,2028-06-03,1.0
000678,2026-07-24,2026-07-24,,2026-07-24,0.7
000680,2025-10-15,2025-10-15,,2025-10-15,0.8
000684,2026-03-23,2026-03-23,,2026-03-23,1.2
000692,2026-08-21,2026-08-21,,2026-08-21,0.8
000697,2025-10-07,2025-10-07,,2025-10-07,0.9
000700,2025-10-24,2025-10-24,,2025-10-24,1.2
000705,2026-06-29,2026-06-29,,2026-06-29,1.3
000708,2025-09-18,2025-09-18,,2025-09-18,0.8
000710,2025-10-14,2025-10-14,,2025-10-14,1.1
000714,2026-03-12,2026-03-12,d,2026-03-12,0.7
000716,2025-11-07,2025-11-07,,2025-11-07,0.9
000718,2026-01-17,2026-01-17,,2026-01-17,1.1
000720,2026-02-28,2026-02-28,,2026-02-28,1.0
000722,2026-08-04,2026-10-19,,2026-10-19,1.4
000726,2026-09-16,2026-09-16,,2026-09-16,1.4
000730,2026-02-26,2026-02-26,,2026-02-26,1.0
000732,2026-03-16,2026-03-15,,2026-03-15,1.4
000737,2026-03-04,2026-03-04,,2026-03-04,2.0
000743,2026-11-16,2026-11-16,,2026-11-16,1.7
000745,2026-01-10,2026-01-10,,2026-01-10,2.3
000747,2026-06-22,2026-06-22,,2026-06-22,2.4
000756,2027-02-24,2027-02-24,,2027-02-24,2.0
000758,2026-03-11,2026-03-11,,2026-03-11,1.5
000760,NONE-11-20,NONE-11-20,,NONE-11-20,2.5
000762,2026-08-02,2026-08-02,,2026-08-02,1.4
000766,2026-09-24,2026-09-24,,2026-09-24,2.1
000769,2026-12-10,2026-12-10,,2026-12-10,2.1
000775,2025-12-17,2025-12-17,,2025-12-17,1.3
000778,2026-06-22,2026-06-22,,2026-06-22,1.7
000781,2026-10-02,2026-10-02,,2026-10-02,1.3
000788,NONE-12-21,NONE-12-21,,NONE-12-21,4.8
000790,2027-07-NONE,2027-07-NONE,,2027-07-NONE,8.8
000794,2026-10-27,2026-10-27,,2026-10-27,1.2
000801,2026-03-25,2026-03-25,,2026-03-25,1.4
000807,2026-05-29,2026-05-29,,2026-05-29,1.2
000809,2026-08-30,2026-08-30,,2026-08-30,1.2
000811,2026-03-31,2026-03-31,,2026-03-31,1.1
000815,2026-06-22,2026-06-22,,2026-06-22,0.9
000818,2026-05-12,NONE,,NONE,10.5
000823,2027-02-23,2027-02-23,,2027-02-23,1.7
000828,NONE-12-21,NONE-12-21,,NONE-12-21,1.1
000830,2025-12-20,2025-12-20,,2025-12-20,1.0
000835,2026-02-02,2026-02-02,,2026-02-02,1.0
000845,2026-06-17,2026-06-17,,2026-06-17,1.9
000857,2025-01-28,2025-01-28,,2025-01-28,3.0
000859,2021-10-28,NONE,,NONE,4.8
000865,2021-09-25,2021-09-25,,2021-09-25,1.6
000868,2021-10-23,NONE,,NONE,5.2
000874,2021-03-22,2021-03-22,,2021-03-22,15.2
000876,2021-07-01,2021-07-01,,2021-07-01,1.1
000878,2023-04-03,NONE,t,NONE,4.5
000885,2021-07-09,2020-01-10,,2020-01-10,1.3
000889,2021-05-27,2021-05-27,,2021-05-27,1.2
000892,2022-02-07,2022-02-07,,2022-02-07,1.5
000898,2025-05-19,2025-05-19,,2025-05-19,9.7
000902,2021-11-01,2021-11-01,,2021-11-01,2.0
000904,2021-08-31,2021-08-22,,2021-08-22,1.6
000907,2022-01-NONE,2022-01-NONE,,2022-01-NONE,2.4
000910,2021-09-20,2021-09-20,,2021-09-20,1.0
000913,2021-10-19,2021-10-19,,2021-10-19,1.6
000915,2021-07-21,2021-07-21,,2021-07-21,2.4
000920,2022-03-11,2022-03-11,,2022-03-11,3.4
000926,2021-06-10,2021-06-10,,2021-06-10,1.0
000931,2021-07-29,2021-07-29,,2021-07-29,2.5
000933,2021-05-26,NONE,,NONE,4.3
000941,2021-07-02,2021-07-02,,2021-07-02,1.4
000947,2021-09-30,2021-09-30,,2021-09-30,0.9
000952,2021-04-05,2021-04-05,,2021-04-05,1.1
000960,2022-07-19,2022-07-19,,2022-07-19,1.3
000964,2023-11-14,2023-11-14,,2023-11-14,1.4
000967,2022-10-17,2022-10-17,,2022-10-17,2.3
000969,2022-06-30,2022-06-30,,2022-06-30,3.2
000972,2021-06-25,2021-06-25,,2021-06-25,1.3
000975,2023-08-03,2023-08-03,,2023-08-03,2.0
000978,2021-03-11,2022-02-29,,2022-02-29,9.4
000982,2022-02-15,NONE,t,NONE,8.3
000988,2021-12-28,2021-12-28,,2021-12-28,1.4
000990,2020-07-21,NONE,,NONE,8.0
000992,2021-03-04,2021-03-04,,2021-03-04,4.5
000994,NONE-02-18,NONE,,NONE,9.6
000996,NONE-02-19,NONE,,NONE,10.3
001000,2021-09-07,2021-09-07,,2021-09-07,2.4
001005,2020-08-10,2020-08-10,,2020-08-10,6.2
001014,2022-01-11,2022-01-11,,2022-01-11,1.6
001017,2021-02-21,2021-02-21,b,2021-02-21,4.5
001019,2021-05-15,NONE,b,NONE,4.3
001023,2021-07-13,2021-07-13,,2021-07-13,1.3
001027,2020-09-08,2020-09-08,,2020-09-08,1.2
001032,2019-07-16,2019-07-16,,2019-07-16,1.3
001037,2021-03-18,2021-03-18,,2021-03-18,1.4
001039,2021-12-28,2021-12-28,,2021-12-28,0.7
001041,2022-04-15,2022-04-15,,2022-04-15,1.0
001043,2021-09-13,2021-09-13,,2021-09-13,1.0
001045,2021-04-30,2021-04-30,,2021-04-30,1.1
001047,2021-05-12,2021-05-12,,2021-05-12,0.9
001050,2022-01-06,2022-01-06,,2022-01-06,1.6
001053,2022-09-01,2022-09-01,,2022-09-01,5.0
001056,2022-05-27,2022-05-27,,2022-05-27,2.6
001068,2021-03-15,2021-03-15,,2021-03-15,1.0
001070,NONE-01-24,NONE-01-24,,NONE-01-24,1.4
001073,2023-09-18,2023-09-18,,2023-09-18,1.5
001078,2023-09-24,2023-09-24,,2023-09-24,2.4
001080,2021-10-13,2021-10-13,,2021-10-13,4.3
001082,2021-06-17,2021-06-17,,2021-06-17,3.6
001088,2022-06-14,2022-06-14,,2022-06-14,1.0
001103,2021-03-14,NONE-03-14,,2021-03-14,4.5
001107,2021-02-28,2021-02-28,,2021-02-28,1.0
001112,2022-07-12,2022-07-12,,2022-07-12,1.2
001115,2022-01-12,2022-01-12,,2022-01-12,1.0
001119,2021-12-26,2021-12-16,,2021-12-16,0.7
001121,2023-01-10,2023-01-10,,2023-01-10,3.4
001123,2021-10-09,2021-10-09,,2021-10-09,4.5
001126,2021-12-28,2021-12-28,,2021-12-28,1.6
001135,2022-09-24,2022-09-24,,2022-09-24,1.2
001137,2021-07-17,2021-07-17,,2021-07-17,2.4
001139,2021-02-28,2021-02-28,,2021-02-28,2.0
001143,2021-06-26,2021-06-28,t,2021-06-28,1.9
001145,2021-05-25,2021-05-25,,2021-05-25,1.6
001149,2022-07-31,2022-07-31,,2022-07-31,1.4
001152,2021-10-31,2021-10-31,,2021-10-31,3.9
001158,2021-08-10,2021-08-10,,2021-08-10,1.6
001162,2021-12-06,2021-12-06,,2021-12-06,1.5
001169,2021-08-31,2021-08-31,,2021-08-31,2.3
001171,2022-01-18,2022-01-18,,2022-01-18,1.7
001173,2021-09-NONE,2021-09-NONE,,2021-09-NONE,3.3
001176,2021-09-07,2021-09-07,d,2021-09-07,5.6
001178,2021-12-01,NONE,,NONE,5.5
001181,2022-04-14,2022-04-14,,2022-04-14,1.7
001183,2021-10-08,2021-10-08,,2021-10-08,1.0
001191,2020-12-08,2020-12-08,,2020-12-08,1.7
001195,2021-10-18,2021-10-18,,2021-10-18,6.2
001198,2021-10-10,2021-10-10,,2021-10-10,1.5
001203,2023-02-28,2023-02-28,,2023-02-28,2.3
001205,NONE-05-21,NONE-05-21,,NONE-05-21,2.2
001208,2020-08-18,2020-08-18,,2020-08-18,2.4
001210,2021-08-03,2021-08-03,,2021-08-03,1.6
001212,2021-07-03,2021-07-03,,2021-07-03,3.9
001214,2021-05-15,2021-05-15,,2021-05-15,3.4
001217,2022-05-30,2022-05-30,,2022-05-30,1.4
001219,2021-01-14,2021-01-14,,2021-01-14,1.1
001221,2021-11-10,2021-11-10,,2021-11-10,2.5
001223,2021-04-11,2021-04-11,,2021-04-11,3.3
001232,2021-05-05,2021-05-05,,2021-05-05,4.2
001238,NONE-01-31,NONE-01-31,,NONE-01-31,14.8
001240,2020-12-19,2020-12-19,,2020-12-19,1.8
001243,2023-12-31,2023-12-31,,2023-12-31,1.7
001245,2021-11-01,2021-11-01,,2021-11-01,1.3
001254,2019-09-13,2019-09-13,,2019-09-13,1.9
001256,2023-07-03,2023-07-03,,2023-07-03,0.8
001258,2022-03-15,2022-03-15,,2022-03-15,9.2
001263,2022-12-03,2022-12-03,,2022-12-03,3.3
001265,2022-06-NONE,2022-06-NONE,,2022-06-NONE,2.5
001267,2022-09-05,2022-09-05,,2022-09-05,4.8
001272,2023-07-08,2023-07-08,,2023-07-08,1.8
001274,2022-06-17,2022-06-17,,2022-06-17,3.7
001277,2021-11-04,2021-11-04,,2021-11-04,2.1
001280,2022-10-09,2022-10-09,,2022-10-09,1.8
001282,2025-04-01,2025-04-01,,2025-04-01,4.8
001284,2022-04-23,2022-04-23,,2022-04-23,2.5
001293,2020-09-21,2020-09-NONE,,2020-09-NONE,3.7
001299,2021-07-28,2021-07-28,,2021-07-28,3.0
001306,2021-07-19,2021-07-19,,2021-07-19,4.3
001309,2021-04-30,2021-04-30,t,2021-04-30,3.8
001311,2022-10-20,2022-10-20,,2022-10-20,1.9
001313,2022-01-15,NONE,,NONE,30.1
001315,2021-12-09,2021-12-09,,2021-12-09,2.5
001327,2021-07-19,2021-07-19,,2021-07-19,2.9
001330,2021-03-05,2022-03-05,,2022-03-05,1.5
001333,2021-12-NONE,2021-12-NONE,,2021-12-NONE,1.9
001335,2021-10-26,2021-10-26,,2021-10-26,3.1
001342,2021-09-10,2021-09-10,,2021-09-10,4.0
001345,2021-08-27,2021-08-27,,2021-08-27,4.9
001348,2021-10-31,2021-01-10,,2021-01-10,2.9
001351,2021-06-09,2021-06-09,,2021-06-09,2.0
001353,2022-06-27,2022-06-27,,2022-06-27,1.6
001361,2021-09-02,NONE-09-21,,NONE-09-21,8.8
001370,2021-12-03,2021-12-03,,2021-12-03,1.8
001372,2022-03-07,2022-03-07,,2022-03-07,2.1
001375,2022-05-NONE,2022-05-NONE,,2022-05-NONE,3.4
001377,2021-12-02,NONE,,NONE,7.0
001379,NONE,2021-01-22,,2021-01-22,3.0
001383,2023-01-05,NONE,,NONE,11.2
001385,2018-09-NONE,NONE,,NONE,9.3
001389,2021-06-20,2021-06-20,,2021-06-20,2.7
001392,2021-02-25,2021-02-25,,2021-02-25,2.5
001394,2021-09-01,NONE-11-08,,NONE-11-08,5.9
001397,2022-11-01,2022-11-01,,2022-11-01,2.0
001399,2021-07-23,2021-07-23,,2021-07-23,2.9
001402,2020-09-29,2020-09-29,,2020-09-29,4.3
001404,2021-01-27,2021-01-27,,2021-01-27,9.0
001406,2021-07-31,2031-07-21,,2031-07-21,1.5
001410,2021-05-25,2021-05-05,,2021-05-05,12.6
001418,2021-07-18,2021-07-18,,2021-07-18,3.8
001422,2021-11-NONE,2021-11-NONE,,2021-11-NONE,2.0
001427,2020-08-12,2020-08-12,,2020-08-12,2.7
001430,2021-01-23,2021-01-01,,2021-01-01,3.0
001432,2021-09-29,2021-09-29,,2021-09-29,1.4
001437,2021-08-29,2021-08-29,,2021-08-29,1.5
001440,2021-09-03,2021-09-03,,2021-09-03,2.0
001449,2022-10-28,2022-10-28,,2022-10-28,1.5
001451,2022-04-26,2022-04-26,,2022-04-26,2.7
001454,2022-04-02,2022-04-02,,2022-04-02,4.8
001457,2022-06-28,2022-06-28,,2022-06-28,3.6
001459,2022-10-29,2022-10-29,,2022-10-29,1.7
001461,2022-01-20,2022-01-20,,2022-01-20,3.6
001466,2020-11-03,2020-01-03,,2020-01-03,14.5
001468,2022-12-03,2022-12-03,,2022-12-03,4.1
001472,2022-02-17,2022-02-17,,2022-02-17,2.2
001474,2022-07-10,2022-07-10,,2022-07-10,1.6
001478,2022-08-27,2022-08-27,,2022-08-27,3.3
001486,2022-12-08,2022-12-08,,2022-12-08,2.7
001488,2021-07-12,2021-07-12,,2021-07-12,1.5
001492,2023-07-08,2023-07-08,,2023-07-08,1.9
001494,2023-08-17,NONE,,NONE,11.6
001498,2021-06-30,2021-06-30,,2021-06-30,9.2
001500,2021-09-23,2021-09-23,,2021-09-23,1.9
001503,2021-06-24,2021-06-24,,2021-06-24,2.2
001505,2021-01-27,2021-01-27,,2021-01-27,2.7
001509,2021-10-19,2021-10-19,,2021-10-19,5.0
001514,2022-08-16,2022-08-16,,2022-08-16,1.6
001518,2022-12-07,2022-12-07,,2022-12-07,2.2
001524,2021-06-25,2021-06-25,,2021-06-25,3.9
001527,2021-01-21,2021-01-21,,2021-01-21,5.2
001529,2021-02-11,2021-02-11,,2021-02-11,2.2
001534,2022-07-11,2022-07-11,,2022-07-11,2.9
001539,2022-01-18,2022-01-18,,2022-01-18,3.2
001543,2022-01-22,2022-01-22,,2022-01-22,1.4
001545,2021-08-02,2021-08-02,,2021-08-02,1.8
001547,2021-07-04,2021-07-04,,2021-07-04,4.2
001550,2021-08-25,NONE,,2021-08-02,16.1
001559,2024-12-21,2024-12-21,,2024-12-21,5.0
001562,2022-06-11,2022-06-01,,2022-06-11,2.0
001566,2020-04-23,2020-04-23,,2020-04-23,2.3
001570,2021-11-30,2021-11-30,,2021-11-30,1.8
001576,2022-03-27,2022-03-27,,2022-03-27,3.1
001578,2022-11-05,2022-11-05,,2022-11-05,2.7
001580,2022-11-02,2022-11-02,,2022-11-02,1.4
001583,2021-12-15,2021-12-15,,2021-12-15,1.4
001586,2021-04-20,2021-04-20,,2021-04-20,1.1
001592,2022-01-05,2022-01-05,,2022-01-05,1.8
001595,2021-12-13,2021-12-13,,2021-12-13,1.8
001600,2021-02-08,2021-02-08,,2021-02-08,2.0
001602,2021-02-11,2021-02-11,,2021-02-11,1.8
001605,2021-03-06,2021-03-06,,2021-03-06,3.2
001607,2021-04-03,2021-04-03,,2021-04-03,1.8
001609,2021-06-29,2021-06-29,,2021-06-29,1.4
001611,2021-02-12,2021-02-12,,2021-02-12,2.2
001613,2022-02-25,2022-02-25,,2022-02-25,1.4
001617,2021-12-15,2021-12-15,,2021-12-15,1.7
001619,2023-10-06,2023-10-06,,2023-10-06,1.6
001621,2022-07-19,2022-07-19,,2022-07-19,1.9
001626,2021-07-03,2021-07-03,,2021-07-03,1.5
001631,2022-10-21,2022-10-21,,2022-10-21,2.0
001637,2021-04-12,2021-04-12,,2021-04-12,1.4
001639,2021-02-28,2021-02-28,,2021-02-28,1.9
001641,2023-01-24,2023-01-24,,2023-01-24,2.9
001645,2021-10-12,2021-10-12,,2021-10-12,1.0
001647,2021-12-14,2021-12-14,,2021-12-14,1.9
001650,2019-08-18,2019-08-18,,2019-08-18,1.9
001652,2021-03-09,2021-03-09,,2021-03-09,2.4
001657,2021-01-16,2021-01-16,,2021-01-16,2.3
001661,2022-04-26,2022-04-26,,2022-04-26,2.0
001663,2020-08-29,2020-08-29,,2020-08-29,3.4
001667,2021-09-14,2021-09-14,,2021-09-14,2.5
001669,2021-02-08,2021-02-08,,2021-02-08,2.0
001674,2021-07-18,2021-07-18,,2021-07-18,2.4
001681,2022-10-22,2022-10-22,,2022-10-22,1.9
001683,2021-11-14,2021-11-14,,2021-11-14,2.0
001687,2020-11-27,2020-11-27,,2020-11-27,2.6
001690,2020-08-16,2020-08-16,,2020-08-16,5.5
001692,2021-07-03,2021-07-03,,2021-07-03,2.2
001696,2022-06-23,2022-06-23,,2022-06-23,2.1
001701,2021-10-27,2021-10-27,,2021-10-27,2.7
001707,2021-05-02,2021-05-02,,2021-05-02,1.8
001709,2021-04-12,2021-04-12,,2021-04-12,1.3
001714,2021-09-08,2021-09-08,d,2021-09-08,3.5
001716,2021-02-07,2021-02-07,,2021-02-07,1.7
001718,2021-02-08,2021-02-08,,2021-02-08,1.3
001720,2021-03-11,2021-03-11,,2021-03-11,2.2
001724,2021-05-13,2021-05-13,,2021-05-13,1.9
001726,2021-02-16,2021-02-06,,2021-02-16,2.1
001729,2021-03-13,2021-03-13,,2021-03-13,1.9
001731,2021-10-02,2021-10-02,,2021-10-02,1.8
001733,2022-11-18,2022-11-18,,2022-11-18,1.7
001736,2021-02-08,2021-02-08,,2021-02-08,1.3
001740,2022-11-01,2022-11-01,,2022-11-01,1.7
001742,2021-10-26,2021-10-26,,2021-10-26,2.5
001752,2022-01-10,2022-01-10,,2022-01-10,1.4
001757,2023-03-09,2023-03-09,,2023-03-09,4.2
001759,2021-04-24,2021-04-24,,2021-04-24,4.1
001762,2021-11-22,2021-11-22,,2021-11-22,2.5
001764,2021-12-23,2021-12-23,,2021-12-23,2.4
001772,2020-08-07,2020-08-07,,2020-08-07,2.8
001774,2021-04-02,2021-04-02,,2021-04-02,1.7
001782,2022-10-01,2022-10-01,,2022-10-01,2.0
001785,2021-09-19,2021-09-19,,2021-09-19,1.3
001787,2020-12-NONE,NONE-12-20,,NONE-12-20,1.9
001790,2021-01-16,2021-01-16,,2021-01-16,1.6
001795,2021-01-27,2021-01-27,,2021-01-27,1.4
001798,2021-10-10,2021-10-14,,2021-10-14,2.0
001803,2021-01-15,2021-01-15,,2021-01-15,2.4
001807,2021-02-25,2021-02-25,,2021-02-25,3.5
001811,2023-10-22,2023-10-02,,2023-10-02,3.6
001820,2020-09-01,2020-09-01,,2020-09-01,3.4
001823,2021-06-09,2021-06-09,,2021-06-09,2.5
001826,2021-09-19,2021-09-19,,2021-09-19,1.8
001830,2020-12-NONE,2020-12-NONE,,2020-12-NONE,1.9
001833,2022-09-02,NONE,,NONE,6.8
001835,2022-07-12,NONE,,NONE,5.8
001837,2021-10-02,2021-10-02,,2021-10-02,2.0
001839,2021-10-15,2021-10-15,,2021-10-15,1.8
001841,2021-09-30,2021-09-30,,2021-09-30,2.2
001844,2021-11-23,2021-11-23,,2021-11-23,2.1
001847,2021-09-23,2021-09-23,,2021-09-23,1.7
001849,2021-11-18,2021-11-18,,2021-11-18,5.2
001851,2021-12-16,2021-12-16,,2021-12-16,2.0
001853,2022-08-13,NONE,,NONE,6.0
001856,2023-10-28,2023-10-28,,2023-10-28,2.2
001863,2023-08-04,2023-08-04,,2023-08-04,1.9
001866,2021-09-17,2021-09-17,,2021-09-17,1.0
001868,2022-07-NONE,NONE,,NONE,6.8
001874,2021-10-22,2022-10-21,d,2022-10-21,4.2
001880,2024-09-01,NONE,,NONE,6.9
001882,2021-06-20,2021-06-20,,2021-06-20,1.8
001887,2023-08-22,2023-08-22,,2023-08-22,1.8
001889,2021-08-31,2021-08-31,,2021-08-31,3.4
001893,2021-03-19,2021-03-19,,2021-03-19,2.0
001895,2021-03-17,2021-03-17,,2021-03-17,2.0
001897,2021-05-29,2021-05-29,,2021-05-29,1.5
001900,2021-11-29,NONE,,NONE,10.1
001904,2022-01-15,2022-01-15,,2022-01-15,2.5
001907,2021-08-16,2021-08-16,,2021-08-16,2.1
001911,2021-05-21,2021-05-21,,2021-05-21,3.1
001913,2021-09-14,2021-09-14,,2021-09-14,2.5
001915,2021-06-24,2021-06-24,,2021-06-24,1.7
001917,2021-05-25,2021-05-25,,2021-05-25,1.2
001920,2022-10-15,2022-10-15,,2022-10-15,8.6
001923,2022-06-14,2022-06-14,,2022-06-14,3.2
001926,2021-04-27,2021-04-27,,2021-04-27,1.7
001928,2022-01-14,2022-01-14,,2022-01-14,1.8
001931,2022-01-01,2022-01-01,,2022-01-01,1.8
001933,2022-01-22,2022-01-22,,2022-01-22,1.0
001935,2022-03-29,2022-03-29,,2022-03-29,2.3
001937,2021-12-21,2021-12-21,,2021-12-21,5.6
001941,2022-05-27,2022-05-27,,2022-05-27,1.5
001949,2023-07-16,2023-07-16,d,2023-07-16,1.7
001951,2022-09-16,2022-09-16,,2022-09-16,2.6
001955,2021-10-NONE,2021-10-NONE,,2021-10-NONE,4.2
001957,2021-10-NONE,2021-10-NONE,,2021-10-NONE,8.7
001959,2020-11-13,2020-11-13,,2020-11-13,3.9
001965,2023-10-12,2023-10-12,,2023-10-12,1.7
001967,2022-08-24,2022-08-24,,2022-08-24,2.5
001970,2021-06-18,2021-06-18,,2021-06-18,2.8
001972,2023-03-15,2023-03-15,,2023-03-15,2.8
001983,2021-10-20,2021-10-20,,2021-10-20,1.9
001985,2022-01-19,2022-01-19,,2022-01-19,2.2
001987,2021-12-28,NONE,,NONE,21.0
001989,2022-11-23,2022-11-23,,2022-11-23,2.5
001991,2021-12-28,2021-12-28,,2021-12-28,4.0
001995,2021-12-18,2021-12-18,,2021-12-18,1.5
001997,2021-12-27,2021-12-27,,2021-12-27,2.2
001999,2021-04-24,2021-04-24,,2021-04-24,1.3
002003,2022-05-15,2022-05-15,,2022-05-15,1.6
002005,2022-07-27,2022-07-27,,2022-07-27,1.8
002011,2020-06-30,NONE,,NONE,12.0
002014,2023-06-28,2023-06-28,,2023-06-28,3.8
002016,2022-10-19,2022-10-19,,2022-10-19,1.0
002019,2022-03-09,2022-03-09,,2022-03-09,7.1
002024,2020-11-10,2020-11-10,,2020-11-10,1.7
002029,2020-11-22,2020-11-22,,2020-11-22,2.3
002035,2017-12-20,2017-12-20,,2017-12-20,1.6
002038,2020-11-26,2020-11-26,,2020-11-26,1.5
002040,2021-12-03,2021-12-03,,2021-12-03,0.9
002043,2019-12-20,2019-12-20,,2019-12-20,0.9
002045,2021-12-10,2021-12-10,,2021-12-10,1.9
002047,2021-07-31,2021-07-31,,2021-07-31,1.8
002051,NONE-04-14,NONE-04-14,,NONE-04-14,2.1
002053,2020-08-11,2020-08-11,,2020-08-11,2.2
002055,2021-12-NONE,NONE,,NONE,12.8
002061,NONE-04-17,NONE,,NONE,6.7
002069,2022-12-11,2022-12-11,,2022-12-11,2.7
002071,2022-03-24,2022-03-24,,2022-03-24,1.5
002073,2024-12-21,2024-12-21,,2024-12-21,1.8
002075,2020-05-28,2020-05-28,,2020-05-28,1.9
002077,2020-10-21,2020-10-21,,2020-10-21,1.1
002080,2021-01-03,2021-01-03,,2021-01-03,1.2
002085,2021-11-22,2021-11-22,,2021-11-22,1.1
002088,2021-09-03,2021-09-03,,2021-09-03,1.2
002091,2021-09-21,2021-09-21,,2021-09-21,1.9
002093,2021-11-17,2021-11-17,,2021-11-17,2.7
002095,2021-04-28,2021-04-28,,2021-04-28,1.8
002097,2022-06-16,2022-06-16,,2022-06-16,3.1
002101,2021-09-17,2021-09-17,,2021-09-17,3.1
002106,2022-01-03,2022-01-03,,2022-01-03,2.2
002112,2022-08-25,2022-08-25,,2022-08-25,0.9
002114,2020-12-01,2020-12-01,,2020-12-01,2.0
002118,2021-01-03,2021-01-03,,2021-01-03,3.1
002120,2020-07-20,2020-07-20,,2020-07-20,1.5
002122,2021-10-09,2021-10-09,,2021-10-09,2.8
002124,2020-11-02,2020-11-02,,2020-11-02,2.4
002126,2021-04-21,2021-04-02,,2021-04-02,1.7
002128,2021-08-12,2021-08-12,,2021-08-12,1.9
002130,2021-11-01,2021-11-01,,2021-11-01,1.4
002132,2021-10-04,2021-10-04,,2021-10-04,1.1
002136,2021-10-11,2021-10-11,,2021-10-11,1.9
002138,2021-06-29,2021-06-29,,2021-06-29,1.7
002140,2021-05-05,2021-05-05,,2021-05-05,1.1
002144,2021-07-13,2021-07-13,,2021-07-13,2.7
002147,2022-07-26,2022-07-02,,2022-07-26,2.4
002154,2021-05-21,2021-05-21,,2021-05-21,2.6
002156,2021-12-25,2021-12-25,,2021-12-25,1.8
002158,NONE-04-13,NONE-04-13,,NONE-04-13,3.4
002160,2021-04-08,2021-04-08,,2021-04-08,4.3
002163,2023-06-18,NONE,?,NONE,8.2
002167,2021-05-28,2021-05-02,,2021-05-28,1.1
002169,2020-01-15,2020-01-15,,2020-01-15,1.5
002173,NONE-07-01,NONE-07-01,,NONE-07-01,0.9
002178,2022-05-19,2022-05-19,,2022-05-19,1.6
002183,2019-02-20,NONE,,NONE,11.6
002186,2020-06-10,2020-06-10,,2020-06-10,2.3
002188,2020-08-07,2020-08-07,,2020-08-07,2.0
002190,2022-02-04,NONE,b,NONE,5.6
002195,2021-10-28,2021-10-28,,2021-10-28,1.4
002198,2021-01-13,2021-01-13,,2021-01-13,1.3
002201,2020-10-08,2020-10-08,,2020-10-08,1.5
002208,2022-05-31,2022-05-31,,2022-05-31,1.5
002214,2020-10-16,2020-10-16,,2020-10-16,2.2
002216,2023-06-NONE,2023-06-NONE,,2023-06-NONE,1.8
002218,2023-05-NONE,2023-05-NONE,,2023-05-NONE,1.6
002220,2019-09-30,2019-09-30,,2019-09-30,1.7
002222,2021-02-07,2021-02-07,,2021-02-07,2.0
002224,2022-09-14,2022-09-14,,2022-09-14,1.6
002226,2023-03-03,2023-03-03,,2023-03-03,16.5
002228,2023-03-28,2023-03-28,,2023-03-28,1.4
002230,2022-07-21,2022-07-21,,2022-07-21,1.1
002232,2022-12-20,2022-12-20,,2022-12-20,0.8
002234,2023-01-21,2023-01-21,,2023-01-21,1.3
002236,2021-06-08,2021-06-08,,2021-06-08,3.9
002238,2022-06-30,2022-06-30,,2022-06-30,2.3
002241,2021-05-26,NONE,,NONE,6.4
002246,2021-07-22,2021-07-22,,2021-07-22,1.5
002248,2021-09-07,2021-09-07,,2021-09-07,1.2
002250,2021-05-09,2021-05-09,,2021-05-09,7.3
002252,2022-01-04,2022-01-04,,2022-01-04,3.8
002256,2021-04-30,2021-04-30,,2021-04-30,1.5
002259,2022-12-15,2022-12-15,,2022-12-15,1.6
002267,2022-09-NONE,2022-09-NONE,,2022-09-NONE,1.3
002269,2021-03-16,2021-03-16,,2021-03-16,1.0
002277,2023-07-NONE,2025-07-NONE,,2025-07-NONE,8.7
002286,2021-12-31,2021-12-31,,2021-12-31,2.3
002289,2021-12-18,2021-12-18,,2021-12-18,1.3
002291,2021-09-10,2021-09-10,,2021-09-10,1.2
002293,2021-07-03,2021-07-03,,2021-07-03,4.0
002295,2022-09-22,2022-09-22,,2022-09-22,1.6
002298,2021-10-15,2021-10-15,,2021-10-15,1.6
002302,2022-02-03,2022-02-03,,2022-02-03,1.3
002305,2022-07-31,2022-07-31,,2022-07-31,1.2
002307,2021-11-15,2020-02-02,,2020-02-02,6.8
002315,2022-06-15,2022-06-15,,2022-06-15,6.5
002318,2020-12-03,2020-12-03,,2020-12-03,1.1
002320,2020-10-29,2020-10-29,,2020-10-29,1.3
002322,NONE-04-15,NONE-04-15,,NONE-04-15,5.9
002324,2020-09-06,2020-09-06,,2020-09-06,1.2
002330,2020-11-30,2020-11-30,,2020-11-30,1.3
002333,2021-10-04,2021-10-04,,2021-10-04,0.6
002336,2021-11-19,NONE-11-19,,2021-11-19,1.1
002338,2023-01-05,2023-01-05,,2023-01-05,1.0
002345,NONE-02-12,2020-05-12,,2020-05-12,1.1
002348,2021-10-04,2021-10-04,,2021-10-04,1.0
002352,2021-09-13,2021-09-13,,2021-09-13,1.4
002354,2021-10-22,2021-10-22,,2021-10-22,1.0
002356,2021-02-12,2021-02-12,,2021-02-12,1.0
002358,2021-10-10,2021-10-10,,2021-10-10,1.2
002360,2021-06-10,2021-06-10,,2021-06-10,2.1
002362,NONE,2019-12-10,,2019-12-10,3.1
002364,2021-08-04,2021-08-04,,2021-08-04,2.4
002366,2020-10-01,2020-10-01,,2020-10-01,1.2
002368,2022-01-16,2022-01-16,,2022-01-16,3.0
002371,2022-11-12,2022-11-12,,2022-11-12,1.5
002373,2021-12-27,2028-10-NONE,,2028-10-NONE,1.0
002375,2019-10-28,2019-10-28,,2019-10-28,1.6
002377,2022-12-21,2022-12-21,,2022-12-21,2.8
002380,2022-10-20,2022-10-20,,2022-10-20,2.8
002387,2021-01-14,2021-01-14,,2021-01-14,0.9
002389,2021-08-04,2021-08-04,,2021-08-04,1.1
002392,2021-07-21,2021-07-21,,2021-07-21,2.9
002395,2023-11-11,2023-11-11,,2023-11-11,1.0
002397,2022-01-25,2022-01-25,,2022-01-25,4.0
002399,2021-09-18,2021-09-18,,2021-09-18,1.1
002401,2022-11-04,2022-12-04,,2022-12-04,5.6
002403,2022-10-02,NONE,,NONE,11.8
002405,2021-11-01,2021-11-01,,2021-11-01,1.0
002410,2022-04-NONE,2022-04-NONE,,2022-04-NONE,0.9
002412,2023-01-18,2023-01-18,,2023-01-18,2.3
002414,2021-11-01,2021-11-01,,2021-11-01,1.8
002417,2021-12-25,2021-12-25,,2021-12-25,1.0
002420,2020-10-23,2020-10-23,,2020-10-23,0.7
002423,2023-02-07,2023-02-07,,2023-02-07,3.0
002425,2022-06-09,2022-06-09,,2022-06-09,1.5
002428,2020-12-23,2020-12-23,,2020-12-23,1.6
002431,2021-06-11,2021-06-11,,2021-06-11,3.3
002434,2023-01-07,2023-01-07,,2023-01-07,1.6
002437,2020-09-13,2020-09-13,,2020-09-13,3.3
002441,2021-08-03,2021-08-03,,2021-08-03,1.9
002443,2021-11-11,NONE-11-11,,NONE-11-11,2.0
002451,2021-08-14,2021-08-14,,2021-08-14,1.4
002453,2021-12-22,NONE,,NONE,10.0
002455,2023-02-NONE,2023-02-NONE,,2023-02-NONE,3.5
002461,2021-10-31,2021-10-31,,2021-10-31,2.9
002464,2022-05-NONE,2022-05-NONE,,2022-05-NONE,2.5
002466,2022-01-20,2022-01-20,,2022-01-20,3.1
002476,2021-03-13,2021-03-13,,2021-03-13,2.9
002478,2023-03-15,2023-03-15,,2023-03-15,2.0
002480,2022-07-NONE,2022-07-NONE,,2022-07-NONE,1.5
002482,2021-03-28,2021-05-28,,2021-05-28,1.6
002485,2022-08-03,2022-08-03,,2022-08-03,1.5
002487,NONE,2021-02-06,m,2021-02-06,1.6
002491,2022-09-08,NONE-08-09,,NONE-08-09,8.4
002495,2021-01-27,2021-01-27,,2021-01-27,1.7
002497,2023-01-24,2024-09-NONE,,2024-09-NONE,2.0
002500,2021-08-21,2021-08-21,,2021-08-21,4.1
002502,2022-01-24,2022-01-24,,2022-01-24,2.9
002504,2022-01-06,2022-01-06,,2022-01-06,1.5
002506,2021-08-08,2021-08-08,,2021-08-08,2.1
002510,2022-03-09,2022-03-09,,2022-03-09,1.8
002513,2021-11-04,2021-11-04,,2021-11-04,1.6
002515,2022-02-16,2022-02-16,,2022-02-16,2.4
002518,2023-01-25,2023-01-25,,2023-01-25,2.3
002520,2023-10-02,2023-10-02,,2023-10-02,1.4
002522,2022-09-14,2022-09-14,,2022-09-14,1.8
002524,2023-01-25,2023-01-25,,2023-01-25,1.6
002526,2023-02-15,2023-02-15,,2023-02-15,1.8
002528,2021-10-19,2021-10-19,,2021-10-19,2.8
002532,2022-06-30,2022-06-30,,2022-06-30,2.2
002534,2021-12-04,2021-12-04,,2021-12-04,2.1
002537,2021-09-22,2021-09-22,,2021-09-22,7.2
002540,2021-12-19,2021-12-19,,2021-12-19,3.4
002542,2021-10-17,2021-10-17,,2021-10-17,1.5
002549,2021-04-02,2021-04-02,,2021-04-02,6.7
002551,2021-09-30,2021-09-30,,2021-09-30,2.0
002554,2021-11-18,2021-11-18,,2021-11-18,3.3
002556,2021-11-17,2021-11-17,,2021-11-17,1.5
002558,2022-04-01,2022-04-01,,2022-04-01,1.6
002560,2022-10-21,2022-10-21,,2022-10-21,3.2
002562,2021-08-29,2021-08-29,,2021-08-29,1.7
002565,2021-09-25,2021-09-25,,2021-09-25,1.8
002569,2022-04-04,2022-04-04,,2022-04-04,1.4
002574,2021-12-16,2021-12-16,,2021-12-16,2.4
002578,2024-01-14,2024-01-14,,2024-01-14,3.9
002583,2021-01-07,2021-01-07,,2021-01-07,1.8
002585,2023-11-04,2023-11-04,,2023-11-04,2.1
002590,2023-10-27,2023-10-27,,2023-10-27,4.3
002596,2022-10-22,2022-10-22,,2022-10-22,4.5
002601,NONE,2020-10-21,m,2020-10-21,1.8
002611,2021-12-01,2021-12-01,,2021-12-01,1.8
002616,2022-12-21,2022-12-21,,2022-12-21,1.6
002618,2022-05-04,2022-05-04,,2022-05-04,8.8
002620,2022-03-31,2022-03-31,,2022-03-31,2.3
002622,2023-12-21,2023-12-21,,2023-12-21,1.7
002624,2022-12-19,2022-12-19,b,2022-12-19,1.6
002628,2021-12-08,2021-12-08,,2021-12-08,1.4
002634,2022-02-03,2022-02-03,,2022-02-03,3.6
002636,2022-10-09,2022-10-09,,2022-10-09,3.1
002639,2021-12-04,2021-12-04,,2021-12-04,2.0
002649,2021-07-01,2021-07-01,,2021-07-01,1.7
002652,2021-08-18,2021-08-18,,2021-08-18,1.4
002656,2021-03-25,2021-03-25,,2021-03-25,1.2
002658,2021-07-01,2021-07-01,,2021-07-01,3.2
002667,2021-09-09,2021-09-09,,2021-09-09,1.6
002673,2021-04-25,2021-04-25,,2021-04-25,1.2
002675,2021-03-23,2021-03-23,,2021-03-23,2.4
002677,2021-08-04,2021-08-04,,2021-08-04,1.3
002683,2021-12-03,2021-12-03,,2021-12-03,2.2
002686,2021-11-05,2021-11-05,,2021-11-05,2.6
002688,2021-06-11,2021-06-11,,2021-06-11,3.2
002691,2021-03-10,2021-03-10,,2021-03-10,3.4
002695,2022-01-14,2022-01-14,,2022-01-14,11.5
002697,2021-06-06,2021-06-06,,2021-06-06,3.6
002701,2022-12-16,2022-12-16,,2022-12-16,4.5
002707,2022-01-20,NONE,d,NONE,18.4
002709,2021-10-28,2021-10-28,,2021-10-28,2.5
002711,2022-01-11,2022-01-11,,2022-01-11,2.0
002715,2021-12-15,2021-12-15,,2021-12-15,2.9
002718,2022-02-23,2022-02-23,,2022-02-23,1.5
002720,2026-01-09,2026-01-09,,2026-01-09,2.3
002722,2022-12-30,2022-12-30,,2022-12-30,2.2
002727,NONE,2017-03-22,,2017-03-22,1.3
002730,2021-06-25,2021-06-25,,2021-06-25,2.6
002733,2021-12-25,2021-12-25,,2021-12-25,2.9
002735,2022-02-04,2022-02-04,,2022-02-04,1.5
002737,2021-06-12,NONE-12-06,,NONE-12-06,8.0
002743,2021-08-13,2021-08-13,,2021-08-13,3.2
002748,2022-11-12,2022-11-12,,2022-11-12,3.7
002750,2022-06-15,2022-06-15,,2022-06-15,1.7
002753,2022-01-NONE,2022-01-NONE,,2022-01-NONE,1.6
002755,2021-05-16,2022-12-01,,2022-12-01,7.7
002757,2022-09-10,2022-09-10,,2022-09-10,3.2
002759,2021-05-12,2021-05-12,,2021-05-12,1.7
002763,2021-11-06,2021-11-06,,2021-11-06,3.0
002766,2021-03-16,NONE,,NONE,8.3
002768,2021-12-01,2021-12-01,,2021-12-01,2.0
002772,2024-05-NONE,2024-05-NONE,,2024-05-NONE,2.2
002774,2021-10-08,2021-10-08,t,2021-10-08,3.4
002776,2021-09-15,2021-09-15,,2021-09-15,2.4
002779,2021-10-02,2021-10-02,,2021-10-02,2.1
002789,2021-04-03,2021-04-03,,2021-04-03,3.8
002791,2021-12-06,2021-12-06,,2021-12-06,1.8
002793,2022-10-05,2022-10-05,,2022-10-05,1.1
002795,2021-03-18,2021-03-18,,2021-03-18,1.4
002801,2021-09-29,2021-09-29,,2021-09-29,2.2
002809,2023-01-20,2023-01-20,,2023-01-20,2.4
002811,2023-01-13,2023-01-13,,2023-01-13,6.1
002817,2022-01-04,2022-01-04,,2022-01-04,5.5
002819,2022-12-01,2022-12-01,,2022-12-01,1.8
002822,2021-10-07,2021-10-07,,2021-10-07,2.3
002828,2022-01-02,2022-01-02,,2022-01-02,2.6
002830,2022-05-21,2022-05-21,,2022-05-21,4.6
002832,2021-08-30,2021-08-30,,2021-08-30,2.0
002835,2021-06-30,2021-06-30,,2021-06-30,1.7
002841,2023-09-22,2023-09-22,,2023-09-22,1.5
002843,2023-06-NONE,2023-06-NONE,,2023-06-NONE,1.7
002845,2020-03-09,2020-03-09,,2020-03-09,4.3
002851,2021-08-02,2021-08-02,,2021-08-02,3.8
002855,2022-09-13,2022-09-13,,2022-09-13,6.0
002857,2023-06-02,2023-06-02,,2023-06-02,5.6
002860,2022-06-15,2022-06-15,,2022-06-15,1.6
002864,2023-03-02,2023-03-02,,2023-03-02,1.7
002871,2021-02-25,2021-02-25,,2021-02-25,2.1
002876,2022-12-04,2022-12-04,,2022-12-04,2.1
002883,2023-12-08,2023-12-08,,2023-12-08,2.0
002888,2021-07-15,2021-07-15,,2021-07-15,2.0
002891,2021-11-11,2021-11-11,,2021-11-11,1.9
002894,2024-02-13,2024-02-13,,2024-02-13,1.9
002896,2021-07-20,2021-07-20,,2021-07-20,1.5
002898,2021-11-09,2021-11-09,,2021-11-09,2.1
002900,2022-08-03,2022-08-03,,2022-08-03,0.9
002902,2020-07-22,2020-07-22,,2020-07-22,2.4
002904,2023-03-NONE,NONE,,NONE,14.9
002909,2021-07-21,2021-07-21,,2021-07-21,1.1
002913,2020-11-18,2020-11-18,,2020-11-18,3.5
002915,2022-09-15,2022-09-15,,2022-09-15,2.6
002920,2021-09-11,2021-09-11,,2021-09-11,1.8
002923,2021-06-13,2021-06-13,,2021-06-13,2.6
002925,2021-11-06,2021-11-06,,2021-11-06,4.1
002936,2021-11-11,2021-11-11,,2021-11-11,2.3
002938,2021-10-NONE,2021-10-NONE,,2021-10-NONE,2.1
002941,2021-07-05,2021-07-05,,2021-07-05,13.0
002943,2020-06-23,2020-06-23,,2020-06-23,1.4
002945,2023-08-27,2023-08-27,,2023-08-27,1.9
002948,2021-08-12,2021-08-12,,2021-08-12,1.5
002950,2021-04-30,2021-04-30,,2021-04-30,2.5
002952,2021-11-03,2021-11-03,,2021-11-03,4.4
002958,2022-07-27,2022-07-27,,2022-07-27,1.9
002961,2021-11-21,2021-11-21,,2021-11-21,1.4
002963,2020-11-06,2020-11-06,,2020-11-06,1.3
002967,2021-09-03,2021-09-03,,2021-09-03,1.6
002969,2021-07-07,2021-07-07,,2021-07-07,1.9
002972,2022-03-20,2022-03-20,,2022-03-20,3.8
002976,2020-05-12,2020-05-12,,2020-05-12,1.9
002979,2020-07-20,2020-07-20,,2020-07-20,4.5
002981,2021-12-17,2021-12-17,,2021-12-17,2.3
002983,2021-09-14,2021-09-14,,2021-09-14,1.7
002985,2021-05-01,2021-05-01,,2021-05-01,1.4
002987,2022-04-01,2022-04-01,,2022-04-01,1.7
002994,2022-07-13,2022-07-13,,2022-07-13,2.1
002996,2022-10-15,2022-10-15,,2022-10-15,2.7
003003,2022-11-26,2022-11-26,,2022-11-26,2.5
003005,2023-05-NONE,2023-05-NONE,,2023-05-NONE,7.8
003007,2021-11-30,2021-11-30,,2021-11-30,2.0
003014,2021-06-12,NONE,,NONE,12.2
003016,2022-07-01,2022-07-NONE,,2022-07-NONE,2.5
003018,2023-01-04,2023-01-04,,2023-01-04,1.6
003022,2021-11-01,2021-11-01,,2021-11-01,1.6
003027,2021-09-28,2021-09-28,,2021-09-28,1.8
003030,2021-11-02,2021-11-02,,2021-11-02,2.1
003033,2022-11-21,2022-11-21,,2022-11-21,1.8
003036,2022-08-28,2022-03-28,,2022-03-28,1.8
003039,2021-03-01,2021-03-01,,2021-03-01,1.9
003041,2022-01-17,2022-01-17,,2022-01-17,3.1
003045,2022-05-02,2022-05-02,,2022-05-02,2.1
003048,2021-04-07,2021-04-07,,2021-04-07,1.5
003052,2020-12-19,2020-12-19,,2020-12-19,1.5
003057,2022-02-19,2022-02-19,,2022-02-19,1.2
003059,2021-10-04,2021-10-04,,2021-10-04,1.3
003064,2021-10-18,2021-10-18,,2021-10-18,1.5
003068,2021-06-15,2021-06-15,,2021-06-15,1.1
003073,2021-08-25,2021-08-25,,2021-08-25,2.0
003075,2021-01-16,2021-01-16,,2021-01-16,3.8
003077,2021-12-13,2021-12-13,,2021-12-13,2.2
003080,2021-11-01,2021-11-01,,2021-11-01,2.0
003084,2021-12-02,2021-12-02,,2021-12-02,1.5
003086,2021-06-27,2021-06-27,,2021-06-27,1.6
003091,2021-09-17,2021-09-17,,2021-09-17,3.8
003094,2023-01-03,2023-01-03,,2023-01-03,1.3
003096,2022-10-12,2022-10-12,,2022-10-12,1.3
003098,2021-04-12,2021-04-12,,2021-04-12,1.3
003103,2022-03-29,2022-03-29,,2022-03-29,1.3
003107,2021-01-11,2021-01-11,,2021-01-11,1.1
003109,2022-07-16,2022-07-16,,2022-07-16,2.2
003112,2021-03-28,2021-03-28,,2021-03-28,1.0
003117,2021-12-29,2021-12-29,,2021-12-29,2.4
003119,2021-07-10,2021-07-10,,2021-07-10,0.9
003121,2021-09-30,2021-09-30,,2021-09-30,1.1
003125,2021-03-07,2021-03-07,,2021-03-07,1.1
003128,2022-08-25,2022-08-25,,2022-08-25,1.2
003132,2021-05-22,2021-05-22,,2021-05-22,1.0
003134,2021-10-14,2021-10-14,,2021-10-14,3.4
003137,2022-11-09,2022-11-09,,2022-11-09,1.6
003146,2021-04-22,2021-04-22,,2021-04-22,1.5
003149,2022-01-14,2022-01-14,,2022-01-14,1.9
003152,2021-06-30,2021-06-30,,2021-06-30,2.4
003154,2021-07-11,2021-07-11,,2021-07-11,1.5
003156,2021-10-26,2021-10-26,,2021-10-26,1.7
003159,2020-04-23,2020-04-23,,2020-04-23,2.7
003161,2021-10-NONE,NONE,,NONE,13.9
003164,2021-02-09,2021-02-09,,2021-02-09,1.1
003167,2021-10-10,2021-10-10,,2021-10-10,1.1
003170,2021-04-20,2020-04-21,d,2020-04-21,4.5
003175,2021-03-18,2021-03-18,,2021-03-18,2.7
003177,2021-03-25,2021-03-25,,2021-03-25,1.9
003179,2021-07-08,2021-07-08,,2021-07-08,1.8
003183,2021-03-26,2021-03-26,,2021-03-26,2.4
003187,2022-01-17,2022-01-17,,2022-01-17,2.0
003189,2022-08-16,2022-08-16,,2022-08-16,3.4
003198,2025-10-12,2025-10-12,,2025-10-12,2.7
003200,2022-09-21,2022-09-21,,2022-09-21,2.3
003202,2021-10-NONE,2021-10-NONE,,2021-10-NONE,1.4
003205,2023-06-26,2023-06-26,,2023-06-26,1.2
003209,2022-12-02,NONE-12-02,,2022-12-02,17.0
003212,2022-08-25,2022-08-25,,2022-08-25,4.4
003214,2024-01-12,NONE,,NONE,8.0
003218,2021-03-16,2021-03-16,,2021-03-16,4.1
003222,2022-06-14,2022-06-14,,2022-06-14,2.7
003227,2022-01-29,2022-01-29,,2022-01-29,2.1
003232,2021-09-21,2021-09-21,,2021-09-21,1.7
003235,2022-11-NONE,2022-11-NONE,,2022-11-NONE,2.6
003237,2021-03-30,2021-03-30,,2021-03-30,1.7
003244,2021-07-NONE,NONE-07-21,,NONE-07-21,11.2
003249,2023-02-01,2023-02-01,,2023-02-01,2.4
003251,2023-04-NONE,2023-04-NONE,,2023-04-NONE,3.1
003253,2020-10-20,2020-10-20,,2020-10-20,3.0
003256,2022-04-01,2022-04-01,,2022-04-01,3.4
003258,2021-07-28,2021-07-28,,2021-07-28,3.0
003260,2022-07-29,2022-07-29,,2022-07-29,1.7
003262,2021-06-10,2021-06-10,,2021-06-10,2.9
003264,2021-09-13,2021-09-13,,2021-09-13,2.2
003269,2022-01-28,2022-01-28,,2022-01-28,3.7
003274,2021-08-20,2021-08-20,,2021-08-20,3.3
003277,NONE-04-05,NONE-04-05,,NONE-04-05,2.1
003279,2023-10-02,2023-10-02,,2023-10-02,1.4
003281,2021-10-15,2021-10-15,,2021-10-15,1.5
003284,2021-09-10,2021-09-10,,2021-09-10,2.8
003291,2022-12-22,2022-12-22,,2022-12-22,1.1
003297,2021-10-21,2021-10-21,,2021-10-21,1.6
003300,2023-06-11,2023-06-11,,2023-06-11,1.5
003306,2020-09-01,2020-09-01,,2020-09-01,6.1
003314,2021-07-05,2021-07-05,,2021-07-05,7.3
003317,2022-02-07,NONE,,NONE,6.4
003321,2021-09-01,2021-09-01,,2021-09-01,1.5
003323,2021-05-24,2021-05-24,,2021-05-24,2.0
003326,2024-06-05,NONE,,NONE,21.4
003331,2021-11-03,2021-11-03,t,2021-11-03,2.5
003337,2021-06-01,NONE-06-01,,NONE-06-01,2.9
003342,2023-12-30,2023-12-30,,2023-12-30,0.9
003344,2026-09-11,2026-09-11,,2026-09-11,1.3
