image_id,label,tags,fin,sec_fin,src_fin,int,sec_int,src_int
000003,2026-05-12,t,2026-05-12,0.94,p2,2026-05-12,0.65,p2
000009,2026-10-29,,2026-10-29,2.47,p2,2026-10-29,2.59,p2
000012,2026-03-23,,2026-03-23,1.65,p2,2026-03-23,1.49,p2
000015,2026-03-01,2,2026-03-01,3.29,p2,2026-03-01,3.5,p2
000017,2026-11-25,,2026-11-25,2.8,p2,2026-11-25,2.14,p2
000021,2025-10-10,,2025-10-10,1.67,p2,2025-10-10,2.87,p2
000023,2025-10-10,,2025-10-10,2.66,p2,2025-10-10,2.04,p2
000026,2025-11-13,,2025-11-13,1.99,p2,2025-11-13,3.09,p2
000028,2026-02-10,,2026-02-10,7.24,p2,2026-02-10,3.79,p2
000031,2026-02-14,,2026-02-14,1.54,p2,2026-02-14,1.87,p2
000033,2026-06-17,,2026-06-17,1.53,p2,2026-06-17,1.5,p2
000035,2026-08-17,,2026-08-17,1.27,p2,2026-08-17,1.92,p2
000038,2027-02-12,,2027-02-12,1.23,p2,2027-02-12,1.16,p2
000040,2025-10-11,,2025-10-11,1.97,p2,2025-10-11,1.73,p2
000042,2025-10-12,,2025-10-02,1.32,p2,2025-10-02,1.54,p2
000045,2027-04-21,,2027-04-21,1.47,p2,2027-04-21,1.87,p2
000047,2027-04-14,,2027-04-04,1.39,p2,2027-04-04,1.23,p2
000049,2026-03-01,,2026-03-01,3.53,p2,2026-03-01,5.02,p2
000051,2026-01-12,,2026-01-12,2.73,p2,2026-01-12,2.37,p2
000053,2025-12-20,,2025-12-20,0.8,p1@640,2025-12-20,1.78,p1@1024
000056,2026-07-11,2,2026-07-11,6.36,p2,2026-12-07,6.73,p2
000059,2027-06-22,,2027-06-22,16.04,p1keep/erode2/p1@1024,2027-06-22,14.3,p1keep/erode2/p1@1024
000062,2026-05-26,,2026-05-26,1.66,p1@640,2026-05-26,1.83,p1@640
000065,2026-01-12,,2026-01-12,1.24,p2,2026-01-12,1.79,p2
000067,2025-12-19,,NONE,25.24,,NONE,21.79,
000071,2027-07-20,2,2027-07-20,1.75,p2,2027-07-20,1.94,p2
000074,2026-08-28,,2026-08-28,0.95,p2,2026-08-28,1.18,p2
000076,2026-08-17,,2026-08-17,1.69,p2,2026-08-17,1.67,p2
000078,2025-06-19,,2025-06-19,4.9,p2,2025-06-19,4.06,p2
000080,2026-09-16,2,2026-09-16,3.05,p2,2026-09-16,4.18,p2
000083,2026-07-01,,2026-07-01,1.2,p2,2026-07-01,1.15,p2
000085,2026-03-30,,2026-09-30,1.78,p2,2026-09-30,1.8,p2
000093,2026-04-23,,2026-04-23,0.7,p1@640,2026-04-23,0.83,p1@640
000095,2026-07-29,,2026-07-29,5.55,p2,2026-07-29,4.6,p2
000100,2026-02-11,,2026-02-11,2.41,p2,2026-02-11,2.11,p2
000102,2025-11-13,,2025-11-13,1.69,p2,2025-11-13,1.42,p2
000106,NONE-10-20,,NONE-10-20,31.8,ft/p2,NONE-10-20,23.41,ft/p2
000109,2025-12-12,b,2025-12-12,4.1,p2,2025-12-12,3.28,p2
000111,2025-10-25,,2025-10-25,3.43,p2,2025-10-25,3.03,p2
000113,2026-01-16,,2026-01-16,1.09,p2,2026-01-16,1.03,p2
000115,2025-12-08,,2025-12-08,10.73,erode3/p1@1024,2025-12-08,11.14,erode3/p1@1024
000117,2025-11-28,,2025-11-28,1.25,p2,2025-11-28,1.3,p2
000119,2026-08-24,,2026-08-24,1.47,p2,2026-08-24,1.29,p2
000121,2027-04-13,,2027-04-13,1.46,p2,2027-04-13,1.7,p2
000126,2026-06-12,,2026-06-12,1.78,p2,2026-06-12,1.6,p2
000128,2026-05-28,,2026-05-28,3.42,p2,2026-05-28,3.39,p2
000130,2027-02-05,,2027-02-05,1.48,p2,2027-02-05,1.58,p2
000132,2026-08-21,,2026-08-21,1.33,p2,2026-08-21,1.89,p2
000135,2026-04-18,,2026-04-18,3.78,p2,2026-04-18,2.95,p2
000137,2026-03-26,,2026-03-26,2.01,p1@640,2026-03-26,2.21,p1@640
000139,2026-07-26,,2026-07-26,1.74,p2,2026-07-26,1.37,p2
000141,2026-09-17,,2026-09-17,2.03,p2,2026-09-17,2.04,p2
000144,2027-03-25,,2027-03-25,3.2,p2,2027-03-25,2.66,p2
000147,2026-03-21,,2026-03-21,1.45,p2,2026-03-21,1.71,p2
000149,2026-04-28,,2026-04-28,3.65,p2,2026-04-28,3.78,p2
000151,2026-09-07,,2026-09-07,1.97,p2,2026-09-07,2.42,p2
000155,2026-06-22,,2026-06-22,0.77,p2,2026-06-22,0.74,p2
000157,2027-07-08,t,NONE,23.18,,NONE,22.89,
000160,2026-10-27,2,2025-04-02,1.4,p2,2025-04-02,1.08,p2
000162,2027-06-12,,2027-06-12,2.66,p2,2027-06-12,2.72,p2
000164,2026-04-27,,2026-04-27,1.18,p2,2026-04-27,0.96,p2
000166,2027-08-18,,2027-08-NONE,4.96,erode2/p1@640,2027-08-NONE,5.13,erode2/p1@640
000169,2026-03-18,,2026-03-18,1.39,p2,2026-03-18,1.27,p2
000171,2026-05-27,2,2026-05-27,2.73,p2,2026-05-27,3.19,p2
000173,2026-09-17,,2026-09-17,1.53,p2,2026-09-17,1.5,p2
000175,2026-06-28,2,2026-06-28,2.53,p2,2026-06-28,2.55,p2
000177,2026-08-18,,2026-08-18,2.4,p2,2026-08-18,2.38,p2
000179,2026-06-29,2,2026-06-29,2.93,p2,2026-06-29,3.35,p1keep/p1@640
000181,2026-09-08,2,2026-09-08,2.09,p2,2026-09-08,1.9,p2
000184,2027-11-19,,2027-11-01,2.39,p2,2027-11-01,2.53,p2
000186,2028-04-14,,2028-04-14,1.31,p2,2028-04-14,1.03,p2
000189,2026-08-25,,2026-08-25,3.46,p2,2026-08-25,3.43,p2
000191,2026-06-15,,NONE,33.56,,NONE,35.08,
000194,2027-04-23,,2027-04-23,2.63,p2,2027-04-23,2.8,p2
000196,2027-02-27,,2027-02-27,1.72,p2,2027-02-27,1.83,p2
000200,2027-07-14,,2021-07-NONE,15.09,fullres/p1@1024,2021-07-NONE,15.64,fullres/p1@1024
000202,2027-02-06,,2027-02-06,2.16,p2,2027-02-06,1.46,p2
000204,2026-06-18,,2026-06-18,2.41,p2,2026-06-18,2.51,p2
000206,2026-05-08,,2026-05-08,2.38,p2,2026-05-08,2.24,p2
000211,2026-02-12,,2026-06-02,9.05,p2,2026-06-02,8.82,p2
000213,2026-03-20,,2026-03-20,2.75,p2,2026-03-20,2.05,p2
000217,2027-03-08,,2027-03-08,4.09,p1@640,2027-03-08,4.06,p1@640
000219,2026-09-07,,2026-09-07,1.4,p2,2026-09-07,1.33,p2
000221,2026-07-15,,2026-07-15,2.53,p2,2026-07-15,2.83,p2
000223,2026-08-13,,2026-08-13,2.06,p2,2026-08-13,1.61,p2
000226,2027-03-15,,2027-03-15,6.93,p2,2027-03-15,5.4,p2
000228,2025-10-20,,2025-10-20,1.78,p2,2025-10-20,1.88,p2
000230,2026-03-28,,2026-03-28,4.38,p2,2026-03-28,3.54,p2
000233,2028-01-13,,2021-01-22,10.01,erode2/p1@1024,2021-01-22,9.42,erode2/p1@1024
000236,2026-04-08,,2026-04-08,5.12,p2,2026-04-08,4.88,p2
000238,2026-09-10,2,2026-09-10,3.15,p1@640,2026-09-10,3.0,p1@640
000240,2027-05-20,,2027-05-20,3.2,p2,2027-05-20,4.15,p2
000242,2026-05-21,2,2025-09-22,3.49,p2,2025-09-22,4.04,p2
000244,2026-06-21,2,2026-06-21,1.99,p2,2026-06-21,2.7,p2
000246,2026-02-04,2,2026-02-04,3.27,p1keep/p1@640,2026-02-04,2.71,p1keep/p1@640
000249,2026-02-16,,2026-02-16,3.16,p2,2026-02-16,3.49,p2
000251,2026-02-24,2,2026-02-24,2.24,p1@640,2026-02-24,1.82,p1@640
000253,2026-06-20,,2026-06-20,1.84,p2,2026-06-20,1.81,p2
000256,2027-01-02,,2027-01-02,1.58,p2,2027-01-02,1.55,p2
000258,2026-05-30,,2026-05-30,5.44,p2,2026-05-30,4.65,p2
000260,2027-04-01,,2027-04-01,2.07,p2,2027-04-01,1.74,p2
000262,2027-01-10,b,2027-01-10,3.6,p2,2027-01-10,4.38,p2
000264,2026-06-06,,2026-06-06,1.02,p1@640,NONE,24.92,
000266,2025-12-04,b,2025-12-04,23.99,ft/p2,2025-12-04,23.07,ft/p2
000269,2026-05-15,,2026-05-15,5.11,p2,2026-05-15,4.48,p2
000271,2026-03-24,,2026-03-24,2.25,koline,2026-03-24,3.18,koline
000275,2026-04-23,,2026-04-23,5.89,p2,2026-04-23,6.67,p2
000280,2026-03-23,,2026-03-23,2.14,p2,2026-03-23,1.68,p2
000282,2026-09-10,,2026-09-10,5.6,p2,2026-09-10,2.75,p2
000284,2026-08-20,,2026-08-20,5.13,p2,2026-08-20,6.5,p2
000286,2027-03-11,,2027-03-11,14.15,p2,2027-03-11,12.69,p2
000288,2028-07-25,b,2028-07-25,3.11,p2,2028-07-25,3.4,p2
000290,2027-03-02,,2027-03-02,4.72,p1@1024,2027-03-02,7.66,p2
000292,2026-02-13,,2026-02-13,1.68,p2,2026-02-13,2.19,p2
000295,2025-11-08,,2025-11-08,2.57,p2,2025-11-08,2.59,p2
000299,2026-05-13,,2026-05-13,4.41,p2,2026-05-13,4.5,p2
000301,2027-04-09,,2027-04-09,1.96,p2,2027-04-09,1.35,p2
000303,2026-07-31,,2026-07-31,2.55,p2,2026-07-31,3.05,p2
000305,2026-02-24,,2026-02-24,15.72,p2,2026-02-24,14.71,p2
000307,2025-11-14,,2025-11-14,2.17,p2,2025-11-14,2.2,p2
000310,2026-09-28,,2026-09-28,9.59,p2,2026-09-28,9.34,p2
000313,2026-03-17,,2026-03-17,3.96,p2,2026-03-17,4.8,p2
000316,2027-03-01,,2027-03-01,3.07,p2,2027-03-01,2.34,p2
000319,2026-02-14,,2026-02-14,2.07,p2,2026-02-14,2.38,p2
000322,2025-10-29,,2025-10-29,1.08,p2,2025-10-29,1.08,p2
000324,2027-05-15,,2027-05-15,4.29,p2,2027-05-15,4.37,p2
000326,2025-10-18,,2025-10-18,3.73,p2,2025-10-18,3.48,p2
000329,2025-12-25,,2025-12-25,3.82,p2,2025-12-25,4.18,p2
000331,2025-10-31,,2025-10-31,2.06,p2,2025-10-31,1.76,p2
000333,2025-11-07,,2025-11-07,1.57,p2,2025-11-07,1.66,p2
000335,2025-11-28,,2025-11-28,2.83,p2,2025-11-28,3.92,p2
000337,2025-12-09,,2025-12-09,1.09,p2,2025-12-09,1.34,p2
000340,2026-08-11,,2026-08-11,1.41,p2,2026-08-11,1.85,p2
000342,2026-06-22,,2026-06-22,0.81,p2,2026-06-22,0.95,p2
000345,2026-04-09,,2026-04-09,3.75,p2,2026-04-09,3.03,p2
000347,2027-05-26,,2027-05-26,1.61,p2,2027-05-26,1.64,p2
000349,2025-12-07,,2025-12-07,1.91,p2,2025-12-07,1.75,p1@640
000352,2026-08-27,,2026-08-27,3.35,p2,2026-08-27,2.76,p2
000354,2027-07-06,,2027-07-06,5.37,p2,2027-07-06,3.45,p2
000356,2027-03-17,,2027-03-17,3.21,p2,2027-03-17,3.39,p2
000359,2026-06-16,,2026-06-16,4.45,p2,2026-06-16,3.68,p2
000361,2026-12-19,,2026-12-12,9.69,p2,2026-12-12,9.09,p2
000364,2026-06-04,,2026-06-04,9.64,p2,2026-06-04,8.78,p2
000366,2026-09-05,,2026-09-05,2.55,p2,2026-09-05,2.93,p2
000368,2026-09-22,,2026-09-22,14.34,p2,2026-09-22,13.3,p2
000370,2026-09-02,,2025-09-02,7.42,p2,2025-09-02,8.39,p2
000372,2026-09-15,,2026-09-15,2.07,p1@640,2026-09-15,2.2,p1@640
000374,2026-08-28,,2026-08-28,7.91,p2,2026-08-28,7.68,p2
000376,2025-10-07,,2025-10-07,4.52,p2,2025-10-07,3.66,p2
000378,2026-05-29,2,2026-05-29,2.0,p2,2026-05-29,2.53,p2
000380,2026-09-02,,2026-09-02,2.01,p2,2026-09-02,1.65,p2
000382,2026-08-18,,2026-08-18,1.78,p2,2026-08-18,1.95,p1@640
000384,2026-09-08,2,2026-07-08,1.61,p2,2026-07-08,1.6,p2
000386,2026-06-10,2,2026-06-10,2.91,p1keep/p1@640,2026-11-06,3.63,p1keep/p1@640
000390,2026-05-19,,2026-05-19,10.68,erode2/p1@640,2021-03-23,12.01,erode2/p1@1024
000392,2026-08-28,2,2026-08-28,3.24,p2,2026-08-28,3.96,p2
000394,2026-04-14,,2026-04-14,10.47,p2,2026-04-14,7.48,p2
000397,2026-02-19,,2026-02-19,2.84,p2,2026-02-19,3.14,p2
000399,2027-01-31,,2027-01-31,2.92,p2,2027-01-31,2.55,p2
000402,2019-04-28,,2019-04-28,4.42,p1@640,2019-04-28,4.2,p1@640
000404,2026-06-10,,2026-06-10,1.87,p2,2026-06-10,1.36,p2
000406,2026-08-27,2,2021-12-NONE,26.13,ft/p1@1024,2021-12-NONE,19.46,ft/p1@1024
000408,2025-10-09,2,2025-10-09,3.24,p2,2025-10-09,2.49,p2
000411,2026-09-09,2,2026-09-09,4.96,p2,2026-09-09,4.63,p2
000414,2026-04-07,,2026-04-07,1.89,p2,2026-04-07,1.34,p2
000417,2026-03-15,,2026-03-15,2.23,p2,2026-03-15,1.88,p2
000419,2026-08-05,,2026-08-05,4.57,p2,2026-08-05,4.36,p2
000421,2026-07-17,,2026-07-17,1.59,p2,2026-07-17,1.34,p2
000423,2026-06-04,b,2026-06-02,3.33,p2,2026-06-02,4.41,p2
000425,2025-11-05,,2025-11-05,1.46,p2,2025-11-05,2.51,p2
000427,2027-04-01,,2027-04-01,1.6,p2,2027-04-01,1.77,p2
000430,2028-02-01,,2028-02-01,4.13,p2,2028-02-01,4.01,p2
000433,2026-08-05,,2026-08-05,8.29,p2,2026-08-05,7.45,p2
000435,2026-07-14,,2026-07-14,2.76,p2,2026-07-14,2.45,p2
000437,2025-11-19,,NONE,32.83,,NONE,28.98,
000439,2026-03-18,,2026-03-18,2.55,p2,2026-03-18,2.57,p2
000442,2025-11-30,,2025-11-30,3.5,p2,2025-11-30,2.4,p2
000444,2026-07-01,,2026-07-01,2.21,p2,2026-07-01,2.84,p2
000447,2025-11-22,,2025-11-22,3.09,p2,2025-11-22,2.43,p2
000449,2026-01-28,,2026-01-28,3.37,p2,2026-01-28,3.81,p2
000451,2026-02-27,2,2026-02-27,3.16,p1keep/p1@640,2026-02-27,2.45,p1keep/p1@640
000453,2026-01-26,2,2028-01-26,5.49,p1keep/p1@1024,2025-08-27,5.36,p2
000455,2026-02-10,2,2026-02-10,2.04,p2,2026-02-10,1.53,p2
000459,2026-01-19,,NONE-01-19,35.65,blur1/p1@1024,NONE-01-19,25.53,blur1/p1@1024
000462,2027-05-27,,2027-05-27,1.82,p2,2027-05-27,1.54,p2
000465,2027-07-30,t,2027-07-30,1.62,p2,2027-07-30,1.57,p2
000467,2025-12-26,,2025-12-26,3.47,p2,2025-12-26,3.25,p2
000469,2026-07-21,,2026-07-21,1.76,p2,2026-07-21,2.08,p2
000471,2027-01-08,,2027-01-08,3.45,p2,2027-01-08,3.03,p2
000474,2026-06-26,,2026-06-06,2.57,p2,2026-06-06,2.71,p2
000477,2026-07-21,,2026-07-21,2.01,p2,2026-07-21,1.95,p2
000479,2026-05-22,,2026-05-22,2.13,p2,2026-05-22,2.77,p2
000481,2026-03-09,,2026-03-09,1.0,p2,2026-03-09,0.88,p2
000483,2027-04-15,,2027-04-15,1.62,p2,2027-04-15,1.49,p2
000485,2027-09-17,,NONE,26.91,,NONE,24.09,
000489,2026-05-08,,2026-05-08,5.96,erode2/p1@640,2026-05-08,6.81,erode2/p1@640
000493,2026-06-17,,2026-06-17,1.94,p2,2026-06-17,1.51,p2
000495,2026-02-19,2,2028-08-09,38.59,koline,2028-08-09,25.05,koline
000497,2026-08-31,,2026-08-31,2.64,p2,2026-08-31,18.4,ft/p2
000499,2026-05-13,,2026-05-13,2.37,p2,2026-05-13,2.28,p2
000502,2026-06-20,,2026-06-20,3.31,p2,2026-06-20,2.85,p2
000504,2026-02-28,,2026-02-28,2.12,p1@640,2026-02-28,1.85,p1@640
000506,2026-06-18,2,2026-06-11,2.26,p2,2026-06-11,2.08,p2
000510,2026-09-03,,2026-09-03,4.36,p2,2026-09-03,5.37,p2
000512,2026-02-17,,2026-02-17,3.7,p2,2026-02-17,2.95,p2
000514,2026-07-13,,2026-07-13,1.45,p2,2026-07-13,1.87,p2
000517,2026-09-25,,2026-09-25,2.09,p2,2026-09-25,1.68,p2
000519,2026-08-10,2,2026-08-10,2.11,p2,2026-08-10,2.38,p2
000521,2026-03-10,2,2026-03-10,2.39,p2,2026-03-10,2.13,p2
000523,2026-03-23,2,2026-03-23,2.55,p2,2026-03-23,1.86,p2
000525,2027-09-08,,2027-09-08,3.63,p2,2027-09-08,1.88,p2
000529,2026-01-12,,2026-01-12,0.98,p2,2026-01-12,1.18,p2
000531,2026-02-28,,2026-02-28,0.81,p2,2026-02-28,0.9,p2
000533,2026-03-26,,2026-03-26,3.45,p2,2026-03-26,2.73,p2
000535,2026-02-04,,2026-02-04,0.88,p2,2026-02-04,0.76,p2
000538,2026-02-06,,2026-02-06,2.83,p2,2026-02-06,3.17,p2
000540,2026-03-24,,2026-03-24,0.96,p2,2026-03-24,0.91,p2
000542,2027-07-22,,2027-07-22,2.91,p2,2027-07-22,1.89,p2
000545,2027-07-09,,2027-07-09,2.51,p2,2027-07-09,2.54,p2
000547,2026-05-28,,2026-05-28,1.42,p2,2026-05-28,1.79,p2
000549,2027-01-16,,2027-01-16,3.4,p2,2027-01-16,2.73,p2
000551,2026-12-19,,2026-12-19,2.21,p2,2026-12-19,2.11,p2
000553,2028-10-24,,2022-10-24,4.69,p2,2022-10-24,3.68,p2
000555,2027-04-16,,2027-04-16,1.25,p2,2027-04-16,1.33,p2
000557,2026-08-12,,2026-08-12,2.21,p2,2026-08-12,1.98,p2
000559,2027-04-21,,2027-04-21,0.81,p2,2027-04-21,1.28,p2
000561,2028-08-07,,2028-08-07,13.19,erode2/p1@1024,2028-08-07,10.04,erode2/p1@1024
000563,2026-01-10,,2026-01-10,1.14,p2,2026-01-10,12.39,koline
000565,2025-12-05,,2025-12-05,1.25,p2,2025-12-05,1.11,p2
000567,2025-10-29,,2025-10-29,1.27,p2,2025-10-29,1.32,p2
000569,2025-11-02,,2025-11-02,2.04,p2,2025-11-02,1.56,p2
000571,NONE-10-18,,2024-11-18,2.08,p2,2024-11-18,2.18,p2
000573,NONE-10-22,,NONE-10-22,2.99,p2,NONE-10-22,1.61,p2
000575,NONE-10-14,,NONE,23.11,,NONE,24.29,
000577,2026-04-20,,2026-04-20,1.11,p2,2026-04-20,1.2,p2
000579,2026-07-10,,2026-07-10,1.31,p2,2026-07-10,1.38,p2
000582,2025-11-21,,2025-01-21,3.62,p2,2025-01-21,3.63,p2
000584,2026-07-15,2,2026-07-15,2.46,p1@640,2026-07-15,2.51,p1@640
000586,2026-03-14,,2026-03-14,1.3,p2,2026-03-14,0.94,p2
000588,2025-11-28,,2025-11-28,2.46,p2,2025-11-28,2.46,p2
000590,2025-12-05,,2025-12-05,1.73,p2,2025-12-05,1.36,p1@640
000592,2025-03-25,2,2023-03-26,4.03,p1@640,2023-03-26,4.12,p1@640
000594,2026-08-25,2,2026-08-25,2.72,p1keep/p1@640,2026-08-25,2.37,p1keep/p1@640
000596,2026-08-13,,2025-08-14,4.65,p2,2025-08-14,4.49,p2
000598,2026-03-09,2,2026-03-09,5.56,p1@640,2026-03-09,4.08,p1@640
000600,2026-08-31,,2026-08-31,1.11,p1keep/p1@640,2026-08-31,2.0,p1keep/p1@640
000602,2026-09-22,2,2025-09-20,1.83,p2,2025-09-20,1.75,p2
000604,2026-09-15,,2026-09-05,23.54,ft/p1@1024,2026-09-05,22.4,ft/p1@1024
000606,2026-10-01,,2026-10-01,6.89,p2,2026-10-01,5.94,p2
000608,2026-08-13,,2026-08-13,2.08,p2,2026-08-13,2.91,p2
000610,2026-06-04,,2026-06-04,1.89,p2,2026-06-04,1.25,p2
000612,2026-05-07,,2026-05-07,1.49,p2,2026-05-07,2.01,p2
000614,2026-03-07,,2026-03-07,1.53,p2,2026-03-07,1.44,p2
000617,2026-07-11,,2026-07-11,2.22,p2,2026-07-11,2.1,p2
000621,2026-08-25,,2026-08-25,1.06,p2,2026-08-25,1.28,p2
000623,2027-03-10,,2027-03-10,2.09,p2,2027-03-10,2.73,p2
000625,2027-04-01,,2027-04-01,2.82,p2,2027-04-01,1.95,p2
000627,2026-10-06,2,2028-03-02,17.76,ft/p2,2028-03-02,20.77,ft/p2
000631,2025-11-15,,2025-11-15,1.0,p2,2025-11-15,0.88,p2
000633,2025-12-24,,2025-12-24,1.95,p2,2025-12-24,2.22,p2
000636,2026-03-09,,2026-03-09,1.08,p1@640,2026-03-09,0.99,p1@640
000640,2026-02-08,,2026-02-08,0.85,p2,2026-02-08,1.15,p2
000642,2026-09-01,,2025-03-01,1.8,p1@640,2025-03-01,1.59,p1@640
000648,2028-08-25,,2026-04-10,36.99,ft/blur1/p1@1024,2026-04-10,37.75,ft/blur1/p1@1024
000650,2026-08-05,,2026-08-05,2.23,p2,2026-08-05,1.53,p2
000652,2027-03-31,,2027-03-31,2.66,p2,2027-03-31,3.15,p2
000654,2028-07-02,,2028-07-02,2.45,p2,2028-07-02,1.88,p2
000656,2026-09-04,,2026-09-04,0.95,p2,2026-09-04,1.17,p2
000658,2026-01-16,,2026-01-16,0.73,p2,2026-01-16,0.85,p2
000660,2026-02-28,,2026-02-28,2.83,p2,2026-02-28,3.13,p2
000662,2026-03-11,,2026-03-11,1.98,p2,2026-03-11,1.8,p2
000667,2026-06-22,2,2026-06-22,1.89,p2,2026-06-22,2.08,p2
000669,2026-09-02,2,2026-09-02,2.74,p2,2026-09-02,2.48,p2
000671,2026-03-31,,2026-03-31,2.09,p1keep/p1@640,2026-03-31,3.1,p1keep/p1@640
000674,2026-06-02,,2026-06-02,1.46,p2,2026-06-02,1.22,p2
000676,2026-06-10,,2026-06-10,0.7,p2,2026-06-10,0.79,p2
000678,2026-07-24,,2026-07-24,1.5,p2,2026-07-24,1.26,p2
000680,2025-10-15,,2025-10-15,1.43,p2,2025-10-15,1.53,p2
000683,2026-03-11,,2026-03-11,1.85,p2,2026-03-11,1.75,p2
000685,2026-05-28,,2026-05-28,1.7,p2,2026-05-28,1.74,p2
000689,2025-10-27,,2025-10-27,0.89,p2,2025-10-27,4.06,p2
000691,2026-09-22,2,2026-09-22,1.77,p2,2026-09-22,1.89,p2
000693,2026-09-01,2,2026-09-01,2.2,p2,2026-09-01,2.14,p2
000697,2025-10-07,,2025-10-07,1.1,p2,2025-10-07,1.17,p2
000700,2025-10-24,,2025-10-24,1.52,p2,2025-10-24,1.31,p2
000704,2026-07-29,,2026-07-29,2.16,p2,2026-07-29,1.58,p2
000706,2026-03-11,,2026-03-11,1.57,p2,2026-03-11,1.65,p2
000709,2025-10-14,,2025-10-14,1.21,p2,2025-10-14,1.41,p2
000711,2025-10-09,,2025-10-09,2.09,p2,2025-10-09,1.86,p2
000715,2026-06-26,,2026-06-26,1.47,p2,2026-06-26,1.28,p2
000717,2025-10-12,,2025-10-12,4.13,p2,2025-10-12,5.29,p2
000719,2026-04-04,,2026-04-04,1.44,p2,2026-04-04,1.89,p2
000721,2026-12-17,,2026-12-17,1.8,p2,2026-12-17,1.5,p2
000723,2026-05-10,,NONE,20.07,,NONE,20.76,
000725,2026-04-16,,2026-04-16,1.33,p2,2026-04-16,2.31,p2
000727,2026-06-22,,2026-06-22,2.34,p2,2026-06-22,2.33,p2
000730,2026-02-26,,2026-02-26,1.6,p2,2026-02-26,1.68,p2
000732,2026-03-16,,2026-03-15,1.49,p2,2026-03-15,2.11,p2
000734,2025-10-28,,2025-10-28,1.56,p2,2025-10-28,1.73,p2
000737,2026-03-04,,2026-03-04,2.03,p2,2026-03-04,1.85,p2
000741,2025-12-03,2,2025-12-03,2.55,p2,2025-12-03,2.37,p2
000743,2026-11-16,,2026-11-16,1.44,p2,2026-11-16,1.43,p2
000745,2026-01-10,,2026-01-10,2.92,p2,2026-01-10,2.13,p2
000747,2026-06-22,,2026-06-22,2.15,p2,2026-06-22,2.62,p2
000751,2025-05-08,,2025-05-08,2.63,p2,2025-05-08,2.04,p2
000754,2026-05-24,,2026-05-24,2.01,p2,2026-05-24,2.37,p2
000757,NONE-10-22,,NONE-10-22,2.63,p2,NONE-10-22,2.22,p2
000759,2026-05-14,,2026-05-14,1.89,p2,2026-05-14,2.13,p2
000761,NONE-11-11,,NONE-11-11,1.63,p2,NONE-11-11,1.36,p2
000763,NONE-11-12,,NONE-11-12,7.21,blur1/p1@1024,NONE-11-12,9.06,blur1/p1@1024
000765,2025-11-21,,2025-11-21,4.45,erode3/p1@640,2025-11-21,14.15,ft/p2
000767,2026-03-12,b,2026-03-NONE,5.22,p2,2026-03-NONE,5.15,p2
000769,2026-12-10,,2026-12-10,1.83,p2,2026-12-10,1.24,p2
000771,2019-11-26,,NONE-12-31,1.76,p2,NONE-12-31,1.71,p2
000773,NONE-12-10,2,NONE-12-10,4.41,p2,NONE-12-10,4.62,p2
000775,2025-12-17,,2025-12-17,1.0,p2,2025-12-17,0.99,p2
000777,2026-03-NONE,,2026-03-NONE,14.58,erode3/p1@1024,2026-03-NONE,13.87,erode3/p1@1024
000779,2026-06-03,,2026-06-03,3.37,p2,2026-06-03,3.97,p2
000781,2026-10-02,,2026-10-02,1.11,p2,2026-10-02,0.93,p2
000786,NONE-12-17,2,NONE-12-17,2.49,p2,NONE-12-17,2.43,p2
000789,NONE-12-19,,NONE-12-19,1.15,p2,NONE-12-19,1.04,p2
000793,2026-05-06,,2026-05-06,1.26,p2,2026-05-06,1.34,p2
000795,2026-07-14,2,NONE,20.85,,NONE,20.03,
000798,NONE-12-20,,2024-02-24,1.04,p1@640,2024-02-24,1.13,p1@640
000801,2026-03-25,,2026-03-25,1.89,p2,2026-03-25,1.52,p1@640
000804,2027-09-01,d,2027-09-01,1.19,p2,2027-09-01,1.43,p2
000807,2026-05-29,,2026-05-29,1.2,p2,2026-05-29,1.2,p2
000809,2026-08-30,,2026-08-30,1.22,p2,2026-08-30,0.99,p2
000811,2026-03-31,,2026-03-31,1.4,p2,2026-03-31,1.53,p2
000815,2026-06-22,,2026-06-22,0.92,p2,2026-06-22,0.94,p2
000818,2026-05-12,,NONE,23.64,,NONE,23.25,
000821,2026-02-02,,2026-02-02,2.17,p2,2026-02-02,1.82,p1@640
000824,NONE-12-18,2,NONE-12-18,3.07,p2,NONE-12-18,2.82,p2
000826,2026-06-22,,2026-06-22,2.23,p2,2026-06-22,2.63,p2
000829,2026-03-20,,2026-03-20,1.85,p2,2026-03-20,1.66,p2
000831,2026-07-16,2,2026-07-16,5.55,p1@640,2026-07-16,4.71,p1@640
000833,2026-04-27,,2026-04-27,2.2,p2,2026-04-27,1.8,p2
000838,2026-02-21,,2026-02-21,1.02,p1@640,2026-02-21,1.47,p1@640
000842,2026-07-03,,2026-07-03,4.04,p2,2026-07-03,3.1,p2
000846,2026-05-28,,2026-05-28,1.42,p2,2026-05-28,2.29,p2
000848,2026-05-21,,2026-05-21,10.76,reread,2021-05-20,8.49,blur1/p1@1024
000851,2026-06-30,,2026-06-30,1.33,p2,2026-06-30,1.62,p2
000854,2026-09-04,,2026-09-04,3.13,p2,2026-09-04,2.29,p2
000856,2026-06-03,,2026-06-03,3.11,p2,2026-06-03,2.82,p2
000858,2021-10-28,,2021-10-28,2.54,p2,2021-10-28,2.05,p2
000860,2022-07-23,,2022-07-23,3.21,p2,2022-07-23,3.56,p2
000863,2021-10-22,2,2020-10-NONE,1.22,p1@640,2020-10-NONE,1.2,p1@640
000866,2021-09-25,,2021-09-25,1.25,p2,2021-09-25,1.43,p2
000868,2021-10-23,,2020-03-06,8.35,ft/p2,2020-03-06,7.52,ft/p2
000871,2021-10-15,,2021-10-15,1.74,p2,2021-10-15,1.66,p2
000874,2021-03-22,,2021-03-22,17.04,p2,2021-03-22,13.56,p2
000876,2021-07-01,,2021-07-01,1.09,p2,2021-07-01,1.56,p2
000878,2023-04-03,t,NONE,12.46,,NONE,13.46,
000880,2021-05-11,2,2021-05-11,3.4,p1keep/p1@640,2021-05-11,3.9,p1keep/p1@640
000882,2021-06-08,,2021-06-08,1.67,p2,2021-06-08,1.76,p2
000884,2021-07-03,2,2021-04-04,8.88,ft/p1@640,2021-04-04,7.91,ft/p1@640
000886,2021-07-09,,2020-01-10,2.03,p2,2020-01-10,1.97,p2
000888,2021-12-04,,2021-12-04,1.73,p2,2021-12-04,2.25,p2
000890,2021-04-05,,2021-04-05,2.12,p2,2021-04-05,1.99,p2
000892,2022-02-07,,2022-02-07,1.55,p1@640,2022-02-07,2.22,p1@640
000894,2021-06-02,,2021-06-02,1.94,p1@640,2021-06-02,1.54,p1@640
000897,2025-05-19,,2025-05-19,13.63,p2,2025-05-19,14.42,p2
000899,2022-09-02,,2022-09-02,7.7,p2,2022-09-02,6.76,p2
000902,2021-11-01,,2021-11-01,3.06,p2,2021-11-01,4.33,p2
000904,2021-08-31,,2021-08-22,2.6,p2,2021-08-22,1.78,p2
000906,2022-01-NONE,,2022-10-15,2.26,p2,2022-10-15,2.41,p2
000909,2021-09-20,,2021-09-20,1.18,p2,2021-09-20,1.02,p2
000911,2022-05-05,,2022-05-05,3.73,p2,2022-05-05,3.83,p2
000913,2021-10-19,,2021-10-19,3.83,p1@640,2021-10-19,3.04,p1@640
000915,2021-07-21,,2021-07-21,3.28,p2,2021-07-21,4.54,p2
000918,2021-09-17,,2021-09-17,4.24,p2,2020-04-20,7.14,p1@1024
000920,2022-03-11,,2022-03-11,3.87,p2,2022-03-11,3.86,p2
000923,NONE-02-01,,2020-01-02,2.93,p2,2020-01-02,1.96,p2
000925,NONE-02-02,,NONE-02-02,2.96,p2,NONE-02-02,3.28,p2
000927,2021-08-23,,2021-08-23,3.51,p1keep/p1@640,2021-08-23,2.84,p1keep/p1@640
000929,2022-03-13,,2022-03-13,2.88,p1@640,2022-03-13,2.85,p1@640
000931,2021-07-29,,2021-07-29,3.43,p2,2021-07-29,2.91,p2
000933,2021-05-26,,2025-05-01,6.72,ft/p1@640,2025-05-01,8.31,ft/p1@640
000936,2021-10-19,2,2021-10-19,1.79,p2,2021-10-19,1.61,p2
000938,2022-06-11,,2022-06-11,2.43,p2,2022-06-11,3.28,p2
000941,2021-07-02,,2021-07-02,2.11,p2,2021-07-02,1.79,p2
000944,2021-07-03,,2021-07-03,2.77,p2,2021-07-03,4.01,p2
000947,2021-09-30,,2021-09-30,1.87,p2,2021-09-30,1.82,p2
000949,2021-10-24,2,2021-10-24,6.32,blur1/p1@640,2021-10-24,6.05,blur1/p1@640
000951,2021-04-05,,2021-04-05,1.85,p2,2021-04-05,1.7,p2
000953,2021-02-05,2,2021-02-07,1.61,p1@640,2021-02-07,1.45,p1@640
000955,2022-01-25,,2022-01-03,1.67,p2,2022-01-03,1.43,p2
000958,2021-02-22,2,2021-02-22,1.26,p1@640,2021-02-22,1.18,p1@640
000960,2022-07-19,,2022-07-19,1.66,p2,2022-07-19,1.78,p2
000963,2023-11-14,,2023-11-14,2.41,p2,2023-11-14,2.49,p2
000965,2020-07-24,2,2023-07-20,36.01,p1keep/blur1/p1@1024,2023-07-20,34.98,p1keep/blur1/p1@1024
000967,2022-10-17,,2022-10-17,2.73,p2,2022-10-17,3.54,p2
000969,2022-06-30,,2022-06-30,5.28,p2,2022-06-30,4.16,p2
000972,2021-06-25,,2021-06-25,1.57,p2,2021-06-25,2.05,p2
000975,2023-08-03,,2023-08-03,3.87,p2,2023-08-03,3.19,p2
000977,2021-11-03,,2020-11-03,6.24,p1@640,2020-11-03,7.69,p1@640
000979,2021-06-14,2,2021-06-14,5.77,p1@640,2021-06-14,4.14,p1@640
000982,2022-02-15,t,2022-02-15,18.34,ft/p2,2022-02-15,19.11,ft/p2
000984,2021-08-20,,2021-08-20,4.43,p2,2021-08-20,3.17,p2
000988,2021-12-28,,2021-12-28,2.08,p2,2021-12-28,2.77,p2
000990,2020-07-21,,NONE,28.72,,NONE,25.07,
000992,2021-03-04,,2021-03-04,8.97,erode2/p1@640,2021-03-04,8.37,erode2/p1@640
000994,NONE-02-18,,NONE-02-18,20.91,ft/p2,NONE-02-18,20.1,ft/p2
000996,NONE-02-19,,NONE-03-18,30.13,ft/erode3/p1@640,NONE-03-18,31.7,ft/erode3/p1@640
000998,2021-11-11,2,2021-11-11,8.05,p2,2021-11-11,5.84,p2
001000,2021-09-07,,2021-09-07,4.58,p2,2021-09-07,4.98,p2
001004,2020-08-10,,2022-12-NONE,34.57,ft/p2,2022-12-NONE,30.28,ft/p2
001006,2022-06-29,2,2022-06-29,3.04,koline,2022-06-29,3.32,koline
001008,2022-11-24,,2022-11-24,2.72,p2,2022-11-24,2.59,p2
001012,2021-11-10,2,2021-11-10,3.74,p2,2021-11-10,4.42,p2
001014,2022-01-11,,2022-01-11,2.99,p2,2022-01-11,2.38,p2
001016,2021-02-21,,2021-02-21,2.16,p1@640,2021-02-21,2.75,p1@640
001018,2021-05-15,,2020-11-05,22.14,ft/erode2/p1@640,2020-11-05,22.07,ft/erode2/p1@640
001020,2020-02-27,,2020-02-27,2.51,p2,2020-02-27,3.09,p2
001023,2021-07-13,,2021-07-13,2.16,p2,2021-07-13,2.09,p2
001025,2020-12-09,,2020-12-09,21.17,p2,2020-12-09,23.08,p2
001027,2020-09-08,,2020-09-08,2.62,p2,2020-09-08,2.02,p2
001029,2021-07-07,2,2021-07-07,2.71,p2,2021-07-07,3.16,p2
001032,2019-07-16,,2019-07-16,2.51,p2,2019-07-16,2.21,p2
001035,2021-10-07,2,2020-07-07,16.84,p2,2020-07-07,15.06,p2
001037,2021-03-18,,2021-03-18,3.27,p2,2021-03-18,2.48,p2
001039,2021-12-28,,2021-12-28,1.33,p1@640,2021-12-28,1.72,p1@640
001041,2022-04-15,,2022-04-15,1.77,p2,2022-04-15,1.83,p2
001043,2021-09-13,,2021-09-13,2.2,p2,2021-09-13,2.23,p2
001045,2021-04-30,,2021-04-30,2.35,p2,2021-04-30,2.25,p2
001047,2021-05-12,,2021-05-12,1.36,p2,2021-05-12,1.4,p2
001050,2022-01-06,,2022-01-06,2.97,p2,2022-01-06,2.63,p2
001052,2022-12-20,,2022-12-20,3.39,p2,2022-12-20,3.67,p2
001054,2022-09-01,,2022-09-01,4.29,p2,2022-09-01,4.32,p2
001056,2022-05-27,,2022-05-27,3.2,p2,2022-05-27,3.87,p2
001060,2022-06-23,,2022-06-23,2.78,p2,2022-06-23,1.88,p2
001063,2022-01-04,2,2022-01-04,2.95,p2,2022-01-04,3.57,p2
001065,2022-05-04,,2022-05-04,4.49,p2,2022-05-04,3.82,p2
001067,2021-12-06,,2021-12-06,2.35,p1keep/p1@640,2021-12-06,2.69,p1keep/p1@640
001069,2021-03-15,,2021-03-10,1.92,p2,2021-03-10,1.5,p2
001071,NONE-01-24,,NONE-01-24,1.8,p2,NONE-01-24,2.02,p2
001074,2021-09-30,,2021-09-30,14.72,p2,2021-09-30,13.89,p2
001076,2021-07-31,,2031-07-21,2.74,p2,2031-07-21,3.45,p2
001079,2023-09-24,,2023-09-24,1.8,p2,2023-09-24,1.73,p2
001081,2021-06-17,,2021-06-17,3.54,p2,2021-06-17,3.87,p2
001083,2021-07-09,,2021-07-09,3.96,p1@640,2021-07-09,2.9,p1@640
001085,2023-10-09,,2023-10-09,4.18,p2,2023-10-09,5.38,p2
001087,2022-06-14,,2022-06-14,1.16,p2,2022-06-14,1.24,p2
001089,2023-08-05,,2023-08-05,3.98,p2,2023-08-05,5.62,p2
001092,2021-03-19,2,2021-03-19,5.3,p2,2021-03-19,4.52,p2
001094,2022-01-12,2,2021-01-13,2.82,p1keep/p1@640,2021-01-13,4.07,p1keep/p1@640
001096,2021-06-11,2,2021-06-11,4.44,p2,2021-11-06,5.1,p2
001098,2021-03-18,2,2021-03-18,3.77,p2,2021-03-18,4.72,p2
001101,2021-03-14,2,2021-01-14,2.96,p1@640,2021-01-14,2.7,p1@640
001103,2021-03-14,,2021-03-14,7.9,blur1/p1@640,2021-03-14,8.05,blur1/p1@640
001105,2021-08-26,2,2021-08-26,2.66,p2,2021-08-26,2.68,p2
001107,2021-02-28,,2021-02-28,2.17,p2,2021-02-28,2.22,p2
001109,2021-03-22,,2021-03-22,2.26,p2,2021-03-22,2.33,p2
001111,2022-07-12,,2022-07-12,3.1,p2,2022-07-12,3.26,p2
001113,2023-11-15,,2023-11-15,2.47,p2,2023-11-15,2.43,p2
001115,2022-01-12,,2022-01-12,1.77,p2,2022-01-12,1.59,p2
001117,2022-01-20,,2022-01-20,1.75,p2,2022-01-20,1.56,p2
001120,2021-12-16,,2021-12-01,1.93,p2,2021-12-01,2.08,p2
001122,2023-01-10,,2023-01-10,6.11,p2,2023-01-10,4.22,p1@640
001124,2021-10-09,,2021-10-09,3.84,p2,2021-10-09,4.74,p2
001126,2021-12-28,,2021-12-28,1.86,p1@640,2021-12-28,1.7,p1@640
001128,2021-06-10,2,2021-12-10,3.93,p2,2021-12-14,4.22,p2
001130,NONE-02-12,,2020-08-07,22.96,blur1/p1@1024,2020-08-07,22.81,blur1/p1@1024
001132,2021-02-19,2,2021-02-19,3.11,p2,2021-02-19,3.96,p2
001134,2021-03-03,,2021-03-03,3.99,p2,2021-03-03,2.98,p2
001136,2022-09-24,,NONE,20.14,,NONE,19.27,
001138,2021-10-23,,2021-10-23,2.04,p2,2021-10-23,1.72,p2
001140,2021-02-28,,2021-02-28,2.77,p2,2021-02-28,2.79,p2
001143,2021-06-26,t,2021-06-28,2.91,p1@640,2021-06-28,2.3,p1@640
001145,2021-05-25,,2021-05-25,2.04,p2,2021-05-25,2.07,p2
001147,2021-12-13,2,2021-12-13,3.7,p2,2021-12-13,3.88,p2
001149,2022-07-31,,2022-07-31,1.82,p2,2022-07-31,1.82,p2
001151,2021-09-18,,2021-09-18,2.19,p1@640,2021-09-18,2.19,p1@640
001154,2021-09-21,,2021-09-21,17.39,erode3/p1@1024,2021-09-21,16.49,erode3/p1@1024
001156,2021-02-07,,2021-02-07,2.21,p2,2021-02-07,2.01,p2
001158,2021-08-10,,2021-08-10,2.07,p2,2021-08-10,2.77,p2
001160,2021-04-23,,2021-04-23,1.81,p2,2021-04-23,1.36,p2
001162,2021-12-06,,2021-12-06,1.86,p2,2021-12-06,2.06,p2
001164,2021-03-01,,2021-03-01,4.76,p2,2021-03-01,4.01,p2
001167,2022-01-20,,2022-08-02,21.6,p2,2022-08-02,20.39,p2
001170,2022-01-18,,2022-01-18,2.73,p2,2022-01-18,2.1,p2
001172,2021-09-NONE,,2021-09-NONE,4.58,p2,2021-09-NONE,5.62,p2
001174,2021-03-14,,2021-03-14,2.96,p2,2021-03-14,2.35,p2
001176,2021-09-07,d,2021-09-07,7.41,p2,2021-09-07,8.66,p2
001178,2021-12-01,,NONE,19.09,,NONE,19.71,
001181,2022-04-14,,2022-04-14,1.85,p2,2022-04-14,2.2,p2
001183,2021-10-08,,2021-10-08,1.72,p2,2021-10-08,1.59,p2
001185,2021-09-28,2,2021-09-26,3.7,p2,2021-09-26,4.06,p2
001189,2019-06-28,2,2019-06-28,4.57,p2,2019-06-28,3.97,p2
001191,2020-12-08,,2020-12-08,2.82,p1@640,2020-12-08,2.59,p1@640
001193,2021-02-11,2,2021-02-11,6.18,p1@640,2021-02-11,4.2,p1@640
001196,2021-10-18,,2021-10-18,3.84,p2,2021-10-18,4.94,p2
001198,2021-10-10,,2021-10-10,1.96,p1@640,2021-10-10,2.08,p1@640
001200,2021-10-20,2,2021-10-20,4.41,p2,2021-10-20,3.95,p2
001203,2023-02-28,,2023-02-28,2.85,p2,2023-02-28,2.45,p2
001205,NONE-05-21,,NONE-05-21,1.89,p2,NONE-05-21,2.69,p2
001207,2020-08-18,,2020-08-18,6.05,p2,2020-08-18,4.72,p2
001209,2021-08-03,,2021-08-03,2.14,p2,2021-08-03,3.1,p2
001211,2021-07-03,,2021-07-03,6.26,p2,2021-07-03,4.63,p2
001213,2021-05-15,,2021-05-15,4.52,p2,2021-05-15,5.96,p2
001215,2021-06-13,,2021-06-13,10.37,erode2/p1@640,2021-06-13,8.01,erode2/p1@640
001218,2022-05-30,,2022-05-30,1.62,p1@640,2022-05-30,2.08,p1@640
001220,2021-01-14,,2021-01-14,2.44,p2,2021-01-14,2.31,p2
001222,2021-11-10,,2021-11-10,2.98,p2,2021-11-10,2.86,p2
001224,2021-04-11,,2021-04-11,3.18,p2,2021-04-11,2.95,p2
001226,2022-06-27,2,2022-06-27,4.34,p1keep/p1@640,2022-06-27,4.71,p1keep/p1@640
001228,2022-01-11,2,2022-01-11,3.49,p1keep/p1@640,2022-01-11,3.19,p1keep/p1@640
001230,2021-10-28,,2021-10-28,2.64,p2,2021-10-28,3.06,p2
001232,2021-05-05,,2021-05-05,4.98,erode2/p1@640,2021-05-05,4.56,erode2/p1@640
001234,2021-03-09,,2021-03-09,2.3,p2,2021-03-09,2.51,p2
001238,NONE-01-31,,NONE-01-31,17.13,p2,NONE-01-31,17.7,p2
001240,2020-12-19,,2020-12-19,1.96,p2,2020-12-19,2.68,p2
001243,2023-12-31,,2023-12-31,3.2,p2,2023-12-31,2.22,p2
001245,2021-11-01,,2021-11-01,1.68,p2,2021-11-01,1.95,p2
001247,2022-01-19,2,2022-01-19,4.0,p1@640,2022-01-19,3.46,p1@640
001249,2021-07-15,,2021-07-15,7.41,erode3/p1@640,2021-07-15,7.9,erode3/p1@640
001251,2021-04-11,2,2021-04-11,2.22,p1keep/p1@640,2021-04-11,2.2,p1keep/p1@640
001253,2021-08-19,,2021-08-11,1.75,p1keep/p1@640,2021-08-11,1.41,p1keep/p1@640
001255,2019-09-13,,2019-09-13,2.56,p2,2019-09-13,2.27,p2
001257,2023-07-03,,NONE,18.54,,NONE,17.43,
001259,2021-08-30,,2021-08-30,14.18,erode2/p1@1024,2021-08-30,13.02,erode2/p1@1024
001262,2021-03-25,,2021-03-25,16.91,ft/p2,2021-03-25,20.42,ft/p2
001264,2022-12-03,,2022-12-03,4.46,p2,2022-12-03,2.93,p2
001266,2022-06-NONE,,2022-06-NONE,2.64,p2,2022-06-NONE,2.82,p2
001268,2022-09-05,,2022-09-05,6.51,p2,2022-09-05,5.01,p2
001271,2023-07-08,,2023-07-08,2.22,p2,2023-07-08,3.49,p2
001273,2022-06-17,,2022-06-17,6.15,p2,2022-06-17,4.94,p2
001276,2021-11-04,,2021-11-04,2.94,p2,2021-11-04,3.15,p2
001278,2022-01-03,2,2022-01-03,5.64,p2,2022-01-03,4.22,p2
001280,2022-10-09,,2022-10-09,2.17,p2,2022-10-09,2.48,p2
001282,2025-04-01,,2025-04-01,5.73,p2,2025-04-01,4.16,p2
001284,2022-04-23,,2022-04-23,2.8,p2,2022-04-23,3.58,p2
001289,2024-11-21,,2024-11-21,2.15,p2,2024-11-21,1.57,p2
001292,2022-11-05,2,2022-11-05,23.51,p2,2022-11-05,22.98,p2
001294,2021-11-NONE,,2021-11-NONE,4.59,p2,2021-11-NONE,3.95,p2
001296,2023-11-NONE,,2023-11-NONE,13.09,p2,2023-11-NONE,10.69,p2
001298,2021-06-24,,2021-06-24,1.91,p2,2021-06-24,1.35,p2
001301,2021-11-29,2,2021-11-29,3.97,p2,2021-11-29,4.26,p2
001303,2021-09-14,2,2021-09-14,6.14,p2,2021-09-14,4.73,p2
001305,2021-04-12,,2021-04-12,3.97,p2,2021-04-12,4.17,p2
001307,2022-11-06,,2022-11-06,1.72,p2,2022-11-06,1.65,p2
001309,2021-04-30,t,2021-04-30,3.6,p2,2021-04-30,4.89,p2
001311,2022-10-20,,2022-10-20,2.74,p2,2022-10-20,2.08,p2
001313,2022-01-15,,2022-03-NONE,56.5,ft/erode2/p1@1024,2022-03-NONE,49.27,ft/erode2/p1@1024
001315,2021-12-09,,2021-12-09,4.86,p2,2021-12-09,2.88,p2
001317,2022-12-07,2,2022-12-07,5.72,p2,2022-12-07,7.37,p2
001320,2021-11-22,,2028-12-07,4.02,p2,2028-12-07,3.52,p2
001323,2023-07-09,2,2023-07-09,6.35,p2,2023-07-09,6.53,p2
001326,2021-07-19,,2021-07-19,6.82,p2,2021-07-19,6.08,p2
001328,2021-06-26,,2021-06-26,3.63,p2,2021-06-26,4.57,p2
001332,2021-12-NONE,,2021-12-NONE,2.94,p2,2021-12-NONE,2.1,p2
001334,2021-10-26,,2021-10-26,3.96,p1@640,2021-10-26,4.75,p1@640
001336,2021-07-04,,2021-07-04,7.57,p2,2021-07-04,6.51,p2
001339,2021-06-08,,2021-06-08,4.65,p2,2021-06-08,5.11,p2
001341,2021-11-25,2,2021-11-25,4.0,p2,2021-11-25,3.32,p2
001343,2021-09-10,,2021-09-10,3.95,p2,2021-09-10,4.35,p2
001345,2021-08-27,,2021-08-27,5.9,p2,2021-08-27,4.47,p2
001348,2021-10-31,,2021-01-10,3.21,p2,2021-01-10,3.84,p2
001350,2021-08-21,,2021-08-21,2.17,p2,2021-08-21,2.38,p2
001352,2022-06-27,,2022-06-27,2.46,p2,2022-06-27,3.37,p2
001354,2022-07-06,,2022-07-06,3.3,p2,2022-07-06,2.16,p2
001357,NONE-08-20,,2022-08-NONE,3.77,p2,2022-08-NONE,4.16,p2
001360,2021-09-02,,NONE-09-21,6.03,p2,NONE-09-21,4.14,p2
001362,2021-04-NONE,,2021-10-13,3.99,p2,2021-10-13,5.06,p2
001364,2021-02-NONE,,2018-02-02,11.48,p1@1024,2018-02-02,11.33,p1@1024
001367,2021-09-29,2,2021-09-22,3.39,p2,2021-09-22,3.64,p2
001369,2025-09-21,,2025-09-21,6.53,p2,2025-09-21,5.0,p2
001371,2022-04-27,,2022-04-27,3.94,p2,2022-04-27,3.76,p2
001373,2022-03-07,,2022-03-07,3.17,p2,2022-03-07,2.53,p2
001375,2022-05-NONE,,2022-05-NONE,4.02,p2,2022-05-NONE,4.78,p2
001377,2021-12-02,,2021-12-02,14.0,ft/erode3/p1@640,2021-12-02,13.7,ft/erode3/p1@640
001379,NONE,,2021-01-22,2.98,p1@640,2021-01-22,2.92,p1@640
001381,2021-04-09,,2021-04-09,5.59,p1keep/p1@640,2021-04-09,3.78,p1keep/p1@640
001383,2023-01-05,,2022-01-09,26.73,ft/blur1/p1@640,2022-01-09,25.89,ft/blur1/p1@640
001385,2018-09-NONE,,2018-02-NONE,22.63,ft/blur1/p1@640,2018-02-NONE,22.77,ft/blur1/p1@640
001388,2021-07-17,,2021-07-NONE,5.11,p1@640,2021-07-NONE,7.52,p1@640
001390,2021-06-20,,2021-06-20,3.62,p2,2021-06-20,2.85,p2
001392,2021-02-25,,2021-02-25,2.83,p2,2021-02-25,3.79,p2
001394,2021-09-01,,NONE-11-08,7.62,p1@640,NONE-11-08,5.94,p1@640
001396,2022-11-01,,2022-11-01,2.93,p2,2022-11-01,3.39,p2
001398,2021-07-23,,2021-07-23,7.48,p2,2021-07-23,5.31,p2
001400,2022-01-29,,2022-09-10,48.14,ft/p2,2022-09-10,52.15,ft/p2
001402,2020-09-29,,2020-09-29,5.73,p2,2020-09-29,2.78,p2
001404,2021-01-27,,2021-01-27,6.79,p2,2021-01-27,6.41,p2
001406,2021-07-31,,2031-07-21,1.45,p2,2031-07-21,1.22,p2
001408,2021-12-16,,2021-12-16,3.97,p2,2021-12-16,3.8,p2
001410,2021-05-25,,2021-05-05,15.87,p2,2021-05-05,16.18,p2
001413,2021-07-23,,2021-07-23,4.29,p2,2021-07-23,5.72,p2
001415,2022-04-20,,2022-04-20,3.77,p2,2022-04-20,3.31,p2
001418,2021-07-18,,2021-07-18,3.65,p2,2021-07-18,3.88,p2
001421,2021-07-01,,2021-07-01,2.27,p2,2021-07-01,1.95,p2
001423,2021-11-NONE,,2021-11-17,3.1,p1@640,2021-11-17,3.57,p1@640
001426,2020-04-17,,2020-04-17,4.39,p2,2020-04-17,3.55,p2
001428,2020-08-12,,2020-08-12,4.25,p2,2020-08-12,4.56,p2
001431,2021-08-19,,2021-08-01,10.52,erode2/p1@640,2021-08-01,8.76,erode2/p1@640
001433,2021-09-29,,2021-09-29,2.34,p2,2021-09-29,2.83,p2
001436,2021-09-20,,2021-09-20,2.98,p2,2021-09-20,2.95,p2
001439,2021-09-03,,2021-09-03,3.08,p2,2021-09-03,4.48,p2
001441,2021-06-24,,2021-06-24,5.9,p2,2021-06-24,3.46,p2
001443,2021-09-06,,2021-09-06,2.77,p2,2021-09-06,2.98,p2
001445,2021-10-28,,2021-10-28,1.94,p2,2021-10-28,1.34,p2
001448,2022-07-22,,2022-07-22,5.63,p2,2022-07-22,6.46,p2
001450,2022-04-26,,2022-04-26,6.56,p2,2022-04-26,5.16,p2
001452,2022-09-13,,2022-09-13,5.93,p1@640,2021-08-07,6.41,p1@640
001454,2022-04-02,,2022-04-02,6.99,p2,2022-04-02,4.4,p2
001456,2022-06-28,,2022-06-28,5.65,p2,2022-06-28,7.65,p2
001458,2022-10-29,,2022-10-29,2.27,p2,2022-10-29,2.1,p2
001460,2022-11-18,,2022-11-18,2.16,p2,2022-11-18,2.19,p2
001462,2021-11-17,,2021-11-17,2.41,p1@640,2021-11-17,2.58,p1@640
001465,2022-11-18,,NONE-11-18,2.38,p1@640,NONE-11-18,2.64,p1@640
001467,2020-11-03,,2031-01-16,14.48,dilate2/p1@640,2031-01-16,10.8,dilate2/p1@640
001469,2022-12-03,,2022-12-03,3.3,p2,2022-12-03,3.68,p2
001471,2021-12-29,,2021-12-29,3.16,p2,2021-12-29,3.35,p2
001473,2022-02-17,,2022-02-17,1.29,p2,2022-02-17,1.48,p2
001475,2022-07-10,,2022-07-10,1.4,p1@640,2022-07-10,1.14,p1@640
001477,2022-05-10,2,2022-06-01,15.07,ft/p2,2022-06-01,10.85,ft/p2
001480,NONE,m,2020-12-18,3.73,p2,2020-12-18,2.22,p2
001483,2021-02-06,,2021-02-06,1.6,p1@640,2021-02-06,1.96,p1@640
001485,2022-09-28,,2022-09-28,3.55,p2,2022-09-28,3.1,p2
001487,2022-12-08,,2022-01-08,1.48,p1@640,2022-01-08,2.03,p1@640
001490,2021-08-06,2,2021-08-06,3.04,p2,2021-08-06,2.86,p2
001492,2023-07-08,,2023-07-08,1.89,p2,2023-07-08,2.5,p2
001494,2023-08-17,,NONE,25.26,,NONE,22.01,
001496,2022-09-18,,2022-09-18,3.34,p2,2022-09-18,3.42,p2
001499,2021-06-30,,2021-06-30,4.0,p2,2021-06-30,3.24,p2
001502,2021-06-24,,2021-06-24,1.94,p2,2021-06-24,2.27,p2
001504,2021-01-27,,2021-01-27,3.07,p2,2021-01-27,2.27,p2
001506,2021-02-19,,2021-02-19,3.15,p1@640,2021-02-19,3.71,p1@640
001508,2021-10-19,,2021-10-19,2.71,p1@640,2021-10-19,2.6,p1@640
001511,2023-12-01,,2023-12-01,7.55,erode2/p1@640,NONE-03-22,9.01,erode3/p1@640
001514,2022-08-16,,2022-08-16,2.09,p2,2022-08-16,1.9,p2
001518,2022-12-07,,2022-12-07,2.52,p2,2022-12-07,3.44,p2
001521,2021-07-08,,2021-05-NONE,21.79,ft/p2,2021-05-NONE,16.46,ft/p2
001523,2021-06-14,2,2021-01-15,1.8,p1@640,2021-01-15,1.88,p1@640
001525,2021-06-25,,2021-06-25,3.17,p2,2021-06-25,2.81,p2
001527,2021-01-21,,2021-01-21,5.92,p2,2021-01-21,5.52,p2
001529,2021-02-11,,2021-02-11,2.98,p2,2021-02-11,2.71,p2
001531,2022-06-06,,2022-06-06,1.87,p2,2022-06-06,2.86,p2
001534,2022-07-11,,2022-07-11,2.57,p2,2022-07-11,1.7,p2
001536,2021-02-19,,2021-02-19,2.97,p2,2021-02-19,3.44,p2
001539,2022-01-18,,2022-01-18,2.96,p1@640,2022-01-18,2.58,p1@640
001541,2021-06-13,2,2021-06-13,3.35,p1keep/p1@640,2021-06-13,3.3,p1keep/p1@640
001543,2022-01-22,,2022-01-22,1.59,p2,2022-01-22,1.49,p2
001545,2021-08-02,,2021-08-02,1.8,p2,2021-08-02,1.81,p2
001547,2021-07-04,,2021-07-04,4.89,p2,2021-07-04,3.59,p2
001549,2022-09-28,,2029-09-22,8.07,reread,NONE,15.72,
001551,2021-10-09,,2021-10-09,2.19,p2,2021-10-09,1.63,p2
001555,2020-06-03,,2020-06-03,1.73,p1keep/p1@640,2020-06-03,1.92,p1keep/p1@640
001557,2022-03-16,2,2022-03-16,3.33,p2,2022-03-16,2.92,p2
001560,2020-11-25,,2020-11-25,5.79,p2,2020-11-25,6.9,p2
001562,2022-06-11,,2022-06-11,3.27,p2,2022-06-11,2.43,p2
001564,2020-08-05,2,2020-03-05,12.02,ft/erode3/p1@640,2020-03-05,15.55,ft/erode3/p1@640
001566,2020-04-23,,2020-04-23,2.45,p2,2020-04-23,2.26,p2
001570,2021-11-30,,2021-11-30,1.66,p2,2021-11-30,1.48,p2
001572,2021-06-11,,2021-06-11,1.45,p2,2021-06-11,1.33,p2
001575,2022-03-27,,2022-03-22,1.33,p2,2022-03-22,1.55,p2
001577,2022-11-05,,2022-11-05,4.99,p2,2022-11-05,5.22,p2
001579,2022-11-02,,2022-11-02,1.75,p2,2022-11-02,2.22,p2
001582,2021-11-05,,2021-11-05,2.63,p2,2021-11-05,2.05,p2
001585,2021-10-28,,2021-10-28,2.01,p2,2021-10-28,4.11,p2
001589,2023-01-09,,2023-01-09,2.58,p2,2023-01-09,2.79,p2
001592,2022-01-05,,2022-01-05,2.29,p2,2022-01-05,3.88,p2
001594,2021-12-13,,2021-12-13,2.93,p2,2021-12-13,2.74,p2
001596,2021-02-25,2,2021-02-25,4.13,p2,2021-02-25,4.8,p2
001598,2021-03-07,2,2018-02-NONE,3.03,p1@640,2018-02-NONE,2.59,p1@640
001600,2021-02-08,,2021-02-08,2.57,p2,2021-02-08,2.42,p2
001602,2021-02-11,,2021-02-11,2.1,p2,2021-02-11,2.13,p2
001605,2021-03-06,,2021-03-06,3.86,p2,2021-03-06,4.47,p2
001607,2021-04-03,,2021-04-03,2.45,p2,2021-04-03,2.24,p2
001609,2021-06-29,,2021-06-29,1.56,p2,2021-06-29,1.48,p2
001611,2021-02-12,,2021-02-12,3.35,p2,2021-02-12,2.84,p2
001613,2022-02-25,,2022-02-25,1.7,p2,2022-02-25,1.85,p2
001615,2020-09-03,,2020-09-03,2.53,p2,2020-09-03,2.61,p2
001617,2021-12-15,,2021-12-15,2.74,p2,2021-12-15,2.38,p2
001619,2023-10-06,,2023-10-06,1.96,p2,2023-10-06,1.8,p2
001621,2022-07-19,,2022-07-19,1.75,p2,2022-07-19,1.81,p2
001626,2021-07-03,,2021-07-03,2.81,p2,2021-07-03,2.18,p2
001629,2021-07-23,,2021-07-23,1.82,p2,2021-07-23,1.85,p2
001631,2022-10-21,,2022-10-21,2.56,p2,2022-10-21,2.27,p2
001633,2021-05-12,,2021-05-12,5.05,p2,2021-05-12,5.62,p2
001636,2021-12-22,2,2023-02-12,2.63,p2,2023-02-12,2.58,p2
001638,2021-04-12,,2021-04-12,1.56,p2,2021-04-12,1.91,p1@640
001640,2021-02-28,,2021-02-28,9.01,p2,2021-02-28,8.97,p2
001642,2022-03-19,,2022-03-19,1.87,p2,2022-03-19,1.92,p2
001644,2021-10-16,,2021-10-15,2.45,p1@640,2021-10-15,1.83,p1@640
001646,2021-10-12,,2021-10-22,8.5,ft/p2,2021-10-22,9.12,ft/p2
001648,2021-12-14,,2021-12-14,2.74,p2,2021-12-14,3.14,p2
001650,2019-08-18,,2019-08-18,2.08,p2,2019-08-18,2.44,p2
001652,2021-03-09,,2021-03-09,3.21,p2,2021-03-09,2.81,p2
001654,2019-08-19,,2019-08-19,2.04,p2,2019-08-19,2.11,p2
001656,2021-01-16,,2021-01-16,4.15,p2,2021-01-16,3.69,p2
001659,2022-10-05,,2022-10-05,6.55,p2,2022-10-05,5.19,p2
001662,2022-04-26,,2022-04-26,3.94,p2,2022-04-26,2.93,p2
001664,2020-08-29,,2020-08-29,3.38,p2,2020-08-29,5.97,p2
001667,2021-09-14,,2021-09-14,3.25,p2,2021-09-14,3.05,p2
001669,2021-02-08,,2021-02-08,2.95,p2,2021-02-08,2.93,p2
001671,2021-10-23,2,2021-10-23,3.24,p2,2021-10-23,2.86,p2
001673,2021-05-19,,2021-05-19,8.77,dilate2/p1@640,2021-05-19,8.82,dilate2/p1@640
001675,2021-03-15,,2021-03-15,3.76,p2,2021-03-15,2.66,p2
001677,2021-11-28,,2021-11-28,2.18,p2,2021-11-28,2.53,p2
001681,2022-10-22,,2022-10-22,3.08,p2,2022-10-22,1.99,p2
001683,2021-11-14,,2021-11-14,3.59,p2,2021-11-14,3.35,p2
001685,2021-11-29,2,2021-11-29,5.06,p2,2021-11-29,4.1,p2
001687,2020-11-27,,2020-11-27,3.09,p2,2020-11-27,3.09,p2
001690,2020-08-16,,2020-08-16,7.55,p2,2020-08-16,5.29,p2
001692,2021-07-03,,2021-07-03,1.71,p2,2021-07-03,2.36,p2
001695,2022-07-01,,2022-07-01,3.51,p1@640,2022-07-01,2.29,p1@640
001698,2021-12-22,,2021-12-22,3.23,p2,2021-12-22,3.69,p2
001700,2021-10-27,,2021-10-27,12.59,p2,2021-10-27,8.05,p2
001702,2021-05-17,,2021-05-17,2.69,p2,2021-05-17,3.08,p2
001704,2021-07-16,,2021-07-16,3.57,p2,2021-07-16,2.93,p2
001707,2021-05-02,,2021-05-02,1.94,p2,2021-05-02,1.66,p2
001709,2021-04-12,,2021-04-12,1.75,p2,2021-04-12,1.82,p2
001711,2021-10-15,2,2021-10-15,2.29,p1@640,2021-10-15,2.23,p1@640
001713,2021-09-08,,2021-09-08,11.23,p2,2021-09-08,8.22,p2
001715,2021-02-07,,2021-02-07,1.61,p2,2021-02-07,2.17,p2
001717,2021-02-08,,2021-02-08,2.32,p2,2021-02-08,6.19,p2
001719,2021-03-11,,2021-03-11,2.52,p2,2021-03-11,2.85,p2
001721,2021-07-06,2,2021-07-06,4.09,p2,2021-07-06,4.47,p2
001723,2021-05-13,,2021-05-13,1.47,p2,2021-05-13,1.73,p2
001725,2021-02-16,,2021-02-16,2.44,p2,2021-02-16,2.39,p2
001728,2021-02-08,,2021-02-08,1.72,p2,2021-02-08,2.27,p2
001730,2021-10-02,,2021-10-02,1.84,p2,2021-10-02,1.85,p2
001732,2022-11-18,,2022-11-18,2.26,p2,2022-11-18,2.17,p2
001735,2022-01-20,,2022-01-20,2.15,p2,2022-01-20,1.75,p2
001738,2022-01-05,,2022-01-05,1.95,p2,2022-01-05,1.87,p2
001741,2022-11-01,,2022-11-01,1.73,p2,2022-11-01,1.62,p2
001744,2022-01-28,2,2022-01-28,2.35,p2,2022-01-28,3.02,p2
001746,2021-10-12,2,2021-10-12,4.42,p2,2021-10-12,3.28,p2
001749,2019-07-03,,2020-01-10,12.14,ft/erode2/p1@640,2020-01-10,13.05,ft/erode2/p1@640
001751,2021-06-28,,2021-06-28,1.62,p2,2021-06-28,1.76,p2
001753,2022-01-10,,2022-01-10,1.74,p2,2022-01-10,1.85,p2
001756,2021-12-30,2,2021-12-20,2.36,p2,2021-12-20,1.88,p2
001758,2023-03-09,,2023-03-09,1.92,p2,2023-03-09,2.24,p2
001761,2021-11-22,,2021-11-22,2.76,p2,2021-11-22,1.9,p2
001763,2021-12-23,,2021-12-23,1.54,p2,2021-12-23,1.82,p2
001765,2021-09-10,,2021-09-21,1.98,p2,2021-09-21,1.68,p2
001767,2021-06-29,2,2021-06-29,1.87,p2,2021-06-29,2.24,p2
001769,2021-12-22,,2021-12-02,2.56,p2,2021-12-02,1.72,p2
001772,2020-08-07,,2020-08-07,2.98,p1@640,2020-08-07,3.2,p1@640
001774,2021-04-02,,2021-04-02,2.86,p2,2021-04-02,1.94,p2
001778,2021-04-09,,2021-04-09,2.1,p2,2021-04-09,2.03,p2
001780,2020-09-01,2,2020-09-01,9.77,p2,2020-09-01,6.51,p2
001782,2022-10-01,,2022-10-01,2.29,p2,2022-10-01,3.44,p2
001785,2021-09-19,,2021-09-19,2.33,p2,2021-09-19,1.51,p2
001787,2020-12-NONE,,NONE-12-20,2.02,p2,NONE-12-20,2.6,p2
001789,2021-01-16,,2021-01-16,1.81,p2,2021-01-16,1.72,p2
001791,2020-08-13,,2020-08-01,5.57,p2,2020-08-01,5.74,p2
001793,2021-11-07,,2021-11-07,4.17,p2,2021-11-07,3.1,p2
001795,2021-01-27,,2021-01-27,1.5,p2,2021-01-27,1.82,p2
001797,2020-05-26,2,2020-05-26,25.82,ft/p1@1024,2020-05-26,26.28,ft/p1@1024
001799,2021-10-14,,2021-10-14,4.32,p2,2021-10-14,3.71,p2
001801,2021-03-05,,2021-03-05,8.97,p2,2021-03-05,7.29,p2
001803,2021-01-15,,2021-01-15,2.55,p2,2021-01-15,2.88,p2
001805,2020-11-09,2,2020-02-10,7.63,p1keep/p1@1024,2020-02-10,5.56,p1keep/p1@1024
001807,2021-02-25,,2021-02-25,4.07,p2,2021-02-25,4.53,p2
001809,2020-08-13,2,2020-08-13,4.1,p1@640,2020-08-13,2.3,p1@640
001811,2023-10-22,,2023-10-02,4.04,erode2/p1@640,2023-10-02,3.71,erode2/p1@640
001813,2021-03-26,2,2021-03-26,4.12,p2,2021-03-26,3.98,p2
001816,2021-04-14,,2021-04-14,5.39,p2,2021-04-14,6.53,p2
001818,2022-01-18,,2022-01-18,6.52,p1keep/p1@640,2022-01-18,6.69,p1keep/p1@640
001820,2020-09-01,,2020-09-01,4.24,p2,2020-09-01,4.99,p2
001822,2021-06-09,,2021-06-09,3.34,p2,2021-06-09,2.08,p2
001824,2021-09-07,,2021-09-07,4.07,p2,2021-09-07,5.13,p2
001827,2021-11-28,,2021-11-28,3.52,p2,2021-11-28,2.78,p2
001829,2021-03-07,,2021-03-07,5.78,p1@1024,2021-03-07,7.49,p1@1024
001831,2020-12-NONE,,2020-12-NONE,2.48,p2,2020-12-NONE,2.32,p2
001833,2022-09-02,,2022-03-NONE,13.41,ft/erode2/p1@640,2022-03-NONE,13.34,ft/erode2/p1@640
001835,2022-07-12,,NONE,18.98,,NONE,17.28,
001837,2021-10-02,,2021-10-02,2.06,p2,2021-10-02,2.27,p2
001839,2021-10-15,,2021-10-15,2.07,p2,2021-10-15,1.75,p2
001841,2021-09-30,,2021-09-30,2.56,p2,2021-09-30,2.14,p2
001844,2021-11-23,,2021-11-23,3.46,p2,2021-11-23,2.55,p2
001846,2021-09-23,,2021-09-23,2.41,reread,2023-12-09,2.47,p2
001848,2021-11-18,,2021-11-18,3.44,p2,2021-11-18,2.78,p2
001850,2021-12-16,,2021-12-16,2.61,p2,2021-12-16,3.16,p2
001852,2022-08-13,,NONE,36.24,,NONE,37.16,
001854,2022-01-18,,2022-12-10,4.1,p1@640,2022-12-10,4.23,p1@640
001856,2023-10-28,,2023-10-28,3.17,p1@640,2023-10-28,2.96,p1@640
001859,2022-07-08,,2022-07-08,3.09,p1@640,2022-07-08,3.4,p1@640
001861,2023-06-18,,2023-06-18,6.9,p2,2023-06-18,5.25,p2
001863,2023-08-04,,2023-08-04,2.89,p1@640,2023-08-04,3.56,p1@640
001865,2021-09-17,,2021-09-17,1.36,p2,2021-09-17,1.26,p2
001867,2022-07-NONE,,2022-07-NONE,1.59,p2,2022-07-NONE,2.14,p2
001869,2021-09-26,2,2021-09-26,5.92,p2,2021-09-26,3.95,p2
001871,2022-11-10,2,2022-11-10,2.7,p1keep/p1@640,2022-11-10,3.27,p1keep/p1@640
001874,2021-10-22,d,2022-10-21,4.81,p2,2022-10-21,3.32,p2
001876,2021-09-30,d,2021-09-30,5.6,p2,2021-09-30,5.38,p2
001878,2021-11-03,,2021-01-03,2.61,p1@640,2021-01-03,2.06,p1@640
001880,2024-09-01,,2025-06-02,15.18,ft/p1keep/blur1/p1@640,2025-06-02,16.08,ft/p1keep/blur1/p1@640
001882,2021-06-20,,2021-06-20,2.19,p1@640,2021-06-20,1.75,p1@640
001884,2021-09-09,,2021-09-11,2.69,p2,2021-09-11,2.85,p2
001886,2021-12-05,2,2021-12-05,3.57,p2,2021-12-05,3.5,p2
001888,2023-08-22,,2023-08-22,2.02,p1@640,2023-08-22,1.89,p1@640
001890,2021-08-31,,2021-08-31,2.49,p1@640,2021-08-31,2.39,p1@640
001893,2021-03-19,,2021-03-19,3.0,p2,2021-03-19,3.41,p2
001895,2021-03-17,,2021-03-17,2.51,p2,2021-03-17,2.06,p2
001897,2021-05-29,,2021-05-29,1.44,p2,2021-05-29,1.63,p2
001900,2021-11-29,,NONE,29.71,,NONE,27.52,
001902,2021-10-28,,2021-10-28,2.6,p2,2021-10-28,2.72,p2
001904,2022-01-15,,2022-01-15,3.32,p2,2022-01-15,2.45,p2
001906,2021-09-03,2,2021-09-03,2.12,p2,2021-09-03,2.87,p2
001908,2021-08-16,,2021-08-16,2.47,p2,2021-08-16,2.21,p2
001910,2021-05-07,2,2021-05-07,5.43,p1@640,2021-05-07,7.15,p1@640
001912,2021-05-21,,2021-05-21,3.15,p2,2021-05-21,3.49,p2
001914,2021-09-14,,2021-09-14,2.22,p2,2021-09-14,1.98,p2
001916,2021-06-24,,2021-06-24,2.29,p2,2021-06-24,2.04,p2
001919,2023-12-20,,2023-12-20,3.61,p2,2023-12-20,3.57,p2
001922,2022-06-14,,2022-06-14,4.85,p1@640,2022-06-14,4.07,p1@640
001924,2022-01-21,b,NONE,37.74,,NONE,37.47,
001927,2021-04-27,,2021-04-27,2.19,p2,2021-04-27,2.03,p2
001930,2022-01-01,,2022-01-01,2.85,p2,2022-01-01,3.51,p2
001932,2022-01-22,,2022-01-22,1.78,p2,2022-01-22,1.88,p2
001934,2022-03-29,,2022-03-29,5.72,p2,2022-03-29,4.89,p2
001936,2021-12-21,,2021-12-21,4.12,p2,2021-12-21,2.98,p2
001938,2021-03-NONE,,2021-03-NONE,1.94,p2,2021-03-NONE,2.94,p2
001940,2021-03-14,b,2021-03-14,6.49,erode2/p1@640,2021-03-14,5.37,erode2/p1@640
001943,2023-09-29,,2023-09-29,2.45,p1@640,2023-09-29,3.08,p1@640
001945,2021-08-NONE,,2023-03-06,34.91,ft/erode3/p1@640,2023-03-06,33.04,ft/erode3/p1@640
001948,2022-08-10,2,2022-08-10,9.01,dilate2/p1@640,2022-08-10,10.0,dilate2/p1@640
001950,2023-07-16,,2023-07-16,4.33,erode2/p1@640,2023-07-16,4.34,erode2/p1@640
001952,2022-09-16,,2022-09-16,1.52,p2,2022-09-16,1.81,p2
001954,2021-10-NONE,,2021-07-04,4.0,p1keep/p1@640,2021-07-04,3.73,p1keep/p1@640
001956,2021-10-NONE,,2021-10-NONE,3.04,p1@640,2021-10-NONE,3.12,p1@640
001958,2020-11-13,,2020-11-13,4.35,p2,2020-11-13,2.43,p2
001960,2022-06-15,,2022-06-15,4.52,p2,2022-06-15,5.75,p2
001963,2021-10-09,2,2021-10-09,4.22,p1@640,2021-10-09,3.05,p1@640
001966,2023-10-12,,2023-10-12,2.43,p2,2023-10-12,2.35,p2
001968,2022-08-24,,2022-08-24,2.53,p2,2022-08-24,2.52,p2
001970,2021-06-18,,2021-06-18,1.92,p2,2021-06-18,2.77,p2
001972,2023-03-15,,2023-03-15,4.34,p2,2023-03-15,3.39,p2
001974,2021-09-NONE,,2021-09-NONE,4.5,p2,2021-09-NONE,5.61,p2
001978,2020-11-04,,2020-11-04,1.65,p2,2020-11-04,1.76,p2
001983,2021-10-20,,2021-10-20,1.78,p2,2021-10-20,2.37,p2
001985,2022-01-19,,2022-01-19,3.7,p2,2022-01-19,2.65,p2
001987,2021-12-28,,2028-08-28,28.95,ft/p1@1024,2028-08-28,28.76,ft/p1@1024
001989,2022-11-23,,2022-11-23,3.05,p2,2022-11-23,2.51,p2
001991,2021-12-28,,2021-12-28,5.06,p2,2021-12-28,4.16,p2
001993,2021-10-29,,2021-10-29,4.88,p2,2021-10-29,4.34,p2
001995,2021-12-18,,2021-12-18,2.03,p2,2021-12-18,1.83,p2
001997,2021-12-27,,2021-12-27,2.68,p2,2021-12-27,2.71,p2
001999,2021-04-24,,2021-04-24,2.46,p2,2021-04-24,5.22,p2
002001,2022-01-27,,2022-02-01,2.68,p2,2022-02-01,2.13,p2
002003,2022-05-15,,2022-05-15,1.69,p2,2022-05-15,1.74,p2
002005,2022-07-27,,2022-07-27,2.63,p2,2022-07-27,2.51,p2
002008,2022-01-14,,2022-01-14,4.87,p2,2029-12-NONE,4.31,p1@640
002011,2020-06-30,,2020-06-30,17.94,ft/p2,2020-06-30,16.87,ft/p2
002014,2023-06-28,,2023-06-28,4.57,p2,2023-06-28,4.9,p2
002016,2022-10-19,,2022-10-19,1.25,p1@640,2022-10-19,1.46,p1@640
002019,2022-03-09,,2022-03-09,10.9,blur1/p1@640,2022-03-09,11.72,blur1/p1@640
002023,2020-11-10,,2020-11-10,2.54,p2,2020-11-10,2.1,p2
