image_id,label,old,tags,kol,sec
000002,2025-12-11,2025-12-11,,2025-12-11,1.7
000009,2026-10-29,2026-10-29,,2026-10-29,2.4
000014,2026-01-31,2026-01-31,,2026-01-31,3.6
000017,2026-11-25,2026-11-25,,2026-11-25,2.5
000022,2025-10-14,NONE-01-20,,NONE-01-20,6.6
000026,2025-11-13,2025-11-13,,2025-11-13,2.6
000030,2017-08-28,2017-08-28,,2017-08-28,6.4
000033,2026-06-17,2026-06-17,,2026-06-17,3.0
000037,2026-07-17,2026-07-17,,2026-07-17,2.3
000040,2025-10-11,2025-10-11,,2025-10-11,1.8
000044,2026-02-07,2026-02-07,,2026-02-07,7.6
000047,2027-04-14,2027-04-04,,2027-04-04,3.5
000050,2025-09-30,2025-09-30,,2025-09-30,9.7
000053,2025-12-20,2025-12-20,,2025-12-20,6.1
000058,2027-03-27,2027-03-27,,2027-03-27,8.6
000062,2026-05-26,2026-05-26,,2026-05-26,6.0
000066,2026-08-17,2026-08-17,,2026-08-17,4.0
000071,2027-07-20,2027-07-20,2,2027-07-20,4.0
000075,2026-01-06,2026-01-06,,2026-01-06,5.2
000078,2025-06-19,2025-06-19,,2025-06-19,8.0
000081,2026-05-18,2026-05-18,2,2026-05-18,3.9
000085,2026-03-30,2026-09-30,,2026-09-30,4.8
000094,2027-06-30,2027-06-30,,2027-06-30,4.5
000100,2026-02-11,2026-02-11,,2026-02-11,4.6
000103,2025-12-18,2025-12-18,,2025-12-18,4.5
000109,2025-12-12,2025-12-12,b,2025-12-12,8.0
000112,2025-10-17,2025-10-17,,2025-10-17,3.2
000115,2025-12-08,2025-12-08,,2025-12-08,20.6
000118,2026-03-23,2026-05-25,,2026-05-25,2.7
000121,2027-04-13,2027-04-13,,2027-04-13,3.2
000127,2026-04-27,2026-04-27,,2026-04-27,3.6
000130,2027-02-05,2027-02-05,,2027-02-05,3.4
000134,2026-09-23,2026-09-23,,2026-09-23,8.6
000137,2026-03-26,2026-03-26,,2026-03-26,5.5
000140,2026-07-14,2026-07-14,,2026-07-14,8.1
000144,2027-03-25,2027-03-25,,2027-03-25,6.7
000148,2026-02-26,2026-02-26,2,2026-02-26,4.8
000151,2026-09-07,2026-09-07,,2026-09-07,3.8
000156,2026-07-29,2026-07-29,,2026-07-29,6.1
000160,2026-10-27,2025-04-02,2,2025-04-02,3.7
000163,2026-11-20,2026-11-20,,2026-11-20,3.3
000166,2027-08-18,2027-08-NONE,,2027-08-NONE,10.1
000170,2026-09-07,2026-09-07,,2026-09-07,3.8
000173,2026-09-17,2026-09-17,,2026-09-17,4.1
000176,2026-09-22,2026-09-22,2,2026-09-22,10.5
000179,2026-06-29,2025-09-30,2,2026-06-29,8.1
000182,2026-10-01,2026-10-01,,2026-10-01,6.0
000186,2028-04-14,2028-04-14,,2028-04-14,3.2
000190,2022-11-26,2022-11-26,,2022-11-26,38.2
000194,2027-04-23,2027-04-23,,2027-04-23,4.5
000198,2026-05-08,2022-12-15,,2022-12-15,6.6
000202,2027-02-06,2027-02-06,,2027-02-06,4.1
000205,2027-05-18,2027-05-18,,2027-05-18,3.6
000211,2026-02-12,2026-06-02,,2026-06-02,18.0
000216,2026-03-16,2026-03-01,,2026-03-01,3.7
000219,2026-09-07,2026-09-07,,2026-09-07,2.9
000222,2026-03-25,2026-03-25,,2026-03-25,4.9
000226,2027-03-15,2027-03-15,,2027-03-15,11.4
000229,2025-10-28,2022-10-11,,2022-10-11,17.2
000233,2028-01-13,2021-01-22,,2021-01-22,15.9
000237,2026-06-05,2026-06-05,,2026-06-05,5.9
000240,2027-05-20,2027-05-20,,2027-05-20,5.2
000243,2026-08-17,2026-08-17,,2026-08-17,3.5
000246,2026-02-04,2025-09-05,2,2026-02-04,5.5
000250,2026-03-04,2026-03-04,2,2026-03-04,6.1
000253,2026-06-20,2026-06-20,,2026-06-20,3.3
000257,2025-12-10,2025-12-10,,2025-12-10,2.9
000260,2027-04-01,2027-04-01,,2027-04-01,3.8
000263,2028-01-22,NONE,,NONE,29.4
000266,2025-12-04,NONE,b,NONE,31.7
000270,2026-09-03,2026-09-03,,2026-09-03,5.6
000275,2026-04-23,2026-04-23,,2026-04-23,10.7
000281,2026-07-15,2026-07-15,,2026-07-15,5.9
000284,2026-08-20,2026-08-20,,2026-08-20,10.4
000287,2027-02-18,2027-02-18,,2027-02-18,8.9
000290,2027-03-02,2027-03-02,,2027-03-02,15.1
000294,2026-09-08,2026-09-09,2,2026-09-09,16.8
000299,2026-05-13,2026-05-13,,2026-05-13,7.8
000302,2026-03-15,2026-03-15,,2026-03-15,3.3
000305,2026-02-24,2026-02-24,,2026-02-24,27.9
000308,2025-12-04,2025-12-04,,2025-12-04,2.8
000313,2026-03-17,2026-03-17,,2026-03-17,5.5
000317,2025-11-15,2025-11-15,,2025-11-15,5.7
000322,2025-10-29,2025-10-29,,2025-10-29,3.0
000325,2025-11-03,2025-11-03,,2025-11-03,4.6
000329,2025-12-25,2025-12-25,,2025-12-25,5.0
000332,2025-10-22,2025-10-22,,2025-10-22,3.6
000335,2025-11-28,2025-11-28,,2025-11-28,4.8
000338,2026-05-28,2026-05-28,,2026-05-28,3.7
000342,2026-06-22,2026-06-22,,2026-06-22,3.5
000346,2026-05-15,2026-05-15,,2026-05-15,2.7
000349,2025-12-07,2025-12-07,,2025-12-07,2.6
000353,2026-03-08,2026-03-08,,2026-03-08,4.5
000356,2027-03-17,2027-03-17,,2027-03-17,5.2
000360,2026-02-18,NONE,2,NONE,43.7
000364,2026-06-04,2026-06-04,,2026-06-04,16.4
000367,2026-05-18,2026-05-18,,2026-05-18,6.4
000370,2026-09-02,2025-09-02,,2025-09-02,18.5
000373,2026-09-18,NONE,,NONE,50.4
000376,2025-10-07,2025-10-07,,2025-10-07,9.0
000379,2026-09-05,2026-09-05,d,2026-09-05,4.9
000382,2026-08-18,2026-08-18,,2026-08-18,4.1
000385,2026-09-14,2026-09-14,2,2026-09-14,3.6
000390,2026-05-19,2021-03-23,,2021-03-23,24.3
000393,2027-08-02,2027-08-02,,2027-08-02,3.8
000397,2026-02-19,2026-02-19,,2026-02-19,6.6
000401,2027-04-12,2027-04-12,,2027-04-12,4.7
000404,2026-06-10,2026-06-10,,2026-06-10,3.7
000407,2025-12-01,2025-12-01,2,2025-12-01,8.3
000411,2026-09-09,2026-09-09,2,2026-09-09,7.8
000416,2026-04-07,2026-07-01,,2026-07-01,3.5
000419,2026-08-05,2026-08-05,,2026-08-05,2.9
000422,2026-06-09,2026-06-09,2,2026-06-09,2.8
000425,2025-11-05,2025-11-05,,2025-11-05,2.7
000429,2026-01-04,2025-01-04,,2026-01-04,5.6
000433,2026-08-05,2026-08-05,,2026-08-05,10.1
000436,2026-02-12,2026-02-12,,2026-02-12,2.5
000439,2026-03-18,2026-03-18,,2026-03-18,2.8
000443,2026-04-06,2026-04-06,,2026-04-06,6.1
000447,2025-11-22,2025-11-22,,2025-11-22,4.5
000450,2026-03-11,2025-09-12,2,2026-03-11,4.4
000453,2026-01-26,2025-08-27,2,2025-08-27,8.7
000456,2025-12-26,2025-12-26,2,2025-12-26,4.0
000462,2027-05-27,2027-05-27,,2027-05-27,2.7
000466,2027-06-07,2027-06-17,t,2027-06-17,3.3
000469,2026-07-21,2026-07-21,,2026-07-21,3.5
000473,2026-05-21,NONE,,NONE,35.9
000477,2026-07-21,2026-07-21,,2026-07-21,4.2
000480,2026-06-04,2026-07-21,,2026-07-21,4.7
000483,2027-04-15,2027-04-15,,2027-04-15,4.7
000487,2027-12-11,2027-12-11,,2027-12-11,11.7
000493,2026-06-17,2026-06-17,,2026-06-17,6.5
000496,2027-03-05,2027-03-05,,2027-03-05,5.2
000499,2026-05-13,2026-05-13,,2026-05-13,3.3
000503,2026-02-18,2026-02-10,,2026-02-10,24.5
000506,2026-06-18,2026-06-11,2,2026-06-11,4.7
000511,2026-03-24,2026-03-24,,2026-03-24,3.9
000514,2026-07-13,2026-07-13,,2026-07-13,3.4
000518,2026-09-14,2026-09-14,,2026-09-14,3.3
000521,2026-03-10,2026-03-10,2,2026-03-10,4.6
000524,2026-06-18,2026-06-18,,2026-06-18,3.6
000529,2026-01-12,2026-01-12,,2026-01-12,2.5
000532,2026-02-28,2026-02-28,,2026-02-28,3.0
000535,2026-02-04,2026-02-04,,2026-02-04,3.6
000539,2027-08-11,NONE,,NONE,57.0
000542,2027-07-22,2027-07-22,,2027-07-22,5.2
000546,2026-08-10,2026-08-10,2,2026-08-10,6.4
000549,2027-01-16,2027-01-16,,2027-01-16,8.0
000552,2026-09-07,2026-09-07,,2026-09-07,2.9
000555,2027-04-16,2027-04-16,,2027-04-16,4.1
000558,2025-05-16,2025-05-16,,2025-05-16,4.9
000561,2028-08-07,2028-08-07,,2028-08-07,27.7
000564,2026-06-25,2026-06-25,,2026-06-25,3.4
000567,2025-10-29,2025-10-29,,2025-10-29,4.4
000570,2026-05-20,2026-05-20,,2026-05-20,3.0
000573,NONE-10-22,NONE-10-22,,NONE-10-22,5.7
000576,2026-05-21,2020-02-NONE,2,2026-05-21,3.6
000579,2026-07-10,2026-07-10,,2026-07-10,2.2
000583,2025-11-23,2025-11-NONE,,2025-11-NONE,20.4
000586,2026-03-14,2026-03-14,,2026-03-14,3.1
000589,2026-04-02,2026-04-02,,2026-04-02,3.9
000592,2025-03-25,2023-03-26,2,2023-03-26,8.9
000595,2026-05-01,2026-05-01,,2026-05-01,3.3
000598,2026-03-09,2026-03-09,2,2026-03-09,10.3
000601,2026-01-27,2026-01-27,,2026-01-27,4.5
000604,2026-09-15,NONE,,NONE,35.2
000607,2028-06-23,2028-06-23,,2028-06-23,4.3
000610,2026-06-04,2026-06-04,,2026-06-04,3.8
000613,2026-05-28,2026-05-28,,2026-05-28,4.5
000617,2026-07-11,2026-07-11,,2026-07-11,4.0
000622,2027-01-22,2027-01-22,,2027-01-22,6.2
000625,2027-04-01,2027-04-01,,2027-04-01,5.3
000628,2025-02-03,2025-12-NONE,,2025-02-03,3.1
000633,2025-12-24,2025-12-24,,2025-12-24,3.6
000638,2026-06-16,2026-06-16,,2026-06-16,3.3
000642,2026-09-01,2025-03-01,,2025-03-01,3.4
000649,2027-04-07,2021-01-21,,2021-01-21,19.5
000652,2027-03-31,2027-03-31,,2027-03-31,4.8
000655,2026-08-27,2026-08-27,,2026-08-27,8.4
000658,2026-01-16,2026-01-16,,2026-01-16,2.0
000661,2026-04-17,2026-04-17,,2026-04-17,4.3
000667,2026-06-22,2026-06-22,2,2026-06-22,4.0
000670,2026-06-24,NONE-06-24,2,2026-06-24,9.7
000674,2026-06-02,2026-06-02,,2026-06-02,2.2
000677,2027-08-17,2027-08-17,,2027-08-17,3.0
000680,2025-10-15,2025-10-15,,2025-10-15,2.1
000684,2026-03-23,2026-03-23,,2026-03-23,3.8
000689,2025-10-27,2025-10-27,,2025-10-27,10.0
000692,2026-08-21,2026-08-21,,2026-08-21,2.6
000697,2025-10-07,2025-10-07,,2025-10-07,2.4
000703,2026-01-25,2026-01-25,,2026-01-25,3.6
000706,2026-03-11,2026-03-11,,2026-03-11,3.9
000710,2025-10-14,2025-10-14,,2025-10-14,3.6
000715,2026-06-26,2026-06-26,,2026-06-26,3.2
000718,2026-01-17,2026-01-17,,2026-01-17,3.4
000721,2026-12-17,2026-12-17,,2026-12-17,3.8
000724,2026-05-20,2026-05-20,,2026-05-20,3.0
000727,2026-06-22,2026-06-22,,2026-06-22,4.6
000731,2026-03-08,2026-03-08,,2026-03-08,2.7
000734,2025-10-28,2025-10-28,,2025-10-28,4.1
000738,2026-02-12,2026-02-12,,2026-02-12,3.3
000743,2026-11-16,2026-11-16,,2026-11-16,4.1
000746,2026-06-23,2026-06-23,,2026-06-23,2.7
000751,2025-05-08,2025-05-08,,2025-05-08,5.1
000756,2027-02-24,2027-02-24,,2027-02-24,4.3
000759,2026-05-14,2026-05-14,,2026-05-14,3.9
000762,2026-08-02,2026-08-02,,2026-08-02,3.2
000765,2025-11-21,NONE,,NONE,27.5
000768,2026-06-26,2026-06-26,,2026-06-26,5.9
000771,2019-11-26,NONE-12-31,,NONE-12-31,4.4
000774,2026-02-08,2026-02-08,,2026-02-08,5.9
000777,2026-03-NONE,2026-03-NONE,,2026-03-NONE,32.6
000780,2026-04-27,NONE-04-27,,2026-04-27,3.0
000786,NONE-12-17,NONE-12-17,2,NONE-12-17,6.7
000790,2027-07-NONE,2027-07-NONE,,2027-07-NONE,19.1
000795,2026-07-14,NONE,2,NONE,26.8
000800,2026-08-12,2026-08-12,,2026-08-12,6.2
000804,2027-09-01,2027-09-01,d,2027-09-01,2.9
000808,2026-06-12,2026-06-12,,2026-06-12,3.0
000811,2026-03-31,2026-03-31,,2026-03-31,3.2
000817,2026-12-NONE,NONE,,NONE,21.8
000821,2026-02-02,2026-02-02,,2026-02-02,3.1
000825,2026-06-22,2026-06-22,,2026-06-22,5.0
000829,2026-03-20,2026-03-20,,2026-03-20,3.0
000832,2026-07-16,2025-07-15,b,2025-07-15,4.7
000838,2026-02-21,2026-02-21,,2026-02-21,2.6
000845,2026-06-17,2026-06-17,,2026-06-17,4.2
000848,2026-05-21,2021-05-20,,2021-05-20,24.5
000853,2026-09-24,2026-09-24,,2026-09-24,2.1
000856,2026-06-03,2026-06-03,,2026-06-03,5.8
000859,2021-10-28,NONE,,NONE,13.1
000863,2021-10-22,2020-10-NONE,2,2020-10-NONE,3.0
000867,2021-10-23,NONE,2,NONE,37.9
000871,2021-10-15,2021-10-15,,2021-10-15,5.2
000875,2021-03-22,2021-03-22,,2021-03-22,5.0
000878,2023-04-03,NONE,t,NONE,13.3
000881,2021-06-08,2021-06-08,,2021-06-08,3.4
000884,2021-07-03,NONE,2,NONE,16.5
000887,2021-12-04,2021-01-02,,2021-12-04,19.0
000890,2021-04-05,2021-04-05,,2021-04-05,4.0
000893,2022-02-07,2022-02-07,,2022-02-07,7.7
000897,2025-05-19,2025-05-19,,2025-05-19,21.3
000900,2022-09-02,2022-09-02,,2022-09-02,6.8
000904,2021-08-31,2021-08-22,,2021-08-22,4.1
000907,2022-01-NONE,2022-01-NONE,,2022-01-NONE,5.9
000911,2022-05-05,2022-05-05,,2022-05-05,6.1
000914,2021-07-21,2021-07-21,,2021-07-21,4.9
000918,2021-09-17,2020-04-20,,2020-04-20,13.1
000921,2022-02-26,2022-02-26,,2022-02-26,2.8
000925,NONE-02-02,NONE-02-02,,NONE-02-02,3.8
000928,2022-03-13,2022-03-13,,2022-03-13,7.0
000931,2021-07-29,2021-07-29,,2021-07-29,6.2
000934,2021-02-10,2021-01-25,2,2021-01-25,4.1
000938,2022-06-11,2022-06-11,,2022-06-11,6.1
000942,2021-05-29,2021-05-29,2,2021-05-29,8.6
000947,2021-09-30,2021-09-30,,2021-09-30,2.8
000950,2022-09-16,2022-09-16,,2022-09-16,4.5
000953,2021-02-05,2021-02-07,2,2021-02-07,3.4
000957,2021-02-22,2021-01-29,2,2021-01-29,4.5
000960,2022-07-19,2022-07-19,,2022-07-19,4.9
000964,2023-11-14,2023-11-14,,2023-11-14,3.8
000967,2022-10-17,2022-10-17,,2022-10-17,5.8
000970,2022-06-30,2022-06-30,,2022-06-30,9.5
000975,2023-08-03,2023-08-03,,2023-08-03,6.1
000978,2021-03-11,2022-02-29,,2022-02-29,22.9
000982,2022-02-15,NONE,t,NONE,22.9
000985,2021-12-28,2021-12-28,,2021-12-28,4.4
000990,2020-07-21,NONE,,NONE,21.7
000993,NONE-02-18,NONE,,NONE,24.6
000996,NONE-02-19,NONE,,NONE,29.4
000999,2021-11-11,2021-11-11,2b,2021-11-11,5.2
001004,2020-08-10,NONE,,NONE,39.6
001007,2022-06-29,2022-06-29,2,2022-06-29,3.3
001012,2021-11-10,2021-11-10,2,2021-11-10,3.2
001015,2022-01-11,2022-01-11,,2022-01-11,4.9
001018,2021-05-15,NONE,,NONE,21.2
001022,2021-06-28,NONE,,NONE,14.1
001025,2020-12-09,2020-12-09,,2020-12-09,29.0
001028,2021-07-07,2021-08-01,2,2021-08-01,4.2
001032,2019-07-16,2019-07-16,,2019-07-16,4.7
001036,2021-10-07,2021-10-07,2,2021-10-07,18.9
001039,2021-12-28,2021-12-28,,2021-12-28,2.4
001042,2021-09-13,2021-09-13,d,2021-09-13,2.8
001045,2021-04-30,2021-04-30,,2021-04-30,4.3
001049,2022-01-06,2022-01-06,,2022-01-06,3.5
001052,2022-12-20,2022-12-20,,2022-12-20,7.4
001055,2022-08-10,2022-08-10,,2022-08-10,5.2
001060,2022-06-23,2022-06-23,,2022-06-23,3.5
001064,2022-01-04,2022-01-04,,2022-01-04,5.5
001067,2021-12-06,2021-01-12,,2021-12-06,4.6
001070,NONE-01-24,NONE-01-24,,NONE-01-24,3.9
001074,2021-09-30,2021-09-30,,2021-09-30,22.7
001078,2023-09-24,2023-09-24,,2023-09-24,6.6
001081,2021-06-17,2021-06-17,,2021-06-17,4.3
001084,2021-07-09,2021-07-01,,2021-07-01,3.5
001087,2022-06-14,2022-06-14,,2022-06-14,2.2
001090,2021-04-16,2021-04-16,2,2021-04-16,6.5
001094,2022-01-12,2022-01-12,2,2021-01-13,2.7
001097,2021-06-11,2021-01-01,2,2021-11-06,7.8
001101,2021-03-14,2021-01-14,2,2021-01-14,5.7
001104,2021-08-26,2021-08-26,2,2021-08-26,5.3
001107,2021-02-28,2021-02-28,,2021-02-28,3.5
001110,2021-03-22,2021-03-02,,2021-03-22,4.6
001113,2023-11-15,2023-11-15,,2023-11-15,4.0
001116,2022-01-12,2022-01-12,,2028-12-01,3.5
001120,2021-12-16,2021-12-01,,2021-12-01,2.5
001123,2021-10-09,2021-10-09,,2021-10-09,8.0
001126,2021-12-28,2021-12-28,,2021-12-28,3.3
001129,NONE-02-07,NONE,,NONE,27.2
001132,2021-02-19,2020-12-12,2,2021-02-19,5.5
001135,2022-09-24,2022-09-24,,2022-09-24,4.4
001138,2021-10-23,2021-10-23,,2021-10-23,2.7
001141,2022-03-14,2022-03-14,2,2022-03-14,5.6
001145,2021-05-25,2021-05-25,,2021-05-25,4.7
001148,2022-07-31,2022-07-31,,2022-07-31,3.6
001151,2021-09-18,2021-09-18,,2021-09-18,2.6
001155,2021-09-21,2021-09-21,,2021-09-21,14.4
001158,2021-08-10,2021-08-10,,2021-08-10,2.9
001161,2021-04-23,2021-04-23,,2021-04-23,3.9
001164,2021-03-01,2021-03-01,,2021-03-01,5.8
001169,2021-08-31,2021-08-31,,2021-08-31,3.4
001172,2021-09-NONE,2021-09-NONE,,2021-09-NONE,6.3
001175,2021-09-07,2021-09-07,d,2021-09-07,3.9
001178,2021-12-01,NONE,,NONE,12.5
001182,2022-04-14,2022-04-14,,2022-04-14,2.2
001185,2021-09-28,2021-09-26,2,2021-09-26,5.0
001190,2019-06-28,2019-06-28,2,2019-06-28,4.5
001193,2021-02-11,2021-02-11,2,2021-02-11,7.2
001197,2021-10-10,2021-10-10,,2021-10-10,2.7
001200,2021-10-20,2020-10-21,2,2020-10-21,4.6
001204,2023-02-28,2023-02-28,,2023-02-28,4.1
001207,2020-08-18,2020-08-18,,2020-08-18,5.6
001210,2021-08-03,2021-08-03,,2021-08-03,2.9
001213,2021-05-15,2021-05-15,,2021-05-15,8.4
001217,2022-05-30,2022-05-30,,2022-05-30,2.9
001220,2021-01-14,2021-01-14,,2021-01-14,3.6
001223,2021-04-11,2021-04-11,,2021-04-11,6.0
001226,2022-06-27,2020-12-28,2,2022-06-27,7.2
001229,2021-10-28,2021-10-28,,2021-10-28,3.9
001232,2021-05-05,2021-05-05,,2021-05-05,7.7
001236,NONE-01-28,NONE-01-28,,NONE-01-28,3.5
001240,2020-12-19,2020-12-19,,2020-12-19,3.0
001244,2023-12-31,2023-12-31,,2023-12-31,2.5
001247,2022-01-19,2022-01-19,2,2022-01-19,5.7
001250,2021-04-11,2021-01-12,2,2021-04-11,7.3
001253,2021-08-19,2021-06-19,,2021-08-11,2.4
001256,2023-07-03,2023-07-03,,2023-07-03,2.3
001259,2021-08-30,2021-08-30,,2021-08-30,18.5
001263,2022-12-03,2022-12-03,,2022-12-03,5.8
001266,2022-06-NONE,2022-06-NONE,,2022-06-NONE,4.1
001270,2021-10-11,2021-10-11,,2021-10-11,2.7
001273,2022-06-17,2022-06-17,,2022-06-17,6.7
001277,2021-11-04,2021-11-04,,2021-11-04,3.7
001280,2022-10-09,2022-10-09,,2022-10-09,3.1
001283,2022-04-23,2022-04-23,,2022-04-23,3.1
001289,2024-11-21,2024-11-21,,2024-11-21,2.7
001293,2020-09-21,2020-09-NONE,,2020-09-NONE,6.5
001296,2023-11-NONE,2023-11-NONE,,2023-11-NONE,12.7
001299,2021-07-28,2021-07-28,,2021-07-28,5.1
001303,2021-09-14,2021-09-14,2,2021-09-14,6.5
001306,2021-07-19,2021-07-19,,2021-07-19,7.5
001309,2021-04-30,2021-04-30,t,2021-04-30,5.9
001312,2022-10-20,2022-10-20,,2022-10-20,3.2
001315,2021-12-09,2021-12-09,,2021-12-09,3.6
001318,2022-12-07,2020-12-07,2,2020-12-07,6.7
001323,2023-07-09,2023-07-09,2,2023-07-09,8.5
001327,2021-07-19,2021-07-19,,2021-07-19,4.8
001332,2021-12-NONE,2021-12-NONE,,2021-12-NONE,4.4
001335,2021-10-26,2021-10-26,,2021-10-26,4.6
001339,2021-06-08,2021-06-08,,2021-06-08,4.7
001342,2021-09-10,2021-09-10,,2021-09-10,7.2
001345,2021-08-27,2021-08-27,,2021-08-27,9.4
001349,2021-08-21,2021-08-21,,2021-08-21,2.9
001352,2022-06-27,2022-06-27,,2022-06-27,4.9
001355,2021-07-22,2021-07-22,,2021-07-22,5.4
001360,2021-09-02,NONE-09-21,,NONE-09-21,7.3
001363,2021-04-NONE,2021-10-13,,2021-10-13,23.7
001367,2021-09-29,2021-09-22,2,2021-09-22,5.4
001370,2021-12-03,2021-12-03,,2021-12-03,3.4
001373,2022-03-07,2022-03-07,,2022-03-07,3.7
001376,2021-12-02,2021-12-02,,2021-12-02,3.0
001379,NONE,2021-01-22,,2021-01-22,4.1
001382,2023-01-05,2023-01-05,,2023-01-05,6.2
001385,2018-09-NONE,NONE,,NONE,18.8
001389,2021-06-20,2021-06-20,,2021-06-20,7.0
001392,2021-02-25,2021-02-25,,2021-02-25,4.5
001395,2021-09-01,NONE,,NONE,23.2
001398,2021-07-23,2021-07-23,,2021-07-23,9.2
001401,2022-01-29,2022-08-NONE,,2022-08-NONE,29.6
001404,2021-01-27,2021-01-27,,2021-01-27,16.6
001407,2021-07-31,2031-07-21,,2031-07-21,2.3
001410,2021-05-25,2021-05-05,,2021-05-05,21.4
001414,2021-07-23,2021-07-24,2,2021-07-24,3.0
001418,2021-07-18,2021-07-18,,2021-07-18,6.1
001422,2021-11-NONE,2021-11-NONE,,2021-11-NONE,4.5
001426,2020-04-17,2020-04-17,,2020-04-17,5.9
001430,2021-01-23,2021-01-01,,2021-01-01,6.2
001433,2021-09-29,2021-09-29,,2021-09-29,3.9
001437,2021-08-29,2021-08-29,,2021-08-29,3.5
001441,2021-06-24,2021-06-24,,2021-06-24,6.6
001444,2021-09-06,2021-09-06,,2021-09-06,4.0
001448,2022-07-22,2022-07-22,,2022-07-22,8.9
001451,2022-04-26,2022-04-26,,2022-04-26,5.1
001454,2022-04-02,2022-04-02,,2022-04-02,8.2
001457,2022-06-28,2022-06-28,,2022-06-28,6.7
001460,2022-11-18,2022-11-18,,2022-11-18,6.0
001464,2022-11-18,2022-11-18,,2022-11-18,4.1
001467,2020-11-03,2031-01-16,,2031-01-16,25.2
001470,2021-12-29,2021-12-29,,2021-12-29,4.7
001473,2022-02-17,2022-02-17,,2022-02-17,4.2
001476,2022-05-10,2020-11-01,2,2020-11-01,11.5
001480,NONE,2020-12-18,m,2020-12-18,5.2
001484,2022-09-28,2022-09-28,,2022-09-28,4.8
001487,2022-12-08,2022-01-08,,2022-01-08,4.2
001491,2023-07-08,2023-07-08,d,2023-07-08,13.0
001494,2023-08-17,NONE,,NONE,23.0
001498,2021-06-30,2021-06-30,,2021-06-30,11.5
001502,2021-06-24,2021-06-24,,2021-06-24,4.6
001505,2021-01-27,2021-01-27,,2021-01-27,4.8
001508,2021-10-19,2021-10-19,,2021-10-19,2.5
001513,2018-05-16,2018-05-16,,2018-05-16,3.8
001518,2022-12-07,2022-12-07,,2022-12-07,3.2
001522,2021-06-14,2021-06-14,2,2021-06-14,7.1
001525,2021-06-25,2021-06-25,,2021-06-25,6.5
001528,2021-06-25,2021-06-25,,2021-06-25,3.0
001531,2022-06-06,2022-06-06,,2022-06-06,3.5
001535,2022-07-11,2022-07-11,,2022-07-11,3.9
001539,2022-01-18,2022-01-18,,2022-01-18,5.9
001542,2022-01-22,2022-01-22,,2022-01-22,2.4
001545,2021-08-02,2021-08-02,,2021-08-02,4.2
001548,2022-09-28,NONE,2,NONE,26.0
001551,2021-10-09,2021-10-09,,2021-10-09,3.3
001556,2022-03-16,2022-03-16,2,2022-03-16,7.4
001560,2020-11-25,2020-11-25,,2020-11-25,8.4
001563,2020-08-05,NONE,2,NONE,28.0
001566,2020-04-23,2020-04-23,,2020-04-23,5.8
001571,2021-06-11,2021-06-11,,2021-06-11,3.7
001575,2022-03-27,2022-03-22,,2022-03-22,2.5
001578,2022-11-05,2022-11-05,,2022-11-05,4.6
001582,2021-11-05,2021-11-05,,2021-11-05,3.0
001586,2021-04-20,2021-04-20,,2021-04-20,2.8
001592,2022-01-05,2022-01-05,,2022-01-05,3.1
001595,2021-12-13,2021-12-13,,2021-12-13,3.6
001598,2021-03-07,2018-02-NONE,2,2018-02-NONE,3.5
001601,2021-02-11,2021-02-11,,2021-02-11,3.1
001605,2021-03-06,2021-03-06,,2021-03-06,5.5
001608,2021-06-29,2021-06-29,,2021-06-29,2.8
001611,2021-02-12,2021-02-12,,2021-02-12,3.2
001614,2020-09-03,2020-09-03,,2020-09-03,4.5
001617,2021-12-15,2021-12-15,,2021-12-15,2.9
001620,2022-07-19,2022-07-19,,2022-07-19,3.8
001626,2021-07-03,2021-07-03,,2021-07-03,2.5
001630,2022-10-21,2022-10-21,,2022-10-21,3.1
001633,2021-05-12,2021-05-12,,2021-05-12,6.0
001637,2021-04-12,2021-04-12,,2021-04-12,2.5
001640,2021-02-28,2021-02-28,,2021-02-28,12.0
001643,2021-10-16,2021-10-16,,2021-10-16,5.3
001646,2021-10-12,NONE,,NONE,9.8
001649,2019-08-18,2021-01-21,,2021-01-21,3.0
001652,2021-03-09,2021-03-09,,2021-03-09,4.2
001655,2019-09-12,2019-09-12,,2019-09-12,6.5
001659,2022-10-05,2022-10-05,,2022-10-05,5.9
001663,2020-08-29,2020-08-29,,2020-08-29,6.0
001667,2021-09-14,2021-09-14,,2021-09-14,4.6
001670,2021-10-23,2021-10-23,2,2021-10-23,7.5
001673,2021-05-19,2021-05-19,,2021-05-19,13.2
001676,2021-03-15,2021-03-15,,2021-03-15,5.3
001681,2022-10-22,2022-10-22,,2022-10-22,3.3
001684,2021-11-14,2021-11-14,,2021-11-14,4.1
001687,2020-11-27,2020-11-27,,2020-11-27,3.5
001691,2020-08-16,2020-08-16,,2020-08-16,5.3
001695,2022-07-01,2022-07-01,,2022-07-01,5.2
001699,2021-12-22,2021-12-22,,2021-12-22,3.7
001702,2021-05-17,2021-05-17,,2021-05-17,4.1
001705,2021-06-04,2021-06-04,,2021-06-04,4.5
001709,2021-04-12,2021-04-12,,2021-04-12,2.6
001712,2021-07-18,2021-07-18,2,2021-07-18,6.8
001715,2021-02-07,2021-02-07,,2021-02-07,2.9
001718,2021-02-08,2021-02-08,,2021-02-08,3.2
001721,2021-07-06,2021-07-06,2,2021-07-06,8.1
001724,2021-05-13,2021-05-13,,2021-05-13,3.2
001728,2021-02-08,2021-02-08,,2021-02-08,2.9
001731,2021-10-02,2021-10-02,,2021-10-02,2.3
001735,2022-01-20,2022-01-20,,2022-01-20,3.0
001740,2022-11-01,2022-11-01,,2022-11-01,3.1
001744,2022-01-28,2022-01-28,2,2022-01-28,4.1
001748,2019-07-03,2030-12-14,2,2030-12-14,27.3
001751,2021-06-28,2021-06-28,,2021-06-28,5.4
001754,2021-12-05,2021-12-05,,2021-12-05,3.3
001758,2023-03-09,2023-03-09,,2023-03-09,4.6
001762,2021-11-22,2021-11-22,,2021-11-22,4.7
001765,2021-09-10,2021-09-21,,2021-09-21,3.9
001768,2021-06-29,2020-12-30,2,2021-06-29,4.8
001772,2020-08-07,2020-08-07,,2020-08-07,5.3
001775,2021-04-02,2021-04-02,,2021-04-02,3.6
001780,2020-09-01,2020-09-01,2,2020-09-01,9.5
001783,2021-06-13,2021-06-13,,2021-06-13,2.1
001787,2020-12-NONE,NONE-12-20,,NONE-12-20,3.7
001790,2021-01-16,2021-01-16,,2021-01-16,2.9
001793,2021-11-07,2021-11-07,,2021-11-07,3.9
001796,2021-01-27,2021-01-27,,2021-01-27,4.2
001799,2021-10-14,2021-10-14,,2021-10-14,3.8
001802,2021-05-03,2021-08-05,,2021-08-05,3.7
001805,2020-11-09,2020-11-09,2,2020-02-10,8.2
001808,2020-08-13,2020-08-13,2,2020-08-13,4.3
001811,2023-10-22,2023-10-02,,2023-10-02,11.0
001814,2022-06-07,2022-06-07,,2022-06-07,4.7
001818,2022-01-18,2021-01-19,,2022-01-18,14.5
001821,2020-09-01,2020-09-01,,2020-09-01,7.9
001824,2021-09-07,2021-09-07,,2021-09-07,6.9
001828,2021-11-28,2021-11-28,,2021-11-28,5.7
001831,2020-12-NONE,2020-12-NONE,,2020-12-NONE,2.8
001834,2022-07-12,2022-07-12,,2022-07-12,5.9
001837,2021-10-02,2021-10-02,,2021-10-02,3.0
001840,2021-09-30,2021-09-30,,2021-09-30,2.8
001844,2021-11-23,2021-11-23,,2021-11-23,3.7
001847,2021-09-23,2021-09-23,,2021-09-23,3.2
001850,2021-12-16,2021-12-16,,2021-12-16,3.0
001853,2022-08-13,NONE,,NONE,11.2
001856,2023-10-28,2023-10-28,,2023-10-28,4.8
001860,2022-07-06,2030-10-05,,2030-10-05,12.5
001863,2023-08-04,2023-08-04,,2023-08-04,4.1
001866,2021-09-17,2021-09-17,,2021-09-17,2.6
001869,2021-09-26,2021-09-26,2,2021-09-26,4.2
001872,2022-10-14,2022-10-14,,2022-10-14,6.2
001876,2021-09-30,2021-09-30,d,2021-09-30,7.5
001879,2021-09-01,2021-09-01,,2021-09-01,9.8
001882,2021-06-20,2021-06-20,,2021-06-20,2.2
001885,2021-12-05,2021-12-05,2,2021-12-05,5.4
001888,2023-08-22,2023-08-22,,2023-08-22,2.5
001891,2022-05-22,2022-05-22,,2022-05-22,2.8
001895,2021-03-17,2021-03-17,,2021-03-17,3.5
001898,2021-05-29,2021-05-29,t,2021-05-29,2.8
001902,2021-10-28,2021-10-28,,2021-10-28,3.5
001905,2022-01-15,2022-01-15,,2022-01-15,4.0
001908,2021-08-16,2021-08-16,,2021-08-16,2.8
001911,2021-05-21,2021-05-21,,2021-05-21,5.2
001914,2021-09-14,2021-09-14,,2021-09-14,3.5
001917,2021-05-25,2021-05-25,,2021-05-25,2.0
001922,2022-06-14,2022-06-14,,2022-06-14,4.6
001926,2021-04-27,2021-04-27,,2021-04-27,2.8
001930,2022-01-01,2022-01-01,,2022-01-01,4.0
001933,2022-01-22,2022-01-22,,2022-01-22,3.4
001936,2021-12-21,2021-12-21,,2021-12-21,5.2
001939,2021-03-14,2021-03-14,,2021-03-14,3.9
001943,2023-09-29,2023-09-29,,2023-09-29,3.8
001947,2022-08-10,2020-08-10,2,2020-08-10,4.3
001950,2023-07-16,2023-07-16,,2023-07-16,8.6
001953,2021-10-NONE,2021-10-NONE,,2021-01-04,44.0
001956,2021-10-NONE,2021-10-NONE,,2021-10-NONE,6.2
001959,2020-11-13,2020-11-13,,2020-11-13,5.1
001963,2021-10-09,2021-10-09,2,2021-10-09,4.2
001967,2022-08-24,2022-08-24,,2022-08-24,4.2
001970,2021-06-18,2021-06-18,,2021-06-18,4.8
001973,2023-03-15,2023-03-15,,2023-03-15,3.7
001978,2020-11-04,2020-11-04,,2020-11-04,2.4
001984,2022-01-19,2022-01-19,,2022-01-19,4.9
001987,2021-12-28,NONE,,NONE,36.7
001990,2022-11-23,2022-11-23,,2022-11-23,4.4
001993,2021-10-29,2021-10-29,,2021-10-29,5.0
001996,2021-12-18,2021-12-18,,2021-12-18,2.7
001999,2021-04-24,2021-04-24,,2021-04-24,6.2
002002,2022-01-27,2022-01-27,b,2022-01-27,2.5
002005,2022-07-27,2022-07-27,,2022-07-27,2.5
002009,2021-12-02,2021-12-02,,2021-12-02,2.6
002014,2023-06-28,2023-06-28,,2023-06-28,6.0
002018,2021-10-23,2021-10-23,,2021-10-23,3.1
002023,2020-11-10,2020-11-10,,2020-11-10,3.1
002026,NONE,2020-01-03,,2020-01-03,5.7
002029,2020-11-22,2020-11-22,,2020-11-22,4.8
002035,2017-12-20,2017-12-20,,2017-12-20,2.9
002039,2021-12-03,2021-12-03,,2021-12-03,3.3
002043,2019-12-20,2019-12-20,,2019-12-20,2.4
002046,2021-12-10,2021-12-10,,2021-12-10,4.7
002049,2021-03-25,2021-03-25,,2021-03-25,6.2
002052,NONE-04-14,NONE,,NONE,20.9
002055,2021-12-NONE,NONE,,NONE,32.6
002059,2022-06-22,2022-06-22,,2022-06-22,5.7
002062,2023-02-NONE,2020-02-NONE,,2023-02-NONE,5.1
002065,2021-09-03,2021-09-03,,2021-09-03,4.8
002068,2022-11-09,2022-11-09,d,2022-11-09,3.5
002071,2022-03-24,2022-03-24,,2022-03-24,4.6
002074,2020-05-28,2020-05-28,,2020-05-28,3.4
002077,2020-10-21,2020-10-21,,2020-10-21,2.8
002080,2021-01-03,2021-01-03,,2021-01-03,3.2
002084,2020-11-06,2020-03-13,,2020-11-06,5.1
002088,2021-09-03,2021-09-03,,2021-09-03,3.5
002092,2021-09-21,2021-09-21,,2021-09-21,2.8
002095,2021-04-28,2021-04-28,,2021-04-28,3.5
002098,2021-05-25,2021-05-25,,2021-05-25,4.5
002102,2021-12-25,2021-02-11,,2021-12-19,1.8
002108,2020-09-01,2020-09-01,,2020-09-01,5.8
002113,2022-03-12,2022-03-12,,2022-03-12,3.3
002116,2020-07-05,2020-07-05,,2020-07-05,5.8
002119,2021-01-03,2021-01-03,,2021-01-03,6.5
002122,2021-10-09,2021-10-09,,2021-10-09,5.2
002125,2021-04-21,2021-04-24,,2021-04-24,6.6
002128,2021-08-12,2021-08-12,,2021-08-12,3.8
002131,2021-11-01,2021-11-01,,2021-11-01,3.4
002134,2022-11-02,2022-11-02,,2022-11-02,7.1
002137,2021-10-11,2021-10-11,,2021-10-11,7.1
002140,2021-05-05,2021-05-05,,2021-05-05,3.1
002144,2021-07-13,2021-07-13,,2021-07-13,4.3
002147,2022-07-26,2022-07-02,,2022-07-26,4.9
002150,2021-03-31,2021-03-31,,2021-03-31,4.1
002154,2021-05-21,2021-05-21,,2021-05-21,3.5
002157,2021-12-25,NONE,,NONE,15.8
002160,2021-04-08,2021-04-08,,2021-04-08,5.3
002163,2023-06-18,NONE,?,NONE,20.6
002166,2021-04-12,2021-04-12,,2021-04-12,2.5
002169,2020-01-15,2020-01-15,,2020-01-15,3.2
002173,NONE-07-01,NONE-07-01,,NONE-07-01,1.5
002176,2021-02-11,2021-02-11,,2021-02-11,2.6
002180,2022-01-19,2022-01-19,,2022-01-19,7.0
002184,2020-09-25,2020-09-25,,2020-09-25,3.6
002187,2020-06-10,2020-06-10,,2020-06-10,3.6
002190,2022-02-04,NONE,b,NONE,11.9
002193,2020-06-10,2020-06-10,,2020-06-10,2.0
002196,2021-10-28,2021-10-28,,2021-10-28,2.7
002199,2021-08-05,2021-08-05,,2021-08-05,2.1
002203,2021-01-08,2021-09-10,2,2021-09-10,5.1
002208,2022-05-31,2022-05-31,,2022-05-31,3.4
002212,2020-10-30,2020-10-30,,2020-10-30,13.5
002215,2020-10-06,2020-10-16,,2020-10-16,2.6
002218,2023-05-NONE,2023-05-NONE,,2023-05-NONE,3.2
002221,2022-06-03,2022-06-03,,2022-06-03,2.7
002224,2022-09-14,2022-09-14,,2022-09-14,3.4
002227,2023-03-03,2023-03-03,,2023-03-03,12.1
002230,2022-07-21,2022-07-21,,2022-07-21,2.8
002233,2023-01-21,2023-01-21,,2023-01-21,2.6
002236,2021-06-08,2021-06-08,,2021-06-08,6.2
002240,2021-05-26,2021-05-26,,2021-05-26,2.2
002244,2021-05-21,2021-05-21,2,2021-05-21,6.7
002247,2021-09-07,2021-09-07,,2021-09-07,3.1
002250,2021-05-09,2021-05-09,,2021-05-09,14.8
002253,2022-01-04,2022-01-04,,2022-01-04,2.8
002256,2021-04-30,2021-04-30,,2021-04-30,3.6
002261,2022-01-11,2022-01-11,,2022-01-11,2.6
002266,NONE-03-05,NONE-03-05,,NONE-03-05,2.6
002269,2021-03-16,2021-03-16,,2021-03-16,2.8
002272,2021-08-02,2021-08-02,,2021-08-02,4.0
002275,2023-12-22,2023-12-22,2,2023-12-22,1.8
002278,2023-07-NONE,2023-07-NONE,,2023-07-NONE,6.8
002286,2021-12-31,2021-12-31,,2021-12-31,4.2
002290,2021-09-10,2021-09-10,,2021-09-10,2.3
002293,2021-07-03,2021-07-03,,2021-07-03,9.1
002297,2022-06-06,2022-06-06,,2022-06-06,2.6
002300,2022-01-31,2022-01-31,,2022-01-31,2.9
002304,2022-07-31,2022-07-31,,2022-07-31,3.0
002307,2021-11-15,2020-02-02,,2020-02-02,13.7
002310,NONE-03-13,NONE-03-01,2,NONE-03-01,4.4
002315,2022-06-15,2022-06-15,,2022-06-15,9.7
002319,2020-10-29,2020-10-29,,2020-10-29,1.4
002322,NONE-04-15,NONE-04-15,,NONE-04-15,7.4
002325,2020-09-06,2020-09-06,,2020-09-06,1.5
002328,2021-10-20,2020-10-21,2,2020-10-21,1.4
002331,2021-12-16,2021-12-16,,2021-12-16,1.1
002336,2021-11-19,NONE-11-19,,2021-11-19,1.5
002340,2021-12-28,2021-12-28,,2021-12-28,4.1
002343,2022-04-09,2022-04-09,,2022-04-09,5.3
002346,NONE-02-12,NONE,,NONE,7.8
002352,2021-09-13,2021-09-13,,2021-09-13,2.2
002355,2021-02-12,2021-02-12,,2021-02-12,2.0
002358,2021-10-10,2021-10-10,,2021-10-10,2.5
002361,2019-12-10,2019-12-10,,2019-12-10,2.5
002364,2021-08-04,2021-08-04,,2021-08-04,2.9
002367,2020-10-01,2020-10-01,,2020-10-01,1.7
002370,2022-05-12,2022-05-12,,2022-05-12,2.0
002373,2021-12-27,2028-10-NONE,,2028-10-NONE,1.4
002376,2019-10-28,2019-10-28,,2019-10-28,2.9
002379,2022-10-20,2022-10-20,,2022-10-20,3.8
002383,2020-10-08,2020-10-08,,2020-10-08,5.1
002386,2019-08-18,2019-08-18,2,2019-08-18,3.4
002389,2021-08-04,2021-08-04,,2021-08-04,1.9
002392,2021-07-21,2021-07-21,,2021-07-21,3.9
002395,2023-11-11,2023-11-11,,2023-11-11,1.8
002398,2021-09-18,2021-09-18,,2021-09-18,2.0
002401,2022-11-04,2022-12-04,,2022-12-04,8.1
002404,2022-10-02,NONE,,NONE,8.4
002407,2022-03-08,2022-03-08,,2022-03-08,4.1
002410,2022-04-NONE,2022-04-NONE,,2022-04-NONE,1.4
002413,2022-07-20,2022-07-20,,2022-07-20,2.5
002417,2021-12-25,2021-12-25,,2021-12-25,1.3
002422,2023-02-07,2023-02-07,,2023-02-07,3.3
002425,2022-06-09,2022-06-09,,2022-06-09,2.1
002429,2022-07-03,2022-07-03,,2022-07-03,4.1
002432,NONE,2020-07-16,,2020-07-16,10.5
002437,2020-09-13,2020-09-13,,2020-09-13,4.5
002441,2021-08-03,2021-08-03,,2021-08-03,2.7
002445,2021-01-16,2021-01-16,,2021-01-16,2.6
002449,2021-06-09,2021-06-09,2,2021-06-09,2.8
002452,2021-12-22,NONE,,NONE,35.3
002455,2023-02-NONE,2023-02-NONE,,2023-02-NONE,4.3
002458,2022-04-NONE,2022-04-NONE,,2022-04-NONE,23.2
002461,2021-10-31,2021-10-31,,2021-10-31,3.3
002464,2022-05-NONE,2022-05-NONE,,2022-05-NONE,3.0
002467,2021-05-18,2021-05-18,2,2021-05-18,2.3
002472,2021-03-18,2021-03-18,2,2021-03-18,2.2
002475,2021-03-13,2021-03-13,,2021-03-13,3.9
002478,2023-03-15,2023-03-15,,2023-03-15,3.0
002481,2021-03-28,2021-03-28,,2021-03-28,4.5
002484,2021-05-05,NONE,,NONE,10.8
002487,NONE,2021-02-06,m,2021-02-06,4.0
002490,2021-04-18,2021-04-18,,2021-04-18,3.4
002493,2022-02-10,2022-02-10,2,2022-02-10,3.6
002496,2021-01-27,2021-01-27,,2021-01-27,2.5
002500,2021-08-21,2021-08-21,,2021-08-21,4.9
002503,2022-01-24,2022-01-24,,2022-01-24,1.9
002506,2021-08-08,2021-08-08,,2021-08-08,2.6
002509,2021-11-09,2021-11-09,,2021-11-09,1.8
002513,2021-11-04,2021-11-04,,2021-11-04,2.0
002516,2022-07-20,2022-07-20,,2022-07-20,2.0
002520,2023-10-02,2023-10-02,,2023-10-02,1.9
002523,2022-09-14,2022-09-14,,2022-09-14,2.2
002526,2023-02-15,2023-02-15,,2023-02-15,2.0
002530,2022-01-19,2022-01-19,,2022-01-19,3.9
002534,2021-12-04,2021-12-04,,2021-12-04,2.1
002537,2021-09-22,2021-09-22,,2021-09-22,10.1
002540,2021-12-19,2021-12-19,,2021-12-19,3.9
002543,2021-10-17,NONE-10-17,,NONE-10-17,4.8
002549,2021-04-02,2021-04-02,,2021-04-02,9.3
002552,2021-01-22,2021-01-22,,2021-01-22,9.3
002555,2021-11-18,2021-11-18,,2021-11-18,2.6
002558,2022-04-01,2022-04-01,,2022-04-01,1.9
002561,2022-10-21,NONE-10-21,,NONE-10-21,3.8
002564,2021-09-25,2021-09-25,,2021-09-25,3.8
002567,2021-10-15,2021-10-15,,2021-10-15,1.5
002570,2021-05-07,2021-05-07,2,2021-05-07,4.2
002574,2021-12-16,2021-12-16,,2021-12-16,2.5
002578,2024-01-14,2024-01-14,,2024-01-14,4.1
002581,2021-11-17,2021-01-17,,2021-01-17,3.8
002584,2023-11-04,2023-11-04,,2023-11-04,2.7
002588,2023-10-15,2023-10-15,2,2023-10-15,3.1
002594,2022-08-05,2022-08-05,,2022-08-05,2.9
002599,2021-12-NONE,2021-12-NONE,,2021-12-NONE,3.0
002602,2022-07-07,2022-07-07,,2022-07-07,5.0
002610,2021-07-11,2020-11-13,2,2020-11-13,2.7
002613,2023-04-NONE,2023-04-NONE,,2023-04-NONE,2.7
002618,2022-05-04,2022-05-04,,2022-05-04,9.6
002621,2023-12-21,2023-12-21,,2023-12-21,2.0
002624,2022-12-19,2022-12-19,b,2022-12-19,1.5
002627,2021-12-08,2021-12-08,,2021-12-08,1.7
002631,2022-01-20,2022-01-20,,2022-01-20,4.5
002634,2022-02-03,2022-02-03,,2022-02-03,4.7
002637,2022-11-01,2022-11-01,,2022-11-01,4.2
002640,2021-12-04,2021-12-04,,2021-12-04,3.0
002644,2022-11-NONE,NONE,,NONE,19.1
002648,2022-01-24,2022-01-24,,2022-01-24,2.3
002652,2021-08-18,2021-08-18,,2021-08-18,2.0
002657,2021-07-01,2021-07-01,,2021-07-01,4.4
002660,2022-06-11,2022-06-11,,2022-06-11,3.4
002663,2021-08-18,2021-08-18,2,2021-08-18,3.4
002668,2021-09-09,2021-09-09,,2021-09-09,2.2
002671,2021-04-05,2021-04-05,,2021-04-05,4.1
002675,2021-03-23,2021-03-23,,2021-03-23,2.7
002678,2021-08-04,2021-08-04,,2021-08-04,1.5
002681,2021-09-10,2021-09-10,,2021-09-10,4.6
002684,2021-12-03,2027-12-03,,2027-12-03,1.4
002687,NONE,2021-02-02,,2021-02-02,1.5
002690,NONE-03-11,NONE-03-11,,NONE-03-11,1.5
002694,2021-04-19,NONE,,NONE,13.0
002697,2021-06-06,2021-06-06,,2021-06-06,4.6
002701,2022-12-16,2022-12-16,,2022-12-16,5.2
002705,2021-12-07,2021-12-07,,2021-12-07,3.0
002708,2020-01-22,2021-08-06,,2021-08-06,2.3
002711,2022-01-11,2022-01-11,,2022-01-11,2.1
002714,2021-10-22,2021-12-12,?b,2021-12-12,2.4
002718,2022-02-23,2022-02-23,,2022-02-23,1.2
002721,2022-12-30,2022-12-30,,2022-12-30,3.6
002725,2021-10-28,2021-10-28,,2021-10-28,2.9
002728,2021-11-04,2021-11-04,,2021-11-04,4.1
002731,2021-04-18,2021-04-18,,2021-04-18,2.9
002734,2022-02-04,2022-02-04,,2022-02-04,2.4
002737,2021-06-12,NONE-12-06,,NONE-12-06,7.8
002741,2021-12-18,2021-12-18,,2021-12-18,2.1
002746,2022-01-08,2022-01-08,,2022-01-08,3.9
002749,2020-12-NONE,2020-12-17,,2020-12-17,2.5
002752,2022-01-NONE,2022-01-NONE,,2022-01-NONE,2.1
002755,2021-05-16,2022-12-01,,2022-12-01,7.4
002758,2022-09-10,2022-09-10,,2022-09-10,2.9
002761,2023-06-01,2023-06-01,2,2023-06-01,6.3
002765,2021-03-16,2021-02-03,,2021-03-16,2.9
002768,2021-12-01,2021-12-01,,2021-12-01,2.3
002771,2021-10-10,2021-10-11,,2021-10-11,14.9
002774,2021-10-08,2021-10-08,t,2021-10-08,3.3
002777,2021-09-15,NONE-09-15,,NONE-09-15,1.9
002780,2021-04-06,2021-04-06,,2021-04-06,3.6
002784,2021-04-18,NONE-11-01,,NONE-11-01,4.7
002787,2022-06-22,2020-06-23,2,2022-06-22,3.7
002791,2021-12-06,2021-12-06,,2021-12-06,2.4
002794,2022-10-05,2022-10-05,,2022-10-05,1.2
002797,2021-04-28,2021-04-29,,2021-04-29,2.7
002801,2021-09-29,2021-09-29,,2021-09-29,2.4
002806,2023-01-13,2023-01-13,,2023-01-13,7.5
002809,2023-01-20,2023-01-20,,2023-01-20,2.8
002812,2023-01-13,2023-01-13,,2023-01-13,3.5
002817,2022-01-04,2022-01-04,,2022-01-04,5.1
002820,2021-11-19,2021-11-19,,2021-11-19,3.8
002823,2021-10-07,2021-10-07,,2021-10-07,2.3
002828,2022-01-02,2022-01-02,,2022-01-02,3.0
002831,2022-05-21,NONE-05-21,,NONE-05-21,9.0
002835,2021-06-30,2021-06-30,,2021-06-30,1.4
002839,2021-05-24,2021-05-24,,2021-05-24,2.1
002843,2023-06-NONE,2023-06-NONE,,2023-06-NONE,2.0
002846,2020-03-09,2020-03-09,,2020-03-09,2.7
002849,2021-08-15,2021-08-15,,2021-08-15,3.9
002852,2021-08-02,2021-08-02,,2021-08-02,4.3
002855,2022-09-13,2022-09-13,,2022-09-13,3.4
002859,2022-06-15,2022-06-15,,2022-06-15,1.2
002862,2021-08-30,2021-08-30,,2021-08-30,3.8
002866,2022-02-28,2022-02-28,d,2028-02-02,8.0
002870,2021-02-25,2021-02-25,,2021-02-25,2.3
002874,2021-04-11,2021-04-11,,2021-04-11,3.0
002879,2021-06-21,2021-06-21,,2021-06-21,2.3
002882,2023-12-08,2023-12-08,,2023-12-08,1.9
002885,2022-07-20,2022-07-20,b,2022-07-20,4.0
002889,2021-07-15,2021-07-15,,2021-07-15,2.3
002892,2021-03-31,2021-03-31,,2021-03-31,2.5
002896,2021-07-20,2021-07-20,,2021-07-20,1.4
002899,2021-11-09,2021-11-09,,2021-11-09,1.8
002902,2020-07-22,2020-07-22,,2020-07-22,2.2
002905,2021-05-19,2021-05-19,,2021-05-19,1.9
002908,2021-10-30,2021-10-30,,2021-10-30,3.0
002911,2021-06-30,2021-06-30,,2021-06-30,3.6
002914,2020-11-18,2020-11-18,,2020-11-18,3.3
002918,2021-04-30,2030-04-02,,2030-04-02,2.7
002921,2021-09-12,2021-09-12,,2021-09-12,1.5
002925,2021-11-06,2021-11-06,,2021-11-06,4.0
002932,2022-02-01,2022-02-01,,2022-02-01,4.8
002935,2022-02-02,2022-02-02,,2022-02-02,5.8
002938,2021-10-NONE,2021-10-NONE,,2021-10-NONE,3.0
002941,2021-07-05,2021-07-05,,2021-07-05,14.4
002944,2020-06-23,2020-06-23,,2020-06-23,1.5
002948,2021-08-12,2021-08-12,,2021-08-12,1.8
002951,2021-04-30,2021-04-30,,2021-04-30,2.3
002956,NONE,2021-01-02,m,2021-01-02,3.4
002959,2022-07-27,2022-07-27,,2022-07-27,1.8
002962,NONE,2020-03-13,,2020-03-13,2.9
002966,2021-09-03,2021-09-03,,2021-09-03,4.4
002969,2021-07-07,2021-07-07,,2021-07-07,2.1
002973,2022-03-20,2022-03-20,,2022-03-20,1.7
002976,2020-05-12,2020-05-12,,2020-05-12,1.4
002979,2020-07-20,2020-07-20,,2020-07-20,4.8
002982,2021-09-14,2021-09-14,,2021-09-14,1.7
002985,2021-05-01,2021-05-01,,2021-05-01,2.3
002988,2021-07-20,2021-07-20,,2021-07-20,6.6
002992,2021-02-21,2021-02-21,,2021-02-21,3.7
002995,2022-07-13,2022-07-13,,2022-07-13,2.6
002999,2021-10-07,2021-10-07,,2021-10-07,1.7
003002,2022-06-18,2022-06-18,,2022-06-18,2.5
003005,2023-05-NONE,2023-05-NONE,,2023-05-NONE,10.0
003008,2021-10-05,2021-10-05,,2021-10-05,3.7
003012,2024-01-29,2024-01-29,,2024-01-29,2.7
003015,2022-07-01,2022-07-NONE,,2022-07-NONE,2.9
003018,2023-01-04,2023-01-04,,2023-01-04,1.2
003022,2021-11-01,2021-11-01,,2021-11-01,1.8
003026,2021-04-10,NONE,,2021-04-10,26.9
003029,2021-11-02,2021-11-02,,2021-11-02,3.1
003032,2021-04-12,2021-04-12,,2021-04-12,7.3
003036,2022-08-28,2022-03-28,,2022-03-28,2.7
003039,2021-03-01,2021-03-01,,2021-03-01,2.0
003043,2020-07-13,2020-07-13,,2020-07-13,5.9
003046,2021-10-20,2021-10-20,,2021-10-20,2.9
003049,2021-02-16,2021-02-16,,2021-02-16,1.3
003053,2021-10-28,2021-10-28,,2021-10-28,6.0
003056,2021-03-06,2021-03-06,,2021-03-06,3.7
003059,2021-10-04,2021-10-04,,2021-10-04,1.8
003063,2021-10-18,2021-10-18,,2021-10-18,2.8
003066,2021-11-12,2021-01-11,,2021-11-12,2.9
003069,2020-08-09,2020-08-09,2,2020-08-09,2.5
003074,2021-08-25,2021-08-25,,2021-08-25,2.6
003077,2021-12-13,2021-12-13,,2021-12-13,2.0
003081,2021-12-02,2021-12-02,2,2021-12-02,3.3
003084,2021-12-02,2021-12-02,,2021-12-02,2.1
003087,2021-06-30,2021-06-30,,2021-06-30,1.7
003091,2021-09-17,2021-09-17,,2021-09-17,5.5
003094,2023-01-03,2023-01-03,,2023-01-03,2.6
003097,2021-04-12,2021-04-12,,2021-04-12,1.7
003100,2022-11-21,2022-11-21,,2022-11-21,4.8
003103,2022-03-29,2022-03-29,,2022-03-29,2.4
003106,2021-01-11,2021-01-11,,2021-01-11,1.7
003109,2022-07-16,2022-07-16,,2022-07-16,4.1
003112,2021-03-28,2021-03-28,,2021-03-28,1.4
003115,2021-09-25,2022-09-05,2,2022-09-05,1.7
003119,2021-07-10,2021-07-10,,2021-07-10,6.5
003122,2021-09-15,2021-05-15,,2021-09-15,5.7
003126,2021-02-16,2021-02-16,,2021-02-16,1.5
003129,2022-08-25,2022-08-25,,2022-08-25,2.1
003132,2021-05-22,2021-05-22,,2021-05-22,1.5
003135,2021-10-14,2021-10-14,,2021-10-14,3.3
003139,2022-01-09,2022-01-09,,2022-01-09,2.6
003142,2021-12-11,2021-12-11,2,2021-12-11,3.1
003145,2022-01-11,2022-01-11,,2022-01-11,1.9
003148,2022-01-14,2022-01-14,,2022-01-14,2.4
003152,2021-06-30,2021-06-30,,2021-06-30,3.2
003155,2021-07-11,2021-07-11,,2021-07-11,1.6
003158,2021-04-25,2021-04-25,,2021-04-25,1.9
003161,2021-10-NONE,NONE,,NONE,16.2
003164,2021-02-09,2021-02-09,,2021-02-09,1.8
003167,2021-10-10,2021-10-10,,2021-10-10,1.2
003170,2021-04-20,2020-04-21,d,2020-04-21,4.7
003175,2021-03-18,2021-03-18,,2021-03-18,2.6
003178,2021-03-25,2021-03-25,,2021-03-25,3.4
003181,2021-06-14,2021-06-14,,2021-06-14,3.1
003185,2021-06-28,2020-06-28,,2020-06-28,1.3
003188,2022-01-17,2022-01-17,,2022-01-17,2.0
003192,2021-11-19,2021-11-19,2,2021-11-19,3.1
003195,2021-12-13,2021-12-13,,2021-12-13,1.7
003199,2025-10-12,2025-10-12,,2025-10-12,2.6
003202,2021-10-NONE,2021-10-NONE,,2021-10-NONE,1.4
003206,2021-04-13,2021-04-13,,2021-04-13,1.8
003209,2022-12-02,NONE-12-02,,2022-12-02,13.8
003212,2022-08-25,2022-08-25,,2022-08-25,4.4
003215,2022-10-13,2022-10-13,,2022-10-13,2.7
003218,2021-03-16,2021-03-16,,2021-03-16,4.0
003221,2021-03-08,2021-03-05,2,2021-03-05,2.9
003224,2021-08-21,2021-09-01,,2021-09-01,2.7
003228,2022-04-26,2022-04-24,2,2022-04-24,1.6
003231,2021-04-04,2021-04-04,,2021-04-04,1.6
003235,2022-11-NONE,2022-11-NONE,,2022-11-NONE,2.4
003239,2021-11-06,2021-11-06,2,2021-11-06,4.1
003242,2022-01-28,2025-01-22,2,2025-01-22,3.2
003245,2021-09-20,2020-09-20,2,2020-09-20,4.1
003250,2023-02-01,2023-02-01,,2023-02-01,2.6
003253,2020-10-20,2020-10-20,,2020-10-20,2.7
003257,2022-04-01,2022-04-01,,2022-04-01,2.6
003260,2022-07-29,2022-07-29,,2022-07-29,1.9
003263,2021-05-27,2021-05-27,,2021-05-27,2.8
003267,2022-05-05,2022-05-05,,2022-05-05,7.1
003270,2021-10-31,2021-10-31,,2021-10-31,2.2
003273,2021-05-03,2021-05-03,,2021-05-03,10.0
003276,NONE-04-10,NONE-04-10,,NONE-04-10,2.0
003279,2023-10-02,2023-10-02,,2023-10-02,1.5
003282,2022-12-21,2022-12-21,,2022-12-21,1.9
003286,2021-08-06,2021-08-06,2,2021-08-06,3.3
003289,2022-01-31,2022-08-10,2,2022-08-10,4.1
003294,2021-07-26,NONE,,NONE,17.4
003298,2021-10-21,2021-10-21,,2021-10-21,1.7
003301,2023-04-21,2023-04-21,,2023-04-21,1.4
003306,2020-09-01,2020-09-01,,2020-09-01,5.8
003312,2021-03-11,2021-03-NONE,2,2021-03-NONE,3.7
003317,2022-02-07,NONE,,NONE,7.6
003322,2021-09-01,2021-01-09,,2021-01-09,2.4
003326,2024-06-05,NONE,,NONE,26.3
003329,2021-12-26,2021-12-26,,2021-12-26,1.5
003332,2021-04-29,2021-04-29,,2021-04-29,2.9
003336,2021-07-02,2021-07-02,,2021-07-02,1.9
003339,2022-01-24,2022-01-24,,2022-01-24,3.2
003342,2023-12-30,2023-12-30,,2023-12-30,1.3
003347,2027-09-01,2025-09-01,2d,2025-09-01,2.0
003350,2025-12-10,2022-10-10,2,2022-10-10,12.5
