image_id,label,base,tags,all4,sec
000004,2022-02-14,2027-02-14,b,2027-02-14,16.3
000012,2026-03-23,2026-03-23,,2026-03-23,1.5
000016,2026-01-22,2026-01-22,,2026-01-22,3.2
000021,2025-10-10,2025-10-10,,2025-10-10,3.7
000024,2025-10-11,NONE,,NONE,21.4
000028,2026-02-10,2026-02-10,,2026-02-10,3.9
000032,2026-03-22,2026-03-21,,2026-03-21,1.8
000035,2026-08-17,2026-08-17,,2026-08-17,2.1
000039,2026-05-26,2026-05-26,,2026-05-26,2.3
000042,2025-10-12,2025-10-02,,2025-10-02,1.8
000046,2025-10-10,2025-10-10,,2025-10-10,1.9
000049,2026-03-01,2026-03-01,,2026-03-01,2.6
000052,2025-11-19,2025-11-19,,2025-11-19,1.9
000056,2026-07-11,2026-12-07,2,2026-07-11,5.6
000060,2026-04-30,2026-04-30,,2026-04-30,1.8
000065,2026-01-12,2026-01-12,,2026-01-12,2.0
000068,2026-06-17,2026-06-17,,2026-06-17,7.2
000074,2026-08-28,2026-08-28,,2026-08-28,1.7
000077,2026-03-07,2026-03-07,,2026-03-07,1.3
000080,2026-09-16,2026-09-16,2,2026-09-16,2.9
000084,2026-03-31,2026-03-31,2,2026-03-31,2.4
000093,2026-04-23,2026-04-23,,2026-04-23,1.3
000098,2026-03-11,2026-03-11,,2026-03-11,2.5
000102,2025-11-13,2025-11-13,,2025-11-13,1.5
000107,2025-12-25,2025-12-25,,2025-12-25,2.3
000111,2025-10-25,2025-10-25,,2025-10-25,5.2
000114,2026-02-28,2026-02-28,,2026-02-28,4.5
000117,2025-11-28,2025-11-28,,2025-11-28,2.1
000120,2026-08-25,2026-08-25,,2026-08-25,1.8
000126,2026-06-12,2026-06-12,,2026-06-12,2.4
000129,2026-01-09,2026-01-09,,2026-01-09,1.8
000132,2026-08-21,2026-08-21,,2026-08-21,2.1
000136,2025-12-02,2025-12-02,,2025-12-02,2.4
000139,2026-07-26,2026-07-26,,2026-07-26,2.1
000143,2027-03-06,2027-03-06,,2027-03-06,3.7
000147,2026-03-21,2026-03-21,,2026-03-21,2.3
000150,2026-08-12,2026-08-12,,2026-08-12,2.4
000155,2026-06-22,2026-06-22,,2026-06-22,1.1
000159,2027-01-08,2027-01-01,,2027-01-01,6.3
000162,2027-06-12,2027-06-12,,2027-06-12,2.5
000165,2027-01-13,2027-01-13,,2027-01-13,1.7
000169,2026-03-18,2026-03-18,,2026-03-18,1.7
000172,2026-06-10,2026-06-10,2,2026-06-10,2.1
000175,2026-06-28,2026-06-28,2,2026-06-28,2.9
000178,2026-06-25,2026-06-25,,2026-06-25,1.5
000181,2026-09-08,2026-09-08,2,2026-09-08,1.8
000185,2028-03-15,2028-03-15,,2028-03-15,3.5
000189,2026-08-25,2026-08-25,,2026-08-25,3.2
000192,2026-06-24,2024-06-01,,2024-06-01,2.6
000196,2027-02-27,2027-02-27,,2027-02-27,2.0
000201,2027-03-30,2027-03-30,,2027-03-30,3.3
000204,2026-06-18,2026-06-18,,2026-06-18,3.2
000208,2026-04-13,NONE,,2026-04-13,2.3
000213,2026-03-20,2026-03-20,,2026-03-20,1.7
000218,2026-05-03,2026-05-03,,2026-05-03,2.3
000221,2026-07-15,2026-07-15,,2026-07-15,2.1
000225,2026-04-06,2026-04-06,,2026-04-06,3.7
000228,2025-10-20,2025-10-20,,2025-10-20,1.8
000232,2027-11-26,NONE,e,NONE,20.0
000236,2026-04-08,2026-04-08,,2026-04-08,3.0
000239,2026-07-10,2026-07-10,,2026-07-10,4.2
000242,2026-05-21,2025-09-22,2,2025-09-22,5.0
000245,2026-02-24,2026-02-24,2,2026-02-24,3.1
000249,2026-02-16,2026-02-16,,2026-02-16,3.6
000252,2026-07-09,2026-07-09,,2026-07-09,1.6
000256,2027-01-02,2027-01-02,,2027-01-02,2.0
000259,2025-11-09,2025-11-09,,2025-11-09,2.8
000262,2027-01-10,2027-01-10,b,2027-01-10,3.9
000265,2026-11-26,2026-11-26,,2026-11-26,1.6
000269,2026-05-15,2026-05-15,,2026-05-15,4.1
000272,2026-05-10,2026-05-10,,2026-05-10,1.7
000280,2026-03-23,2026-03-23,,2026-03-23,1.4
000283,2027-09-17,2027-09-17,,2027-09-17,2.0
000286,2027-03-11,2027-03-11,,2027-03-11,15.2
000289,2030-07-23,2030-07-23,,2030-07-23,2.0
000292,2026-02-13,2026-02-13,,2026-02-13,1.0
000296,2026-07-28,2026-07-28,,2026-07-28,1.8
000301,2027-04-09,2027-04-09,,2027-04-09,1.5
000304,2026-06-01,2026-06-01,,2026-06-01,1.8
000307,2025-11-14,2025-11-14,,2025-11-14,2.3
000312,2026-08-26,2026-08-26,,2026-08-26,2.0
000316,2027-03-01,2027-03-01,,2027-03-01,1.5
000320,2025-11-12,2025-11-12,2,2025-11-12,3.0
000324,2027-05-15,2027-05-15,,2027-05-15,4.1
000328,2025-12-25,2025-12-25,,2025-12-25,3.7
000331,2025-10-31,2025-10-31,,2025-10-31,1.7
000334,2026-03-15,2026-03-15,,2026-03-15,1.6
000337,2025-12-09,2025-12-09,,2025-12-09,1.8
000341,2026-04-29,2026-04-29,,2026-04-29,1.6
000345,2026-04-09,2026-04-09,,2026-04-09,2.8
000348,2026-04-02,2026-04-02,,2026-04-02,3.6
000352,2026-08-27,2026-08-27,,2026-08-27,2.9
000355,2028-06-17,2028-05-17,,2028-06-17,3.9
000359,2026-06-16,2026-06-16,,2026-06-16,4.6
000363,2026-04-21,2026-04-21,,2026-04-21,2.5
000366,2026-09-05,2026-09-05,,2026-09-05,3.0
000369,2027-06-25,2027-06-25,,2027-06-25,1.7
000372,2026-09-15,2026-09-15,,2026-09-15,2.0
000375,2026-05-31,2026-05-31,,2026-05-31,4.0
000378,2026-05-29,2026-05-29,2,2026-05-29,3.8
000381,2027-01-20,2027-01-20,,2027-01-20,2.9
000384,2026-09-08,2026-07-08,2,2026-07-08,2.3
000387,2027-01-21,2027-01-21,,2027-01-21,3.3
000392,2026-08-28,2026-08-28,2,2026-08-28,3.5
000396,2026-02-27,2026-02-27,,2026-02-27,2.3
000399,2027-01-31,2027-01-31,,2027-01-31,2.1
000403,2027-04-01,2027-04-01,,2027-04-01,6.9
000406,2026-08-27,NONE,2,NONE,19.6
000410,2027-04-13,2027-04-13,,2027-04-13,1.5
000414,2026-04-07,2026-04-07,,2026-04-07,1.1
000418,2026-09-08,2026-09-08,,2026-09-08,5.7
000421,2026-07-17,2026-07-17,,2026-07-17,1.5
000424,2026-03-28,2026-03-28,,2026-03-28,5.7
000427,2027-04-01,2027-04-01,,2027-04-01,1.5
000431,2026-03-17,2026-03-17,,2026-03-17,2.9
000435,2026-07-14,2026-07-14,,2026-07-14,2.0
000438,2026-02-19,NONE,t,NONE,18.3
000442,2025-11-30,2025-11-30,,2025-11-30,2.1
000445,2026-07-17,2026-07-17,,2026-07-17,13.4
000449,2026-01-28,2026-01-28,,2026-01-28,5.2
000452,2026-03-25,2025-09-NONE,2,NONE,21.6
000455,2026-02-10,2026-02-10,2,2026-02-10,1.7
000461,2026-11-28,2026-11-28,,2026-11-28,1.8
000465,2027-07-30,2027-07-30,t,2027-07-30,2.0
000468,2026-04-06,NONE,?,NONE,17.9
000471,2027-01-08,2027-01-08,,2027-01-08,3.9
000476,2026-07-06,2026-07-06,,2026-07-06,1.5
000479,2026-05-22,2026-05-22,,2026-05-22,2.2
000482,2026-11-14,2025-01-02,b,2025-01-02,10.4
000485,2027-09-17,NONE,,NONE,18.7
000490,2025-11-27,2025-11-27,,2025-11-27,1.6
000495,2026-02-19,2026-02-01,2,2026-02-01,38.7
000498,2026-03-07,2026-03-07,,2026-03-07,1.7
000502,2026-06-20,2026-06-20,,2026-06-20,5.7
000505,2026-03-02,NONE,,NONE,41.1
000510,2026-09-03,2026-09-03,,2026-09-03,6.1
000513,2026-09-03,2026-09-03,,2026-09-03,1.7
000517,2026-09-25,2026-09-25,,2026-09-25,2.7
000520,2026-09-15,2026-09-15,,2026-09-15,2.9
000523,2026-03-23,2026-03-23,2,2026-03-23,1.6
000527,2025-10-12,NONE,,NONE,23.1
000531,2026-02-28,2026-02-28,,2026-02-28,1.5
000534,2027-01-29,2027-01-29,,2027-01-29,8.5
000538,2026-02-06,2026-02-06,,2026-02-06,4.1
000541,2026-03-22,2026-03-22,,2026-03-22,1.7
000545,2027-07-09,2027-07-09,,2027-07-09,3.0
000548,2026-05-26,2026-05-26,,2026-05-26,2.7
000551,2026-12-19,2026-12-19,,2026-12-19,3.4
000554,2027-09-17,2027-09-17,,2027-09-17,1.5
000557,2026-08-12,2026-08-12,,2026-08-12,2.7
000560,2027-07-13,2027-07-13,,2027-07-13,3.8
000563,2026-01-10,NONE,,NONE,21.6
000566,2026-09-17,2026-09-17,,2026-09-17,1.9
000569,2025-11-02,2025-11-02,,2025-11-02,1.8
000572,NONE-10-15,NONE-10-15,,NONE-10-15,13.3
000575,NONE-10-14,NONE,,NONE,19.6
000578,2026-03-04,2026-03-04,,2026-03-04,2.0
000582,2025-11-21,2025-01-21,,2025-01-21,4.6
000585,2026-05-16,2020-02-02,,2020-02-02,6.5
000588,2025-11-28,2025-11-28,,2025-11-28,2.1
000591,2026-07-27,2026-07-27,,2026-07-27,1.5
000594,2026-08-25,2025-08-26,2,2026-08-25,2.3
000597,2026-09-02,2026-09-02,2,2026-09-02,2.6
000600,2026-08-31,2025-09-01,,2026-08-31,1.7
000603,2026-09-24,NONE,,NONE,21.4
000606,2026-10-01,2026-10-01,,2026-10-01,6.6
000609,2027-06-11,2027-06-11,,2027-06-11,1.3
000612,2026-05-07,2026-05-07,,2026-05-07,1.1
000616,2026-09-10,2026-09-10,,2026-09-10,1.0
000621,2026-08-25,2026-08-25,,2026-08-25,1.2
000624,2027-06-15,2027-06-15,2,2027-06-15,1.8
000627,2026-10-06,NONE,2,NONE,22.8
000632,2025-12-28,2025-12-28,,2025-12-28,1.6
000636,2026-03-09,2026-03-09,,2026-03-09,1.3
000641,2026-09-02,2026-09-02,,2026-09-02,2.3
000648,2028-08-25,NONE,,NONE,24.3
000651,2026-06-25,2026-06-25,,2026-06-25,1.6
000654,2028-07-02,2028-07-02,,2028-07-02,1.9
000657,2026-07-27,2026-07-27,,2026-07-27,1.1
000660,2026-02-28,2026-02-28,,2026-02-28,3.2
000664,2026-02-20,2026-02-20,,2026-02-20,2.1
000669,2026-09-02,2026-09-02,2,2026-09-02,1.8
000672,2026-02-08,2026-02-08,,2026-02-08,2.3
000676,2026-06-10,2026-06-10,,2026-06-10,1.0
000679,2027-09-17,2027-09-17,,2027-09-17,3.1
000683,2026-03-11,2026-03-11,,2026-03-11,1.2
000686,2026-10-12,2025-10-12,2,2025-10-12,2.8
000691,2026-09-22,2026-09-22,2,2026-09-22,2.5
000694,2026-09-01,2026-09-01,,2026-09-01,1.3
000700,2025-10-24,2025-10-24,,2025-10-24,1.3
000705,2026-06-29,2026-06-29,,2026-06-29,1.4
000709,2025-10-14,2025-10-14,,2025-10-14,1.6
000714,2026-03-12,2026-03-12,d,2026-03-12,1.4
000717,2025-10-12,2025-10-12,,2025-10-12,5.4
000720,2026-02-28,2026-02-28,,2026-02-28,1.3
000723,2026-05-10,NONE,,NONE,13.0
000726,2026-09-16,2026-09-16,,2026-09-16,1.9
000730,2026-02-26,2026-02-26,,2026-02-26,1.4
000733,2026-03-24,2026-03-NONE,,2026-03-NONE,2.2
000737,2026-03-04,2026-03-04,,2026-03-04,1.8
000742,2026-05-01,2026-05-01,,2026-05-01,2.1
000745,2026-01-10,2026-01-10,,2026-01-10,2.3
000748,2027-01-22,2027-01-22,,2027-01-22,1.9
000754,2026-05-24,2026-05-24,,2026-05-24,2.5
000758,2026-03-11,2026-03-11,,2026-03-11,1.8
000761,NONE-11-11,NONE-11-11,,NONE-11-11,1.9
000764,2026-03-12,NONE,,NONE,17.2
000767,2026-03-12,2026-03-NONE,b,2026-03-NONE,8.1
000770,2030-04-NONE,NONE,,NONE,15.0
000773,NONE-12-10,NONE-12-10,2,NONE-12-10,4.4
000776,2026-01-09,2026-01-09,,2026-01-09,1.2
000779,2026-06-03,2026-06-03,,2026-06-03,3.8
000783,2025-12-21,2025-12-21,,2025-12-21,1.7
000789,NONE-12-19,NONE-12-19,,NONE-12-19,1.8
000794,2026-10-27,2026-10-27,,2026-10-27,1.3
000798,NONE-12-20,2024-02-24,,2024-02-24,1.4
000802,2026-07-03,2026-07-03,,2026-07-03,3.9
000807,2026-05-29,2026-05-29,,2026-05-29,1.3
000810,2026-03-31,2026-03-31,,2026-03-31,1.5
000815,2026-06-22,2026-06-22,,2026-06-22,1.5
000819,2026-05-18,2026-05-18,,2026-05-18,3.5
000824,NONE-12-18,NONE-12-18,2,NONE-12-18,4.0
000828,NONE-12-21,NONE-12-21,,NONE-12-21,2.2
000831,2026-07-16,2026-07-16,2,2026-07-16,4.2
000835,2026-02-02,2026-02-02,,2026-02-02,1.8
000842,2026-07-03,2026-07-03,,2026-07-03,3.6
000847,2026-05-28,2026-05-28,,2026-05-28,2.1
000851,2026-06-30,2026-06-30,,2026-06-30,1.7
000855,2026-08-25,2026-08-25,2,2026-08-25,1.5
000858,2021-10-28,2021-10-28,,2021-10-28,3.4
000861,2022-07-23,2022-07-23,,2022-07-23,2.2
000866,2021-09-25,2021-09-25,,2021-09-25,1.3
000870,2021-10-15,2021-10-15,,2021-10-15,2.5
000874,2021-03-22,2021-03-22,,2021-03-22,19.1
000877,2023-04-03,NONE,d,NONE,18.7
000880,2021-05-11,2020-07-15,2,2021-05-11,3.7
000883,2021-07-03,2021-01-04,,2021-01-04,1.7
000886,2021-07-09,2020-01-10,,2020-01-10,1.9
000889,2021-05-27,2021-05-27,,2021-05-27,2.2
000892,2022-02-07,2022-02-07,,2022-02-07,2.0
000895,2021-06-02,2021-06-02,,2021-06-02,1.5
000899,2022-09-02,2022-09-02,,2022-09-02,7.2
000903,2021-08-31,2021-08-31,,2021-08-31,2.5
000906,2022-01-NONE,2022-10-15,,2022-10-15,2.2
000910,2021-09-20,2021-09-20,,2021-09-20,1.8
000913,2021-10-19,2021-10-19,,2021-10-19,2.6
000916,2022-06-06,NONE,,NONE,31.7
000920,2022-03-11,2022-03-11,,2022-03-11,3.1
000924,NONE-02-02,2018-02-02,,2018-02-02,2.0
000927,2021-08-23,2021-01-08,,2021-08-23,2.6
000930,2021-07-29,2021-07-29,,2021-07-29,1.6
000933,2021-05-26,NONE,,NONE,7.3
000937,2022-06-11,2022-06-11,,2022-06-11,1.6
000941,2021-07-02,2021-07-02,,2021-07-02,1.6
000946,2021-09-30,2021-09-30,,2021-09-30,1.1
000949,2021-10-24,2021-10-24,2,2021-07-20,7.6
000952,2021-04-05,2021-04-05,,2021-04-05,1.9
000955,2022-01-25,2022-01-03,,2022-01-03,1.6
000959,2022-07-19,2022-07-19,,2022-07-19,6.1
000963,2023-11-14,2023-11-14,,2023-11-14,2.7
000966,2021-08-10,2021-08-10,,2021-08-10,2.8
000969,2022-06-30,2022-06-30,,2022-06-30,3.8
000973,2022-12-02,NONE,,NONE,17.0
000977,2021-11-03,2020-11-03,,2020-11-03,4.9
000981,2021-08-08,2021-08-08,,2021-08-08,2.1
000984,2021-08-20,2021-08-20,,2021-08-20,3.8
000989,2020-07-21,NONE,,NONE,28.7
000992,2021-03-04,2021-03-04,,2021-03-04,7.2
000995,NONE-02-18,NONE,,NONE,8.2
000998,2021-11-11,2021-11-11,2,2021-11-11,3.4
001002,2022-08-24,2022-08-NONE,b,2022-08-NONE,6.5
001006,2022-06-29,2022-06-NONE,2,2022-06-NONE,2.3
001010,2021-08-09,2021-08-09,,2021-08-09,2.6
001014,2022-01-11,2022-01-11,,2022-01-11,3.0
001017,2021-02-21,2021-02-21,b,2021-02-21,7.9
001020,2020-02-27,2020-02-27,,2020-02-27,3.1
001024,2021-07-13,2021-07-13,,2021-07-13,2.1
001027,2020-09-08,2020-09-08,,2020-09-08,1.7
001031,2022-10-NONE,2022-10-01,,2022-10-01,4.1
001035,2021-10-07,2020-07-07,2,2020-07-07,14.2
001038,2021-12-28,2021-12-28,,2021-12-28,1.5
001041,2022-04-15,2022-04-15,,2022-04-15,1.8
001044,2021-04-30,2021-04-30,,2021-04-30,1.4
001047,2021-05-12,2021-05-12,,2021-05-12,1.3
001051,2022-12-20,2022-12-20,,2022-12-20,3.5
001054,2022-09-01,2022-09-01,,2022-09-01,4.6
001058,2021-10-14,2021-10-14,,2021-10-14,1.7
001063,2022-01-04,2022-01-04,2,2022-01-04,2.5
001066,2022-05-04,2022-05-04,,2022-05-04,5.2
001069,2021-03-15,2021-03-10,,2021-03-10,2.0
001073,2023-09-18,2023-09-18,,2023-09-18,3.2
001076,2021-07-31,2031-07-21,,2031-07-21,2.4
001080,2021-10-13,2021-10-13,,2021-10-13,4.3
001083,2021-07-09,2021-07-09,,2021-07-09,2.5
001086,2023-10-09,2023-10-09,,2023-10-09,2.1
001089,2023-08-05,2023-08-05,,2023-08-05,3.4
001093,2021-05-25,2021-05-25,,2021-05-25,3.4
001096,2021-06-11,2021-11-06,2,2021-06-11,3.9
001100,2021-03-14,2021-03-14,2,2021-03-14,3.0
001103,2021-03-14,NONE-03-14,,2021-03-14,6.7
001106,2021-03-27,2021-03-27,,2021-03-27,1.9
001109,2021-03-22,2021-03-22,,2021-03-22,1.9
001112,2022-07-12,2022-07-12,,2022-07-12,1.7
001115,2022-01-12,2022-01-12,,2022-01-12,1.7
001119,2021-12-26,2021-12-16,,2021-12-16,1.4
001122,2023-01-10,2023-01-10,,2023-01-10,3.9
001125,2021-12-28,2021-12-21,2,2021-12-21,1.3
001128,2021-06-10,2021-12-10,2,2021-12-10,3.8
001131,NONE-02-12,NONE-02-12,,NONE-02-12,4.3
001134,2021-03-03,2021-03-03,,2021-03-03,2.8
001137,2021-07-17,2021-07-17,,2021-07-17,2.6
001140,2021-02-28,2021-02-28,,2021-02-28,2.2
001144,2021-05-25,2021-05-25,,2021-05-25,2.2
001147,2021-12-13,2021-12-13,2,2021-12-13,4.1
001150,2021-09-18,2021-09-18,,2021-09-18,2.6
001154,2021-09-21,2021-09-21,,2021-09-21,17.3
001157,2021-02-07,2021-02-07,,2021-02-07,2.6
001160,2021-04-23,2021-04-23,,2021-04-23,1.6
001163,2021-12-06,2021-12-06,,2021-12-06,1.9
001167,2022-01-20,2022-08-02,,2022-08-02,19.5
001171,2022-01-18,2022-01-18,,2022-01-18,1.9
001174,2021-03-14,2021-03-14,,2021-03-14,2.8
001177,2021-12-01,NONE,,NONE,15.4
001181,2022-04-14,2022-04-14,,2022-04-14,2.8
001184,2021-10-08,2021-10-08,,2021-10-08,1.6
001189,2019-06-28,2019-06-28,2,2019-06-28,3.1
001192,2020-12-08,2020-12-08,d,2020-12-08,11.9
001196,2021-10-18,2021-10-18,,2021-10-18,4.4
001199,2021-10-20,2021-10-20,2,2021-10-20,2.7
001203,2023-02-28,2023-02-28,,2023-02-28,2.5
001206,2021-05-NONE,NONE-05-21,,NONE-05-21,2.6
001209,2021-08-03,2021-08-03,,2021-08-03,1.2
001212,2021-07-03,2021-07-03,,2021-07-03,2.7
001215,2021-06-13,2021-06-13,,2021-06-13,8.2
001219,2021-01-14,2021-01-14,,2021-01-14,1.2
001222,2021-11-10,2021-11-10,,2021-11-10,3.2
001225,2022-06-27,2022-06-27,2,2022-06-27,8.3
001228,2022-01-11,2021-01-12,2,2021-01-12,3.6
001231,2021-05-05,2021-05-05,,2021-05-05,1.9
001234,2021-03-09,2021-03-09,,2021-03-09,1.9
001239,2020-12-19,2020-12-19,,2020-12-19,2.1
001243,2023-12-31,2023-12-31,,2023-12-31,1.4
001246,2022-01-19,2022-01-19,2,2022-01-19,5.9
001249,2021-07-15,2021-07-15,,2021-07-15,8.2
001252,2021-08-19,2021-08-19,,2021-08-19,2.1
001255,2019-09-13,2019-09-13,,2019-09-13,1.5
001258,2022-03-15,2022-03-15,,2022-03-15,10.8
001262,2021-03-25,NONE,,NONE,11.8
001265,2022-06-NONE,2022-06-NONE,,2022-06-NONE,2.4
001268,2022-09-05,2022-09-05,,2022-09-05,3.7
001272,2023-07-08,2023-07-08,,2023-07-08,2.1
001276,2021-11-04,2021-11-04,,2021-11-04,1.8
001279,2022-10-09,2022-10-09,,2022-10-09,2.4
001282,2025-04-01,2025-04-01,,2025-04-01,4.6
001285,2022-11-21,2022-11-21,,2022-11-21,5.0
001292,2022-11-05,2022-11-05,2,2022-11-05,19.3
001295,2021-11-NONE,2021-12-11,,2021-12-11,2.3
001298,2021-06-24,2021-06-24,,2021-06-24,2.0
001302,2021-11-29,2029-11-21,d,2029-11-21,3.3
001305,2021-04-12,2021-04-01,,2021-04-12,4.7
001308,2022-11-06,NONE,,NONE,10.4
001311,2022-10-20,2022-10-20,,2022-10-20,1.8
001314,2022-01-15,2022-01-15,,2022-01-15,3.0
001317,2022-12-07,2022-12-07,2,2020-07-12,4.9
001321,2022-02-15,2022-02-15,,2022-02-15,11.7
001326,2021-07-19,2021-07-19,,2021-07-19,6.6
001330,2021-03-05,2022-03-05,,2022-03-05,2.1
001334,2021-10-26,2021-10-26,,2021-10-26,4.5
001338,2021-06-08,2021-06-08,,2021-06-08,5.4
001341,2021-11-25,2021-11-25,2,2021-02-02,2.7
001344,2021-08-10,2022-11-02,,2022-11-02,4.8
001348,2021-10-31,2021-01-10,,2021-01-10,3.1
001351,2021-06-09,2021-06-09,,2021-06-09,2.0
001354,2022-07-06,2022-07-06,,2022-07-06,1.8
001358,2020-12-NONE,2020-12-NONE,,2020-12-NONE,5.5
001362,2021-04-NONE,2021-10-13,,2021-10-13,4.4
001366,2021-09-29,2021-09-29,2,2021-09-29,7.8
001369,2025-09-21,2025-09-21,,2025-09-21,6.5
001372,2022-03-07,2022-03-07,,2022-03-07,2.1
001375,2022-05-NONE,2022-05-NONE,,2022-05-NONE,3.2
001378,NONE,2021-01-22,,2021-01-22,2.7
001381,2021-04-09,2021-01-04,,2021-04-09,3.6
001384,2018-09-NONE,2018-09-NONE,,2018-09-NONE,5.2
001388,2021-07-17,2021-07-NONE,,2021-07-NONE,5.4
001391,2021-02-25,2021-12-01,,2021-12-01,2.6
001394,2021-09-01,NONE-11-08,,NONE-11-08,7.9
001397,2022-11-01,2022-11-01,,2022-11-01,2.4
001400,2022-01-29,NONE,,NONE,36.3
001403,2020-09-29,2020-07-04,,2020-07-04,4.6
001406,2021-07-31,2031-07-21,,2031-07-21,1.6
001409,2021-12-16,2021-12-16,,2021-12-16,4.4
001413,2021-07-23,2021-07-23,,2021-07-23,4.4
001416,2021-11-05,2021-11-05,,2021-11-05,2.0
001421,2021-07-01,2021-07-01,,2021-07-01,1.9
001425,2021-06-22,2021-06-22,2,2021-06-22,3.7
001428,2020-08-12,2020-08-12,,2020-08-12,4.1
001432,2021-09-29,2021-09-29,,2021-09-29,1.7
001436,2021-09-20,2021-09-20,,2021-09-20,2.0
001440,2021-09-03,2021-09-03,,2021-09-03,2.3
001443,2021-09-06,2021-09-06,,2021-09-06,2.1
001446,2021-10-28,2021-10-NONE,,2021-10-NONE,2.2
001450,2022-04-26,2022-04-26,,2022-04-26,4.6
001453,2022-09-13,2022-09-13,,2022-09-13,3.6
001456,2022-06-28,2022-06-28,,2022-06-28,9.2
001459,2022-10-29,2022-10-29,,2022-10-29,3.3
001462,2021-11-17,2021-11-17,,2021-11-17,2.1
001466,2020-11-03,2020-01-03,,2020-01-03,16.9
001469,2022-12-03,2022-12-03,,2022-12-03,4.2
001472,2022-02-17,2022-02-17,,2022-02-17,2.3
001475,2022-07-10,2022-07-10,,2022-07-10,2.0
001478,2022-08-27,2022-08-27,,2022-08-27,5.0
001483,2021-02-06,2021-02-06,,2021-02-06,2.6
001486,2022-12-08,2022-12-08,,2022-12-08,2.7
001490,2021-08-06,2021-08-06,2,2021-08-06,3.4
001493,2023-08-17,2023-08-17,,2023-08-17,23.1
001496,2022-09-18,2022-09-18,,2022-09-18,3.4
001500,2021-09-23,2021-09-23,,2021-09-23,1.4
001504,2021-01-27,2021-01-27,,2021-01-27,2.7
001507,2021-02-19,2021-02-19,,2021-02-19,3.1
001511,2023-12-01,NONE-03-22,,NONE-03-22,9.3
001516,2021-11-19,2021-11-19,,2021-11-19,2.4
001521,2021-07-08,NONE,,NONE,13.1
001524,2021-06-25,2021-06-25,,2021-06-25,3.8
001527,2021-01-21,2021-01-21,,2021-01-21,6.9
001530,2021-02-11,2021-02-11,,2021-02-11,2.1
001534,2022-07-11,2022-07-11,,2022-07-11,1.9
001537,2021-02-19,2021-02-26,2,2021-02-26,11.4
001541,2021-06-13,2020-12-14,2,2021-06-13,2.7
001544,2021-08-02,2021-08-02,,2021-08-02,1.6
001547,2021-07-04,2021-07-04,,2021-07-04,4.9
001550,2021-08-25,NONE,,NONE,19.0
001555,2020-06-03,2020-05-03,,2020-06-03,1.6
001559,2024-12-21,2024-12-21,,2024-12-21,5.8
001562,2022-06-11,2022-06-01,,2022-06-11,2.0
001565,2022-01-17,2022-01-17,,2022-01-17,4.1
001570,2021-11-30,2021-11-30,,2021-11-30,1.9
001573,2022-01-06,2022-01-06,,2022-01-06,2.8
001577,2022-11-05,2022-11-05,,2022-11-05,4.5
001580,2022-11-02,2022-11-02,,2022-11-02,2.2
001585,2021-10-28,2021-10-28,,2021-10-28,2.3
001590,2021-02-18,2021-02-18,,2021-02-18,6.4
001594,2021-12-13,2021-12-13,,2021-12-13,2.1
001597,2021-03-07,2021-03-07,2,2021-03-07,2.2
001600,2021-02-08,2021-02-08,,2021-02-08,2.2
001603,2021-02-24,2021-02-24,,2021-02-24,2.5
001607,2021-04-03,2021-04-03,,2021-04-03,2.0
001610,2021-02-12,2021-02-12,,2021-02-12,4.2
001613,2022-02-25,2022-02-25,,2022-02-25,1.7
001616,2021-12-15,2021-12-15,,2021-12-15,1.8
001619,2023-10-06,2023-10-06,,2023-10-06,1.7
001624,2022-04-26,2022-04-26,,2022-04-26,1.5
001629,2021-07-23,2021-07-23,,2021-07-23,1.8
001632,2021-11-27,2021-11-27,,2021-11-27,4.3
001636,2021-12-22,2023-02-12,2,2023-02-12,3.0
001639,2021-02-28,2021-02-28,,2021-02-28,2.2
001642,2022-03-19,2022-03-19,,2022-03-19,1.4
001645,2021-10-12,2021-10-12,,2021-10-12,1.1
001648,2021-12-14,2021-12-14,,2021-12-14,1.8
001651,2021-03-09,2021-03-09,,2021-03-09,1.7
001654,2019-08-19,2019-08-19,,2019-08-19,1.3
001657,2021-01-16,2021-01-16,,2021-01-16,2.0
001662,2022-04-26,2022-04-26,,2022-04-26,1.8
001665,2021-01-28,2021-01-28,,2021-01-28,1.5
001669,2021-02-08,2021-02-08,,2021-02-08,2.1
001672,2021-05-19,2021-05-19,,2021-05-19,2.3
001675,2021-03-15,2021-03-15,,2021-03-15,2.4
001679,2021-03-16,2021-03-16,2,2021-03-16,2.6
001683,2021-11-14,2021-11-14,,2021-11-14,2.5
001686,2020-11-27,2020-11-27,,2020-11-27,3.4
001690,2020-08-16,2020-08-16,,2020-08-16,4.8
001694,2022-07-01,2022-07-01,,2022-07-01,4.3
001698,2021-12-22,2021-12-22,,2021-12-22,2.6
001701,2021-10-27,2021-10-27,,2021-10-27,3.5
001704,2021-07-16,2021-07-16,,2021-07-16,2.2
001708,2021-05-02,2021-05-02,,2021-05-02,1.6
001711,2021-10-15,2021-10-15,2,2021-10-15,2.1
001714,2021-09-08,2021-09-08,d,2021-09-08,4.5
001717,2021-02-08,2021-02-08,,2021-02-08,5.8
001720,2021-03-11,2021-03-11,,2021-03-11,2.6
001723,2021-05-13,2021-05-13,,2021-05-13,1.5
001726,2021-02-16,2021-02-06,,2021-02-06,2.2
001730,2021-10-02,2021-10-02,,2021-10-02,1.4
001733,2022-11-18,2022-11-18,,2022-11-18,2.1
001738,2022-01-05,2022-01-05,,2022-01-05,1.1
001742,2021-10-26,2021-10-26,,2021-10-26,2.2
001746,2021-10-12,2021-10-12,2,2021-10-12,4.2
001750,2021-06-28,2021-06-28,,2021-06-28,4.4
001753,2022-01-10,2022-01-10,,2022-01-10,1.8
001757,2023-03-09,2023-03-09,,2023-03-09,3.2
001761,2021-11-22,2021-11-22,,2021-11-22,2.4
001764,2021-12-23,2021-12-23,,2021-12-23,2.6
001767,2021-06-29,2021-06-29,2,2021-06-29,1.6
001770,2019-10-18,2019-04-19,2,2019-04-19,1.6
001774,2021-04-02,2021-04-02,,2021-04-02,1.6
001779,2021-04-09,2021-04-09,,2021-04-09,2.1
001782,2022-10-01,2022-10-01,,2022-10-01,2.6
001786,2021-09-19,2021-09-19,,2021-09-19,1.3
001789,2021-01-16,2021-01-16,,2021-01-16,1.5
001792,2020-08-13,2020-08-13,,2020-08-13,4.7
001795,2021-01-27,2021-01-27,,2021-01-27,1.3
001798,2021-10-10,2021-10-14,,2021-10-14,1.9
001801,2021-03-05,2021-03-05,,2021-03-05,3.2
001804,2021-01-15,2021-01-15,,2021-01-15,1.7
001807,2021-02-25,2021-02-25,,2021-02-25,2.7
001810,2023-10-22,2023-10-22,,2023-10-22,1.3
001813,2021-03-26,2021-03-26,2,2021-03-26,1.9
001817,2021-04-14,2021-01-16,2,2021-01-16,13.1
001820,2020-09-01,2020-09-01,,2020-09-01,3.9
001823,2021-06-09,2021-06-09,,2021-06-09,2.5
001827,2021-11-28,2021-11-28,,2021-11-28,1.7
001830,2020-12-NONE,2020-12-NONE,,2020-12-NONE,2.2
001833,2022-09-02,NONE,,NONE,7.9
001836,2021-10-02,2021-10-02,,2021-10-02,2.0
001839,2021-10-15,2021-10-15,,2021-10-15,1.7
001843,2021-05-NONE,2021-05-NONE,,2021-05-NONE,2.7
001846,2021-09-23,2023-12-09,,2023-12-09,1.5
001849,2021-11-18,2021-11-18,,2021-11-18,5.8
001852,2022-08-13,NONE,,NONE,16.5
001855,2023-10-28,2023-10-28,,2023-10-28,9.3
001859,2022-07-08,2022-07-08,,2022-07-08,2.3
001862,2023-06-18,2023-06-18,,2023-06-18,3.4
001865,2021-09-17,2021-09-17,,2021-09-17,1.4
001868,2022-07-NONE,NONE,,NONE,7.9
001871,2022-11-10,2020-11-10,2,2022-11-10,2.7
001875,2022-10-21,2021-12-01,,2022-10-21,1.9
001878,2021-11-03,2021-01-03,,2021-01-03,2.4
001881,2021-06-20,2021-06-20,,2021-06-20,1.8
001884,2021-09-09,2021-09-11,,2021-09-11,2.5
001887,2023-08-22,2023-08-22,,2023-08-22,1.4
001890,2021-08-31,2021-08-31,,2021-08-31,2.4
001894,2021-03-19,2021-03-19,,2021-03-19,1.9
001897,2021-05-29,2021-05-29,,2021-05-29,1.7
001901,2021-10-28,2021-10-28,,2021-10-28,1.6
001904,2022-01-15,2022-01-15,,2022-01-15,2.5
001907,2021-08-16,2021-08-16,,2021-08-16,2.2
001910,2021-05-07,2021-05-07,2,2021-05-07,5.1
001913,2021-09-14,2021-09-14,,2021-09-14,2.3
001916,2021-06-24,2021-06-24,,2021-06-24,1.9
001920,2022-10-15,2022-10-15,,2022-10-15,9.0
001924,2022-01-21,NONE,b,NONE,18.6
001928,2022-01-14,2022-01-14,,2022-01-14,1.9
001932,2022-01-22,2022-01-22,,2022-01-22,1.3
001935,2022-03-29,2022-03-29,,2022-03-29,2.5
001938,2021-03-NONE,2021-03-NONE,,2021-03-NONE,2.4
001941,2022-05-27,2022-05-27,,2022-05-27,2.1
001945,2021-08-NONE,NONE,,NONE,21.2
001949,2023-07-16,2023-07-16,d,2023-07-16,2.2
001952,2022-09-16,2022-09-16,,2022-09-16,1.8
001955,2021-10-NONE,2021-10-NONE,,2021-10-NONE,4.3
001958,2020-11-13,2020-11-13,,2020-11-13,3.9
001961,2027-03-21,2027-03-21,,2027-03-21,1.8
001966,2023-10-12,2023-10-12,,2023-10-12,1.7
001969,2021-08-NONE,2030-02-02,,2030-02-02,7.7
001972,2023-03-15,2023-03-15,,2023-03-15,2.6
001975,2021-02-26,2026-02-21,d,2026-02-21,4.2
001983,2021-10-20,2021-10-20,,2021-10-20,2.0
001986,2023-01-04,2023-01-04,,2023-01-04,1.9
001989,2022-11-23,2022-11-23,,2022-11-23,2.9
001992,2021-12-28,2021-12-28,,2021-12-28,2.8
001995,2021-12-18,2021-12-18,,2021-12-18,1.5
001998,2021-12-27,2021-12-27,,2021-12-27,1.8
002001,2022-01-27,2022-02-01,,2022-02-01,2.3
002004,2022-05-15,2022-05-15,,2022-05-15,2.1
002008,2022-01-14,2029-12-NONE,,2029-12-NONE,2.8
002013,2022-10-01,2022-10-01,,2022-10-01,1.8
002016,2022-10-19,2022-10-19,,2022-10-19,1.0
002022,2022-04-09,2022-04-09,,2022-04-09,2.8
002025,2020-01-03,2020-01-03,,2020-01-03,3.6
002028,2020-11-26,2020-11-26,,2020-11-26,2.7
002032,2022-03-22,2022-03-22,,2022-03-22,2.6
002038,2020-11-26,2020-11-26,,2020-11-26,3.9
002042,2020-08-27,2020-08-27,,2020-08-27,4.6
002045,2021-12-10,2021-12-10,,2021-12-10,2.6
002048,2021-07-31,2021-07-31,,2021-07-31,2.6
002051,NONE-04-14,NONE-04-14,,NONE-04-14,2.0
002054,2021-12-NONE,NONE,,NONE,43.5
002058,2022-06-22,2022-06-22,,2022-06-22,4.2
002061,NONE-04-17,NONE,,NONE,9.6
002064,2021-09-03,2021-09-03,,2021-09-03,2.0
002067,2020-04-30,2020-04-30,2,2020-04-30,3.1
002070,2022-03-24,2022-03-24,,2022-03-24,2.3
002073,2024-12-21,2024-12-21,,2024-12-21,2.1
002076,2022-03-04,2022-03-04,,2022-03-04,3.6
002079,2021-01-03,2021-01-03,,2021-01-03,1.5
002083,2020-11-06,2020-11-06,2,2020-11-06,2.7
002086,2021-11-22,2021-11-22,,2021-11-22,5.1
002091,2021-09-21,2021-09-21,,2021-09-21,2.2
002094,2021-04-28,2021-04-28,,2021-04-28,1.1
002097,2022-06-16,2022-06-16,,2022-06-16,2.7
002101,2021-09-17,2021-09-17,,2021-09-17,1.5
002106,2022-01-03,2022-01-03,,2022-01-03,2.1
002112,2022-08-25,2022-08-25,,2022-08-25,1.3
002115,2020-12-01,2020-12-01,,2020-12-01,2.9
002118,2021-01-03,2021-01-03,,2021-01-03,2.9
002121,2020-07-20,2020-07-20,,2020-07-20,1.9
002124,2020-11-02,2020-11-02,,2020-11-02,2.6
002127,2021-11-04,2021-11-04,,2021-11-04,2.2
002130,2021-11-01,2021-11-01,,2021-11-01,1.8
002133,2021-10-04,NONE-10-21,d,NONE-10-21,1.7
002136,2021-10-11,2021-10-11,,2021-10-11,2.4
002139,2021-06-29,2021-06-29,,2021-06-29,2.2
002142,2021-04-11,2021-04-11,,2021-04-11,1.5
002146,2022-07-26,2022-07-26,,2022-07-26,4.5
002149,2021-03-31,2021-03-31,,2021-03-31,3.1
002153,2019-07-11,2019-07-18,2,2019-07-18,1.8
002156,2021-12-25,2021-12-25,,2021-12-25,2.1
002159,NONE-04-13,NONE-04-13,,NONE-04-13,3.3
002162,2023-06-18,2023-01-06,,2023-01-06,6.8
002165,2021-01-29,2020-10-30,2,2020-10-30,2.6
002168,2021-05-28,2021-05-28,,2021-05-28,1.3
002171,2020-06-24,2020-06-24,,2020-06-24,2.4
002175,2021-09-05,2021-09-05,,2021-09-05,1.8
002179,2022-01-19,2022-01-19,,2022-01-19,2.9
002183,2019-02-20,NONE,,NONE,15.7
002186,2020-06-10,2020-06-10,,2020-06-10,3.2
002189,2022-02-04,2022-02-04,,2022-02-04,4.0
002192,2020-10-20,2026-10-20,,2026-10-20,5.1
002195,2021-10-28,2021-10-28,,2021-10-28,1.9
002198,2021-01-13,2021-01-13,,2021-01-13,2.1
002202,2020-10-08,2020-05-02,,2020-05-02,3.4
002207,2020-06-11,2020-06-11,,2020-06-11,5.0
002210,2020-09-22,2020-09-22,2,2020-09-22,3.3
002214,2020-10-16,2020-10-16,,2020-10-16,3.0
002217,2023-05-NONE,2023-05-NONE,,2023-05-NONE,1.4
002220,2019-09-30,2019-09-30,,2019-09-30,2.2
002223,2021-02-07,2021-02-07,,2021-02-07,8.3
002226,2023-03-03,2023-03-03,,2023-03-03,22.0
002229,2023-03-28,2023-03-28,,2023-03-28,2.0
002232,2022-12-20,2022-12-20,,2022-12-20,1.9
002235,2022-02-22,2022-02-22,,2022-02-22,2.3
002238,2022-06-30,2022-06-30,,2022-06-30,2.2
002242,2022-03-13,2022-03-13,,2022-03-13,3.0
002246,2021-07-22,2021-07-22,,2021-07-22,1.4
002249,2021-10-20,2021-10-20,,2021-10-20,3.0
002252,2022-01-04,2022-01-04,,2022-01-04,5.1
002255,2021-10-26,2021-10-26,2,2021-10-26,4.6
002259,2022-12-15,2022-12-15,,2022-12-15,2.3
002265,NONE-03-05,NONE-03-05,,NONE-03-05,1.8
002268,2022-09-NONE,2022-09-NONE,,2022-09-NONE,1.9
002271,2021-08-02,2021-08-02,,2021-08-02,2.2
002274,2021-08-09,2021-08-09,,2021-08-09,2.4
002277,2023-07-NONE,2025-07-NONE,,2025-07-NONE,12.3
002285,2022-01-06,2021-01-07,,2021-01-07,2.7
002289,2021-12-18,2021-12-18,,2021-12-18,1.9
002292,2021-07-03,2021-07-03,,2021-07-03,3.4
002295,2022-09-22,2022-09-22,,2022-09-22,1.8
002299,2021-10-15,2021-10-15,,2021-10-15,2.1
002303,2022-02-03,2022-02-03,,2022-02-03,2.1
002306,2021-11-23,2021-11-23,,2021-11-23,1.2
002309,NONE-03-13,NONE-03-13,2,NONE-03-13,6.9
002313,2021-10-17,2021-10-17,2,2021-10-17,2.0
002318,2020-12-03,2020-12-03,,2020-12-03,1.9
002321,2022-11-04,2022-11-04,,2022-11-04,1.6
002324,2020-09-06,2020-09-06,,2020-09-06,1.5
002327,2022-10-23,2022-10-23,,2022-10-23,2.6
002330,2020-11-30,2020-11-30,,2020-11-30,1.8
002335,2021-11-19,2021-11-19,,2021-11-19,1.3
002338,2023-01-05,2023-01-05,,2023-01-05,1.6
002342,2021-12-15,2021-12-15,2,2021-12-15,1.6
002345,NONE-02-12,2020-05-12,,2020-05-12,1.7
002351,2021-09-13,2021-09-13,,2021-09-13,11.9
002354,2021-10-22,2021-10-22,,2021-10-22,1.5
002357,2021-10-10,2021-10-10,,2021-10-10,1.7
002360,2021-06-10,2021-06-10,,2021-06-10,2.3
002363,2021-08-04,2021-08-04,,2021-08-04,3.5
002366,2020-10-01,2020-10-01,,2020-10-01,1.2
002369,2022-01-16,2022-01-16,,2022-01-16,3.2
002372,2022-11-12,2022-11-12,,2022-11-12,1.7
002375,2019-10-28,2019-10-28,,2019-10-28,1.7
002378,2022-12-21,2022-12-21,,2022-12-21,3.6
002382,2021-08-17,2021-08-17,,2021-08-17,2.9
002385,2019-08-18,2019-08-18,2,2019-08-18,2.8
002388,2021-01-14,2021-01-14,,2021-01-14,1.8
002391,2021-03-18,2021-03-NONE,,2021-03-NONE,2.1
002394,2020-07-01,NONE,,NONE,10.1
002397,2022-01-25,2022-01-25,,2022-01-25,6.5
002400,2023-01-05,2023-01-05,,2023-01-05,1.8
002403,2022-10-02,NONE,,NONE,18.7
002406,2021-11-01,2021-11-01,,2021-11-01,1.4
002409,2022-10-29,2019-10-29,2,2019-10-29,1.7
002412,2023-01-18,2023-01-18,,2023-01-18,2.1
002416,2021-12-25,2021-12-25,,2021-12-25,1.4
002420,2020-10-23,2020-10-23,,2020-10-23,1.2
002424,2022-06-09,2022-06-09,,2022-06-09,1.0
002428,2020-12-23,2020-12-23,,2020-12-23,2.2
002431,2021-06-11,2021-06-11,,2021-06-11,5.7
002435,2021-06-03,2021-06-03,,2021-06-03,3.3
002440,2022-01-26,NONE,,NONE,19.4
002443,2021-11-11,NONE-11-11,,NONE-11-11,2.4
002447,2021-02-04,2021-02-04,,2021-02-04,1.8
002451,2021-08-14,2021-08-14,,2021-08-14,1.4
002454,2023-02-NONE,2023-02-NONE,,2023-02-NONE,3.8
002457,2024-09-15,2024-09-15,,2024-09-15,2.6
002460,2021-11-30,2021-01-30,,2021-11-30,2.9
002463,NONE,2020-12-02,,2020-12-26,3.2
002466,2022-01-20,2022-01-20,,2022-01-20,2.6
002471,2021-03-18,2021-03-18,2,2021-03-18,2.6
002474,2021-03-16,2021-03-16,2,2021-03-16,2.9
002477,2023-03-15,2023-03-15,,2023-03-15,2.1
002480,2022-07-NONE,2022-07-NONE,,2022-07-NONE,1.9
002483,2021-05-05,2021-05-05,,2021-05-05,12.9
002486,2022-08-03,2022-08-03,,2022-08-03,2.0
002489,2021-04-18,2021-04-18,,2021-04-18,2.0
002492,2022-09-08,2020-01-01,,2020-01-01,6.2
002495,2021-01-27,2021-01-27,,2021-01-27,2.4
002499,2021-05-07,2021-05-07,,2021-05-07,2.4
002502,2022-01-24,2022-01-24,,2022-01-24,2.6
002505,2022-01-06,2022-01-06,,2022-01-06,1.3
002508,2021-11-09,2021-11-09,,2021-11-09,2.3
002511,2022-03-09,2022-03-09,,2022-03-09,9.1
002515,2022-02-16,2022-02-16,,2022-02-16,2.2
002519,2023-01-25,2023-01-25,,2023-01-25,2.0
002522,2022-09-14,2022-09-14,,2022-09-14,1.9
002525,2023-01-25,2023-01-25,,2023-01-25,1.7
002528,2021-10-19,2021-10-19,,2021-10-19,2.3
002533,2022-06-30,2022-06-30,,2022-06-30,1.6
002536,2021-09-22,2021-09-22,,2021-09-22,14.6
002539,2021-08-05,2021-08-NONE,,2021-08-NONE,10.9
002542,2021-10-17,2021-10-17,,2021-10-17,1.7
002546,2022-04-NONE,2022-04-NONE,,2022-04-NONE,4.2
002551,2021-09-30,2021-09-30,,2021-09-30,2.1
002554,2021-11-18,2021-11-18,,2021-11-18,2.8
002557,2021-11-17,2021-11-17,,2021-11-17,2.3
002560,2022-10-21,2022-10-21,,2022-10-21,2.6
002563,2021-08-29,2021-08-29,,2021-08-29,2.5
002566,2021-10-15,2021-10-15,,2021-10-15,3.1
002569,2022-04-04,2022-04-04,,2022-04-04,1.6
002572,2021-12-29,2021-12-29,,2021-12-29,3.3
002576,2020-02-18,2020-02-18,,2020-02-18,5.0
002580,2021-11-17,2021-11-17,,2021-11-17,4.0
002583,2021-01-07,2021-01-07,,2021-01-07,2.1
002586,NONE-12-22,NONE-12-22,,NONE-12-22,5.7
002592,2023-08-11,2023-08-11,,2023-08-11,3.0
002598,2021-12-NONE,2021-12-NONE,,2021-12-NONE,2.8
002601,NONE,2020-10-21,m,2020-10-21,1.4
002606,2022-04-02,2022-04-02,,2022-04-02,2.6
002612,2021-12-01,2021-12-01,,2021-12-01,2.0
002617,2022-05-04,2020-02-20,,2020-02-20,6.6
002620,2022-03-31,2022-03-31,,2022-03-31,1.7
002623,2022-12-19,2022-12-19,,2022-12-19,1.7
002626,2021-06-22,2021-06-22,,2021-06-22,2.2
002629,2023-05-NONE,2023-05-20,,2023-02-20,4.6
002633,2022-02-03,2022-02-03,,2022-02-03,4.5
002636,2022-10-09,2022-10-09,,2022-10-09,3.0
002639,2021-12-04,2021-12-04,,2021-12-04,2.0
002642,2021-10-31,2021-10-31,,2021-10-31,6.0
002647,2022-01-24,2022-01-24,,2022-01-24,2.7
002650,2021-07-01,NONE,,NONE,9.1
002656,2021-03-25,2021-03-25,,2021-03-25,1.6
002659,2022-06-11,2022-06-11,,2022-06-11,3.7
002662,2022-01-11,2022-01-11,2,2022-01-11,4.1
002667,2021-09-09,2021-09-09,,2021-09-09,1.8
002670,2023-04-30,2023-04-30,,2023-04-30,2.1
002674,2021-04-25,2021-04-25,,2021-04-25,1.5
002677,2021-08-04,2021-08-04,,2021-08-04,1.6
002680,2021-10-29,2021-10-29,,2021-10-29,2.9
002683,2021-12-03,2021-12-03,,2021-12-03,2.2
002686,2021-11-05,2021-11-05,,2021-11-05,3.0
002689,2021-03-15,2021-03-15,,2021-03-15,1.8
002693,2021-04-19,2021-04-19,,2021-04-19,12.6
002696,2021-07-23,2021-07-23,,2021-07-23,2.4
002699,2021-08-23,2021-08-23,,2021-08-23,2.7
002704,2022-10-29,2022-10-02,,2022-10-02,4.3
002707,2022-01-20,NONE,d,NONE,22.1
002710,2021-10-28,2021-10-28,,2021-10-28,2.8
002713,2021-10-22,2021-12-12,,2021-12-12,2.4
002716,2021-12-15,2021-12-15,,2021-12-15,2.3
002720,2026-01-09,2026-01-09,,2026-01-09,3.1
002724,2019-12-20,NONE,,NONE,9.0
002727,NONE,2017-03-22,,2017-03-22,2.0
002730,2021-06-25,2021-06-25,,2021-06-25,2.7
002733,2021-12-25,2021-12-25,,2021-12-25,3.2
002736,2021-04-28,2021-04-28,,2021-04-28,5.2
002740,2021-12-18,2021-12-18,,2021-12-18,6.3
002745,2024-04-06,2024-04-06,,2024-04-06,2.5
002748,2022-11-12,2022-11-12,,2022-11-12,3.3
002751,2022-02-20,2022-02-20,2,2022-02-20,2.9
002754,2021-05-29,2021-05-29,,2021-05-29,4.5
002757,2022-09-10,2022-09-10,,2022-09-10,3.3
002760,2021-05-12,2021-05-12,,2021-05-12,2.0
002764,2021-11-06,2021-11-06,,2021-11-06,2.7
002767,2021-12-01,2021-12-01,,2021-12-01,2.0
002770,2021-10-11,2021-10-11,,2021-10-11,2.7
002773,2024-05-NONE,2024-05-20,,2024-05-20,2.6
002776,2021-09-15,2021-09-15,,2021-09-15,2.4
002779,2021-10-02,2021-10-02,,2021-10-02,2.3
002782,2021-04-22,2021-04-22,,2021-04-22,10.6
002786,2022-06-22,2022-06-22,2,2022-06-22,7.9
002790,2021-12-06,2021-12-06,,2021-12-06,1.9
002793,2022-10-05,2022-10-05,,2022-10-05,1.7
002796,2021-03-18,2021-03-18,,2021-03-18,1.5
002799,2021-12-27,2021-12-27,2,2021-12-27,4.4
002804,2021-04-19,2021-04-19,,2021-04-19,1.8
002808,2021-12-29,2021-12-22,,2021-12-22,1.8
002811,2023-01-13,2023-01-13,,2023-01-13,4.3
002816,2021-06-28,2020-02-10,2,2020-02-10,7.4
002819,2022-12-01,2022-12-01,,2022-12-01,2.2
002822,2021-10-07,2021-10-07,,2021-10-07,3.5
002827,2021-07-03,NONE,,NONE,8.4
002830,2022-05-21,2022-05-21,,2022-05-21,4.2
002833,2021-08-30,2021-08-30,,2021-08-30,1.7
002837,2022-08-02,2022-08-02,,2022-08-02,1.9
002842,2023-09-22,2023-09-22,,2023-09-22,1.8
002845,2020-03-09,2020-03-09,,2020-03-09,4.1
002848,2021-12-30,NONE,,NONE,13.8
002851,2021-08-02,2021-08-02,,2021-08-02,3.5
002854,2021-08-11,2021-08-11,,2021-08-11,8.2
002857,2023-06-02,2023-06-02,,2023-06-02,6.3
002861,2021-03-25,2021-03-25,,2021-03-25,2.6
002864,2023-03-02,2023-03-02,,2023-03-02,2.0
002869,2021-08-04,2021-08-04,,2021-08-04,6.0
002872,2021-04-07,2021-04-07,,2021-04-07,2.1
002877,2022-12-04,2022-12-04,,2022-12-04,2.4
002881,2021-04-13,2021-04-13,2,2021-04-13,2.3
002884,2022-07-20,2022-07-20,,2022-07-20,1.8
002888,2021-07-15,2021-07-15,,2021-07-15,1.6
002891,2021-11-11,2021-11-11,,2021-11-11,2.2
002895,2024-02-13,2024-02-13,,2024-02-13,1.7
002898,2021-11-09,2021-11-09,,2021-11-09,2.3
002901,2022-08-03,2022-08-03,,2022-08-03,1.5
002904,2023-03-NONE,NONE,,NONE,18.6
002907,2021-10-30,2021-10-30,2,2021-10-30,7.2
002910,2021-07-21,2021-07-21,,2021-07-21,1.8
002913,2020-11-18,2020-11-18,,2020-11-18,2.7
002917,2021-04-30,2021-04-30,,2021-04-30,4.7
002920,2021-09-11,2021-09-11,,2021-09-11,2.0
002924,2021-06-13,2021-06-13,,2021-06-13,2.4
002929,2022-09-27,2022-09-27,,2022-09-27,2.0
002934,2022-02-02,2022-02-02,,2022-02-02,4.0
002937,2021-11-11,2021-11-11,,2021-11-11,5.1
002940,2022-07-29,2029-07-02,,2029-07-02,3.0
002943,2020-06-23,2020-06-23,,2020-06-23,1.1
002946,2021-09-25,2021-09-25,,2021-09-25,2.0
002950,2021-04-30,2021-04-30,,2021-04-30,2.0
002953,2020-05-28,2020-05-28,,2020-05-28,2.0
002958,2022-07-27,2022-07-27,,2022-07-27,1.8
002961,2021-11-21,2021-11-21,,2021-11-21,6.5
002965,2022-09-03,2022-09-03,,2022-09-03,4.0
002968,2021-05-28,2021-05-28,,2021-05-28,3.3
002972,2022-03-20,2022-03-20,,2022-03-20,4.2
002975,2022-03-15,2022-03-15,2,2022-03-15,1.9
002978,2020-07-20,2020-07-20,,2020-07-20,4.5
002981,2021-12-17,2021-12-17,,2021-12-17,2.5
002984,2021-05-01,2021-05-01,,2021-05-01,2.1
002987,2022-04-01,2022-04-01,,2022-04-01,2.4
002990,2021-03-20,2021-09-05,,2021-09-05,2.3
002994,2022-07-13,2022-07-13,,2022-07-13,3.0
002998,2021-10-07,2021-10-07,,2021-10-07,1.5
003001,2021-12-05,2021-12-05,,2021-12-05,2.4
003004,2023-05-NONE,2023-05-NONE,,2023-05-NONE,27.9
003007,2021-11-30,2021-11-30,,2021-11-30,2.3
003010,2021-12-11,2021-01-12,,2021-01-12,15.5
003014,2021-06-12,NONE,,NONE,14.0
003017,2022-02-23,2022-02-23,,2022-02-23,2.5
003021,2021-03-23,2021-03-02,,2021-03-02,4.1
003025,2021-09-13,2021-09-13,,2021-09-13,2.2
003028,2021-09-28,2021-09-28,,2021-09-28,2.7
003031,2020-07-14,2020-07-14,,2020-07-14,1.2
003034,2022-11-21,2022-11-21,,2022-11-21,1.8
003038,2021-02-18,2021-02-18,,2021-02-18,2.3
003041,2022-01-17,2022-01-17,,2022-01-17,2.6
003045,2022-05-02,2022-05-02,,2022-05-02,2.1
003048,2021-04-07,2021-04-07,,2021-04-07,1.9
003052,2020-12-19,2020-12-19,,2020-12-19,2.0
003055,2021-03-06,2021-03-06,,2021-03-06,3.6
003058,2022-02-19,2022-02-19,,2022-02-19,1.6
003061,2022-03-05,2022-03-05,2,2022-03-05,2.3
003065,NONE,2021-11-12,,2021-11-12,2.2
003068,2021-06-15,2021-06-15,,2021-06-15,1.6
003073,2021-08-25,2021-08-25,,2021-08-25,2.2
003076,2021-01-16,2021-01-16,,2021-01-16,2.8
003080,2021-11-01,2021-11-01,,2021-11-01,2.0
003083,2021-12-02,2021-12-02,,2021-12-02,2.5
003086,2021-06-27,2021-06-27,,2021-06-27,1.5
003090,2021-09-15,2021-09-15,,2021-09-15,2.7
003093,2023-01-03,2023-01-03,,2023-01-03,1.8
003096,2022-10-12,2022-10-12,,2022-10-12,2.4
003099,2022-08-07,2022-08-07,,2022-08-07,2.1
003102,2022-03-29,2022-03-29,,2022-03-29,6.6
003105,2023-12-06,2023-12-06,,2023-12-06,1.9
003108,2022-07-16,2022-07-16,,2022-07-16,2.3
003111,2021-06-09,NONE,,NONE,9.0
003114,2021-09-25,2021-09-25,,2021-09-25,3.2
003118,2021-07-10,2021-07-10,,2021-07-10,2.1
003121,2021-09-30,2021-09-30,,2021-09-30,1.9
003125,2021-03-07,2021-03-07,,2021-03-07,1.4
003128,2022-08-25,2022-08-25,,2022-08-25,1.4
003131,2022-03-30,2022-03-30,,2022-03-30,4.1
003134,2021-10-14,2021-10-14,,2021-10-14,3.3
003137,2022-11-09,2022-11-09,,2022-11-09,2.5
003141,2021-07-12,2021-01-13,2,2021-07-12,2.2
003144,2022-01-11,2022-01-11,,2022-01-11,1.8
003147,2021-04-22,2021-04-22,,2021-04-22,2.0
003151,2021-12-10,2021-12-10,,2021-12-10,2.1
003154,2021-07-11,2021-07-11,,2021-07-11,1.6
003157,2021-10-26,2021-10-26,,2021-10-26,2.0
003160,2021-06-13,2021-06-13,,2021-06-13,2.2
003163,2021-02-16,2020-11-17,,2020-11-17,2.7
003166,2021-07-NONE,2021-07-NONE,,2021-07-NONE,3.8
003169,2018-04-21,2018-04-21,,2018-04-21,5.6
003173,2022-05-NONE,2022-05-NONE,,2022-05-NONE,3.8
003177,2021-03-25,2021-03-25,,2021-03-25,2.5
003180,2021-07-08,2021-07-08,,2021-07-08,2.1
003184,2021-06-28,2020-06-28,,2021-06-28,2.1
003187,2022-01-17,2022-01-17,,2022-01-17,2.4
003191,2021-11-19,2021-11-19,2,2021-11-19,2.4
003194,2021-07-13,2021-07-13,,2021-07-13,3.8
003198,2025-10-12,2025-10-12,,2025-10-12,3.5
003201,2022-09-21,2022-09-21,,2022-09-21,3.0
003205,2023-06-26,2023-06-26,,2023-06-26,1.4
003208,2021-07-20,2021-07-20,,2021-07-20,2.3
003211,2021-08-11,2021-08-11,,2021-08-11,2.6
003214,2024-01-12,NONE,,NONE,9.8
003217,2022-01-15,2022-01-15,,2022-01-15,2.9
003220,2021-09-13,2021-09-13,,2021-09-13,1.6
003223,2022-06-14,2022-06-14,,2022-06-14,2.3
003227,2022-01-29,2022-01-29,,2022-01-29,1.9
003230,2022-03-28,NONE,,NONE,14.8
003233,2021-09-21,2021-09-21,,2021-09-21,1.7
003237,2021-03-30,2021-03-30,,2021-03-30,1.6
003241,2022-01-28,2022-01-28,,2022-01-28,3.0
003244,2021-07-NONE,NONE-07-21,,NONE-07-21,14.8
003249,2023-02-01,2023-02-01,,2023-02-01,1.7
003252,2023-04-NONE,2023-04-NONE,,2023-04-NONE,2.7
003256,2022-04-01,2022-04-01,,2022-04-01,3.6
003259,2022-02-10,NONE,,NONE,20.2
003262,2021-06-10,2021-06-10,,2021-06-10,2.4
003265,2021-10-06,2021-10-06,,2021-10-06,1.4
003269,2022-01-28,2022-01-28,,2022-01-28,3.5
003272,2021-05-03,2021-05-03,,2021-05-03,2.9
003275,2021-10-10,2021-10-10,,2021-10-10,3.0
003278,2023-10-02,2023-10-02,,2023-10-02,2.7
003281,2021-10-15,2021-10-15,,2021-10-15,1.6
003284,2021-09-10,2021-09-10,,2021-09-10,2.8
003288,2021-09-25,2021-09-25,2,2021-09-25,2.4
003291,2022-12-22,2022-12-22,,2022-12-22,1.5
003297,2021-10-21,2021-10-21,,2021-10-21,1.8
003300,2023-06-11,2023-06-11,,2023-06-11,2.0
003303,NONE,NONE,,NONE,12.9
003310,2020-08-29,2020-10-04,,2020-10-04,2.0
003316,2022-02-07,2022-02-07,,2022-02-07,4.2
003321,2021-09-01,2021-09-01,,2021-09-01,2.7
003325,2021-06-01,NONE,,NONE,16.4
003328,2021-12-26,2021-12-26,,2021-12-26,1.7
003331,2021-11-03,2021-11-03,t,2021-11-03,2.7
003335,2021-07-02,2021-07-02,,2021-07-02,1.8
003338,2021-06-01,NONE-06-01,,NONE-06-01,11.0
003341,2022-09-29,2022-09-29,,2022-09-29,10.5
003344,2026-09-11,2026-09-11,,2026-09-11,1.8
003349,2025-12-10,2025-01-10,2,2025-01-10,16.8
