image_id,label,tags,fin,sec_fin,src_fin,nok,sec_nok,src_nok
000054,2025-10-08,,2025-10-08,8.26,koline,2025-10-08,8.98,ft/p2
000159,2027-01-08,,2027-01-08,3.45,koline,2027-01-01,2.81,p2
000271,2026-03-24,,2026-03-24,1.94,koline,2026-03-22,1.63,p2
000495,2026-02-19,2,2028-08-09,29.47,koline,2026-02-01,31.07,p2
001006,2022-06-29,2,2022-06-29,2.04,koline,2020-12-30,1.2,p2
001108,2021-02-28,,2025-02-28,1.06,koline,2021-02-28,1.46,p2
001550,2021-08-25,,2021-08-02,10.46,koline,2021-08-25,10.35,ft/p2
001726,2021-02-16,,2021-02-16,1.29,koline,2021-02-06,1.22,p2
002147,2022-07-26,,2022-07-26,1.53,koline,2022-07-02,1.19,p2
002440,2022-01-26,,2022-01-26,12.97,koline,2022-07-12,17.88,ft/p2
003209,2022-12-02,,2022-12-02,10.85,koline,NONE-12-02,9.05,p2
