image_id,label,old,tags,tail,sec
000015,2026-03-01,2026-03-01,2,2026-03-01,3.6
000024,2025-10-11,NONE,,2025-10-11,6.6
000063,2026-06-16,2026-06-16,2,2026-06-16,2.8
000080,2026-09-16,2026-09-16,2,2026-09-16,5.0
000084,2026-03-31,2026-03-31,2,2026-03-31,3.8
000160,2026-10-27,2025-04-02,2,2025-04-02,3.0
000172,2026-06-10,2026-06-10,2,2026-06-10,3.4
000175,2026-06-28,2026-06-28,2,2026-06-28,3.8
000179,2026-06-29,2025-09-30,2,2026-06-29,6.9
000181,2026-09-08,2026-09-08,2,2026-09-08,2.7
000242,2026-05-21,2025-09-22,2,2025-09-22,11.5
000245,2026-02-24,2026-02-24,2,2026-02-24,6.7
000250,2026-03-04,2026-03-04,2,2026-03-04,7.3
000254,2026-08-12,2026-08-12,2,2026-08-12,8.5
000264,2026-06-06,NONE,,2026-06-06,3.5
000294,2026-09-08,2026-09-09,2,2026-09-09,29.5
000323,2025-12-21,2025-12-21,2,2025-12-21,3.6
000360,2026-02-18,NONE,2,NONE,35.8
000384,2026-09-08,2026-07-08,2,2026-07-08,2.7
000386,2026-06-10,2025-06-11,2,2026-11-06,4.4
000406,2026-08-27,NONE,2,NONE,25.0
000408,2025-10-09,2025-10-09,2,2025-10-09,3.5
000422,2026-06-09,2026-06-09,2,2026-06-09,2.7
000450,2026-03-11,2025-09-12,2,2026-03-11,3.7
000452,2026-03-25,2025-09-NONE,2,NONE,23.0
000454,2025-07-15,2025-07-15,2,2025-07-15,3.9
000456,2025-12-26,2025-12-26,2,2025-12-26,3.8
000495,2026-02-19,2026-02-01,2,2028-08-09,42.0
000500,2026-12-17,2026-12-17,2,2026-12-17,5.8
000505,2026-03-02,NONE,,2026-03-02,4.1
000507,2026-05-19,2025-08-20,2,2026-05-19,11.7
000521,2026-03-10,2026-03-10,2,2026-03-10,2.6
000523,2026-03-23,2026-03-23,2,2026-03-23,3.2
000576,2026-05-21,2020-02-NONE,2,2026-05-21,2.3
000592,2025-03-25,2023-03-26,2,2023-03-26,4.0
000597,2026-09-02,2026-09-02,2,2026-09-02,2.1
000602,2026-09-22,2025-09-20,2,2025-09-20,1.5
000624,2027-06-15,2027-06-15,2,2027-06-15,1.6
000667,2026-06-22,2026-06-22,2,2026-06-22,1.7
000670,2026-06-24,NONE-06-24,2,2026-06-24,4.6
000690,2025-10-11,2025-10-11,2,2025-10-11,2.8
000693,2026-09-01,2026-09-01,2,2026-09-01,5.1
000773,NONE-12-10,NONE-12-10,2,NONE-12-10,8.8
000795,2026-07-14,NONE,2,NONE,26.6
000824,NONE-12-18,NONE-12-18,2,NONE-12-18,6.0
000855,2026-08-25,2026-08-25,2,2026-08-25,2.8
000867,2021-10-23,NONE,2,NONE,27.9
000884,2021-07-03,NONE,2,NONE,11.5
000936,2021-10-19,2021-10-19,2,2021-10-19,2.6
000948,2021-10-24,2021-10-24,2,2021-10-24,9.7
000953,2021-02-05,2021-02-07,2,2021-02-05,3.9
000957,2021-02-22,2021-01-29,2,2021-02-22,4.9
000965,2020-07-24,2023-03-20,2,2023-07-20,45.1
000998,2021-11-11,2021-11-11,2,2021-11-11,6.0
001006,2022-06-29,2022-06-NONE,2,2022-06-29,3.5
001012,2021-11-10,2021-11-10,2,2021-11-10,3.2
001028,2021-07-07,2021-08-01,2,2021-08-01,3.1
001035,2021-10-07,2020-07-07,2,2020-07-07,19.3
001061,2022-07-04,2022-07-04,2,2022-07-04,8.8
001090,2021-04-16,2021-04-16,2,2021-04-16,5.1
001094,2022-01-12,2022-01-12,2,2021-01-13,2.1
001096,2021-06-11,2021-11-06,2,2021-11-06,5.7
001098,2021-03-18,2021-03-18,2,2021-03-18,4.8
001101,2021-03-14,2021-01-14,2,2021-01-14,2.9
001105,2021-08-26,2020-08-26,2,2020-11-02,2.2
001127,2021-06-10,2021-06-10,2,2021-06-10,4.1
001132,2021-02-19,2020-12-12,2,2021-02-19,2.6
001141,2022-03-14,2022-03-14,2,2022-03-14,4.1
001147,2021-12-13,2021-12-13,2,2021-12-13,4.2
001189,2019-06-28,2019-06-28,2,2019-06-28,2.8
001193,2021-02-11,2021-02-11,2,2021-02-11,5.0
001200,2021-10-20,2020-10-21,2,2020-10-21,2.8
001226,2022-06-27,2020-12-28,2,2022-06-27,4.6
001228,2022-01-11,2021-01-12,2,2022-01-11,3.4
001247,2022-01-19,2022-01-19,2,2022-01-19,4.1
001251,2021-04-11,2021-01-12,2,2021-04-11,2.1
001292,2022-11-05,2022-11-05,2,2022-11-05,20.6
001303,2021-09-14,2021-09-14,2,2021-09-14,5.5
001318,2022-12-07,2020-12-07,2,2020-12-07,3.5
001324,2023-07-09,2023-07-09,2,2023-07-09,5.8
001341,2021-11-25,2021-11-25,2,2021-11-25,4.3
001367,2021-09-29,2021-09-22,2,2021-09-22,3.5
001425,2021-06-22,2021-06-22,2,2021-06-22,4.9
001477,2022-05-10,NONE,2,NONE,15.4
001522,2021-06-14,2021-06-14,2,2021-06-14,4.5
001537,2021-02-19,2021-02-26,2,2021-01-25,6.1
001541,2021-06-13,2020-12-14,2,2021-06-13,2.7
001556,2022-03-16,2022-03-16,2,2022-03-16,4.7
001563,2020-08-05,NONE,2,NONE,17.9
001596,2021-02-25,2021-02-25,2,2021-02-25,2.7
001598,2021-03-07,2018-02-NONE,2,2018-02-NONE,2.8
001670,2021-10-23,2021-10-23,2,2021-10-23,7.2
001679,2021-03-16,2021-03-16,2,2021-03-16,1.8
001710,2021-10-15,2021-10-15,2,2021-10-15,3.5
001712,2021-07-18,2021-07-18,2,2021-07-18,6.9
001722,2021-07-06,2021-07-06,2,2021-07-06,5.7
001745,2022-01-28,2022-01-NONE,2,2022-01-NONE,4.5
001748,2019-07-03,2030-12-14,2,2030-12-14,19.5
001767,2021-06-29,2021-06-29,2,2021-06-29,1.5
001770,2019-10-18,2019-04-19,2,2019-10-18,1.7
001781,2020-09-01,2020-09-01,2,2020-09-01,8.4
001805,2020-11-09,2020-11-09,2,2020-02-10,5.0
001808,2020-08-13,2020-08-13,2,2020-08-13,1.7
001812,2021-03-26,2021-03-26,2,2021-03-26,2.7
001817,2021-04-14,2021-01-16,2,2021-04-14,14.7
001832,2022-09-02,2020-09-02,2,2020-09-02,4.1
001870,2021-09-26,2021-09-26,2,2021-09-26,2.0
001885,2021-12-05,2021-12-05,2,2021-12-05,3.3
001903,2027-08-21,2027-08-21,2,2027-08-21,3.2
001910,2021-05-07,2021-05-07,2,2021-05-07,6.7
001948,2022-08-10,2022-08-10,2,2022-08-10,11.7
002066,2020-04-30,2020-04-30,2,2020-04-30,3.8
002083,2020-11-06,2020-11-06,2,2020-11-06,2.9
002153,2019-07-11,2019-07-18,2,2019-07-18,2.7
002165,2021-01-29,2020-10-30,2,2021-01-29,3.3
002210,2020-09-22,2020-09-22,2,2020-09-22,4.1
002245,2021-05-21,2021-05-21,2,2021-05-21,3.4
002255,2021-10-26,2021-10-26,2,2021-10-26,4.8
002276,2023-12-22,2023-12-02,2,2023-12-02,2.5
002309,NONE-03-13,NONE-03-13,2,NONE-03-13,9.1
002313,2021-10-17,2021-10-17,2,2021-10-17,1.9
002341,2021-12-15,2021-12-15,2,2021-12-15,3.1
002385,2019-08-18,2019-08-18,2,2019-08-18,3.1
002408,2022-10-29,2022-10-29,2,2022-10-29,2.1
002449,2021-06-09,2021-06-09,2,2021-06-09,2.1
002467,2021-05-18,2021-05-18,2,2021-05-18,1.9
002472,2021-03-18,2021-03-18,2,2021-03-18,1.8
002474,2021-03-16,2021-03-16,2,2021-03-16,5.4
002570,2021-05-07,2021-05-07,2,2021-05-07,5.3
002588,2023-10-15,2023-10-15,2,2023-10-15,4.2
002661,2022-01-11,2022-01-11,2,2022-01-11,8.0
002663,2021-08-18,2021-08-18,2,2021-08-18,5.9
002739,2021-09-26,2021-09-26,2,2021-09-26,3.0
002761,2023-06-01,2023-06-01,2,2023-06-01,7.9
002787,2022-06-22,2020-06-23,2,2022-06-22,5.8
002815,2021-06-28,2021-01-29,2,2021-06-28,4.4
002880,2021-04-13,2021-04-13,2,2021-04-13,6.7
002907,2021-10-30,2021-10-30,2,2021-10-30,7.2
002975,2022-03-15,2022-03-15,2,2022-03-15,1.9
003069,2020-08-09,2020-08-09,2,2020-08-09,2.8
003082,2021-12-02,2021-12-02,2,2021-12-02,3.6
003140,2021-07-12,2021-07-12,2,2021-07-12,2.6
003142,2021-12-11,2021-12-11,2,2021-12-11,2.8
003163,2021-02-16,2020-11-17,,2021-02-16,4.1
003191,2021-11-19,2021-11-19,2,2021-11-19,2.5
003221,2021-03-08,2021-03-05,2,2021-03-05,3.3
003228,2022-04-26,2022-04-24,2,2022-04-24,1.9
003240,2021-11-06,2020-01-04,2,2021-11-06,2.7
003245,2021-09-20,2020-09-20,2,2020-09-20,3.3
003287,2021-09-25,2021-09-02,2,2021-09-21,2.9
003289,2022-01-31,2022-08-10,2,2022-08-10,3.9
003312,2021-03-11,2021-03-NONE,2,2021-03-NONE,4.9
003349,2025-12-10,2025-01-10,2,2025-12-10,6.0
000002,2025-12-11,2025-12-11,,2025-12-11,3.0
000004,2022-02-14,2027-02-14,b,2027-02-14,17.2
000010,2026-06-08,2026-06-08,,2026-06-08,2.4
000014,2026-01-31,2026-01-31,,2026-01-31,5.9
000017,2026-11-25,2026-11-25,,2026-11-25,3.5
000021,2025-10-10,2025-10-10,,2025-10-10,3.8
000026,2025-11-13,2025-11-13,,2025-11-13,5.4
000028,2026-02-10,2026-02-10,,2026-02-10,3.9
000031,2026-02-14,2026-02-14,,2026-02-14,2.2
000033,2026-06-17,2026-06-17,,2026-06-17,2.2
000035,2026-08-17,2026-08-17,,2026-08-17,1.8
000038,2027-02-12,2027-02-12,,2027-02-12,1.9
000040,2025-10-11,2025-10-11,,2025-10-11,2.2
000042,2025-10-12,2025-10-02,,2025-10-02,1.9
000045,2027-04-21,2027-04-21,,2027-04-21,2.7
000047,2027-04-14,2027-04-04,,2027-04-04,2.2
000049,2026-03-01,2026-03-01,,2026-03-01,3.6
000051,2026-01-12,2026-01-12,,2026-01-12,1.9
000053,2025-12-20,2025-12-20,,2025-12-20,2.8
000058,2027-03-27,2027-03-27,,2027-03-27,3.4
000060,2026-04-30,2026-04-30,,2026-04-30,1.8
000065,2026-01-12,2026-01-12,,2026-01-12,2.1
000067,2025-12-19,NONE,,NONE,16.9
