image_id,label,old,tags,sep,sec
000015,2026-03-01,2026-03-01,2,2026-03-01,2.9
000028,2026-02-10,2026-02-10,,2026-02-10,3.4
000049,2026-03-01,2026-03-01,,2026-03-01,2.8
000051,2026-01-12,2026-01-12,,2026-01-12,1.9
000059,2027-06-22,2022-06-22,,2027-06-22,17.7
000071,2027-07-20,2027-07-20,2,2027-07-20,3.9
000080,2026-09-16,2026-09-16,2,2026-09-16,5.3
000084,2026-03-31,2026-03-31,2,2026-03-31,5.3
000111,2025-10-25,2025-10-25,,2025-10-25,5.2
000119,2026-08-24,2026-08-24,,2026-08-24,4.1
000148,2026-02-26,2026-02-26,2,2026-02-26,1.8
000160,2026-10-27,2025-04-02,2,2025-04-02,2.6
000171,2026-05-27,2026-05-27,2,2026-05-27,3.3
000174,2026-09-05,2026-09-05,2,2026-09-05,3.5
000176,2026-09-22,2026-09-22,2,2026-09-22,7.8
000178,2026-06-25,2026-06-25,,2026-06-25,3.1
000180,2026-06-25,2026-06-25,2,2026-06-25,2.7
000211,2026-02-12,2026-06-02,,2026-06-02,12.1
000226,2027-03-15,2027-03-15,,2027-03-15,11.6
000239,2026-07-10,2026-07-10,,2026-07-10,7.8
000244,2026-06-21,2026-06-21,2,2026-06-21,8.0
000246,2026-02-04,2025-09-05,2,2026-02-04,4.7
000250,2026-03-04,2026-03-04,2,2026-03-04,5.6
000252,2026-07-09,2026-07-09,,2026-07-09,2.5
000261,2026-03-07,2026-03-07,2,2026-03-07,6.1
000284,2026-08-20,2026-08-20,,2026-08-20,17.7
000310,2026-09-28,2026-09-28,,2026-09-28,18.4
000320,2025-11-12,2025-11-12,2,2025-11-12,6.3
000330,2025-11-02,2025-11-02,2,2025-11-02,11.2
000355,2028-06-17,2028-05-17,,2028-06-17,4.7
000370,2026-09-02,2025-09-02,,2025-09-02,17.0
000384,2026-09-08,2026-07-08,2,2026-07-08,3.5
000386,2026-06-10,2025-06-11,2,2026-06-10,4.9
000406,2026-08-27,NONE,2,NONE,30.4
000408,2025-10-09,2025-10-09,2,2025-10-09,4.2
000422,2026-06-09,2026-06-09,2,2026-06-09,4.2
000429,2026-01-04,2025-01-04,,2026-01-04,7.7
000440,2026-08-13,NONE,2,NONE,25.5
000450,2026-03-11,2025-09-12,2,2026-03-11,2.6
000452,2026-03-25,2025-09-NONE,2,NONE,25.6
000454,2025-07-15,2025-07-15,2,2025-07-15,5.5
000456,2025-12-26,2025-12-26,2,2025-12-26,5.1
000480,2026-06-04,2026-07-21,,2026-07-21,3.8
000495,2026-02-19,2026-02-01,2,2028-08-09,73.0
000500,2026-12-17,2026-12-17,2,2026-12-17,8.7
000506,2026-06-18,2026-06-11,2,2026-06-11,6.6
000519,2026-08-10,2026-08-10,2,2026-08-10,9.2
000522,2026-02-21,NONE,2,NONE,40.0
000546,2026-08-10,2026-08-10,2,2026-08-10,7.1
000576,2026-05-21,2020-02-NONE,2,2026-05-21,2.9
000589,2026-04-02,2026-04-02,,2026-04-02,3.6
000594,2026-08-25,2025-08-26,2,2026-08-25,2.8
000598,2026-03-09,2026-03-09,2,2026-03-09,8.3
000601,2026-01-27,2026-01-27,,2026-01-27,3.9
000609,2027-06-11,2027-06-11,,2027-06-11,1.9
000624,2027-06-15,2027-06-15,2,2027-06-15,3.9
000628,2025-02-03,2025-12-NONE,,2025-02-03,1.1
000669,2026-09-02,2026-09-02,2,2026-09-02,4.8
000671,2026-03-31,2025-10-01,,2026-03-31,4.5
000690,2025-10-11,2025-10-11,2,2025-10-11,4.8
000693,2026-09-01,2026-09-01,2,2026-09-01,4.7
000741,2025-12-03,2025-12-03,2,2025-12-03,5.0
000768,2026-06-26,2026-06-26,,2026-06-26,7.1
000774,2026-02-08,2026-02-08,,2026-02-08,7.1
000795,2026-07-14,NONE,2,NONE,26.0
000798,NONE-12-20,2024-02-24,,2024-02-24,2.7
000824,NONE-12-18,NONE-12-18,2,NONE-12-18,9.6
000840,2026-01-01,NONE-01-31,,NONE-12-12,7.9
000848,2026-05-21,2021-05-20,,2021-05-20,19.2
000853,2026-09-24,2026-09-24,,2026-09-24,1.7
000855,2026-08-25,2026-08-25,2,2026-08-25,2.6
000867,2021-10-23,NONE,2,NONE,31.0
000880,2021-05-11,2020-07-15,2,2021-05-11,9.7
000887,2021-12-04,2021-01-02,,2021-12-04,23.0
000906,2022-01-NONE,2022-10-15,,2022-10-15,4.8
000934,2021-02-10,2021-01-25,2,2021-01-25,4.8
000942,2021-05-29,2021-05-29,2,2021-05-29,10.4
000948,2021-10-24,2021-10-24,2,2021-10-24,9.5
000953,2021-02-05,2021-02-07,2,2021-02-07,4.5
000957,2021-02-22,2021-01-29,2,2021-01-29,4.4
000965,2020-07-24,2023-03-20,2,2023-07-20,59.8
000998,2021-11-11,2021-11-11,2,2021-11-11,7.4
001006,2022-06-29,2022-06-NONE,2,2022-06-29,4.1
001012,2021-11-10,2021-11-10,2,2021-11-10,4.0
001028,2021-07-07,2021-08-01,2,2021-07-07,4.1
001035,2021-10-07,2020-07-07,2,2020-07-07,27.8
001061,2022-07-04,2022-07-04,2,2022-07-04,6.9
001064,2022-01-04,2022-01-04,,2022-01-04,6.2
001067,2021-12-06,2021-01-12,,2021-12-06,4.0
001090,2021-04-16,2021-04-16,2,2021-04-16,9.4
001094,2022-01-12,2022-01-12,2,2021-01-13,3.6
001096,2021-06-11,2021-11-06,2,2021-06-11,7.7
001098,2021-03-18,2021-03-18,2,2021-03-18,8.0
001101,2021-03-14,2021-01-14,2,2021-01-14,4.7
001105,2021-08-26,2020-08-26,2,2020-11-02,3.0
001125,2021-12-28,2021-12-21,2,2021-12-21,2.5
001128,2021-06-10,2021-12-10,2,2021-12-10,5.7
001132,2021-02-19,2020-12-12,2,2021-02-19,5.0
001134,2021-03-03,2021-03-03,,2021-03-03,11.5
001146,2021-12-13,2021-12-13,2,2021-12-13,5.9
001150,2021-09-18,2021-09-18,,2021-09-18,8.0
001185,2021-09-28,2021-09-26,2,2021-09-26,10.6
001190,2019-06-28,2019-06-28,2,2019-06-28,8.3
001199,2021-10-20,2021-10-20,2,2021-10-20,7.4
001225,2022-06-27,2022-06-27,2,2022-06-27,16.2
001227,2022-01-11,2022-01-11,2,2022-01-11,7.6
001229,2021-10-28,2021-10-28,,2021-10-28,6.1
001246,2022-01-19,2022-01-19,2,2022-01-19,18.6
001250,2021-04-11,2021-01-12,2,2021-04-11,12.1
001253,2021-08-19,2021-06-19,,2021-08-11,2.5
001290,2024-11-21,2024-01-21,,2024-11-21,3.4
001295,2021-11-NONE,2021-12-11,,2021-12-11,7.5
001302,2021-11-29,2029-11-21,d,2029-11-21,10.8
001305,2021-04-12,2021-04-01,,2021-04-12,10.0
001318,2022-12-07,2020-12-07,2,2020-12-07,12.6
001323,2023-07-09,2023-07-09,2,2023-07-09,14.9
001340,2021-11-25,2021-11-25,2,2021-11-25,11.3
001344,2021-08-10,2022-11-02,,2022-11-02,18.8
001362,2021-04-NONE,2021-10-13,,2021-10-13,12.8
001366,2021-09-29,2021-09-29,2,2021-09-29,18.8
001381,2021-04-09,2021-01-04,,2021-04-09,9.4
001391,2021-02-25,2021-12-01,,2021-12-01,6.5
001414,2021-07-23,2021-07-24,2,2021-07-24,3.2
001435,2021-10-04,2021-02-18,,2021-02-18,20.8
001446,2021-10-28,2021-10-NONE,,2021-10-28,4.2
001476,2022-05-10,2020-11-01,2,2020-11-01,15.3
001490,2021-08-06,2021-08-06,2,2021-08-06,5.2
001523,2021-06-14,2021-01-15,2,2021-01-15,2.4
001536,2021-02-19,2021-02-19,,2021-02-19,6.8
001540,2021-06-13,2021-06-13,2,2021-06-13,6.4
001548,2022-09-28,NONE,2,NONE,29.8
001556,2022-03-16,2022-03-16,2,2022-03-16,16.1
001563,2020-08-05,NONE,2,NONE,40.8
001596,2021-02-25,2021-02-25,2,2021-02-25,6.6
001598,2021-03-07,2018-02-NONE,2,2018-02-NONE,6.5
001636,2021-12-22,2023-02-12,2,2023-02-12,3.3
001649,2019-08-18,2021-01-21,,2021-01-21,4.4
001671,2021-10-23,2021-10-23,2,2021-10-23,5.7
001685,2021-11-29,2021-11-29,2,2021-11-29,6.1
001711,2021-10-15,2021-10-15,2,2021-10-15,4.7
001721,2021-07-06,2021-07-06,2,2021-07-06,11.4
001744,2022-01-28,2022-01-28,2,2022-01-28,6.2
001746,2021-10-12,2021-10-12,2,2021-10-12,8.7
001753,2022-01-10,2022-01-10,,2022-01-10,3.0
001765,2021-09-10,2021-09-21,,2021-09-21,6.7
001767,2021-06-29,2021-06-29,2,2021-06-29,3.3
001770,2019-10-18,2019-04-19,2,2019-10-18,3.3
001781,2020-09-01,2020-09-01,2,2020-09-01,13.1
001801,2021-03-05,2021-03-05,,2021-03-05,6.2
001805,2020-11-09,2020-11-09,2,2020-02-10,7.4
001808,2020-08-13,2020-08-13,2,2020-08-13,5.1
001812,2021-03-26,2021-03-26,2,2021-03-26,4.5
001816,2021-04-14,2021-04-14,,2021-04-14,11.8
001818,2022-01-18,2021-01-19,,2022-01-18,14.2
001821,2020-09-01,2020-09-01,,2020-09-01,9.1
001857,2022-07-17,2022-07-17,,2022-07-17,7.2
001861,2023-06-18,2023-06-18,,2023-06-18,9.6
001869,2021-09-26,2021-09-26,2,2021-09-26,5.2
001871,2022-11-10,2020-11-10,2,2022-11-10,9.4
001885,2021-12-05,2021-12-05,2,2021-12-05,8.7
001901,2021-10-28,2021-10-28,,2021-10-28,4.1
001906,2021-09-03,2021-09-03,2,2021-09-03,4.9
001910,2021-05-07,2021-05-07,2,2021-05-07,12.1
001948,2022-08-10,2022-08-10,2,2022-08-10,17.9
001954,2021-10-NONE,2027-10-NONE,,2021-07-04,7.9
001963,2021-10-09,2021-10-09,2,2021-10-09,4.7
001975,2021-02-26,2026-02-21,d,2026-02-21,8.9
002007,2022-01-14,2022-01-14,,2022-01-14,12.2
002050,2021-03-25,2021-03-25,,2021-03-25,9.2
002066,2020-04-30,2020-04-30,2,2020-04-30,6.5
002083,2020-11-06,2020-11-06,2,2020-11-06,5.1
002102,2021-12-25,2021-02-11,,2021-12-19,2.4
002146,2022-07-26,2022-07-26,,2022-07-26,11.7
002153,2019-07-11,2019-07-18,2,2019-07-18,3.4
002165,2021-01-29,2020-10-30,2,2020-10-30,5.0
002192,2020-10-20,2026-10-20,,2026-10-20,8.1
002202,2020-10-08,2020-05-02,,2020-05-02,8.6
002210,2020-09-22,2020-09-22,2,2020-09-22,9.9
002245,2021-05-21,2021-05-21,2,2021-05-21,6.9
002255,2021-10-26,2021-10-26,2,2021-10-26,8.5
002275,2023-12-22,2023-12-22,2,2023-12-22,3.9
002283,2022-01-20,2022-01-20,2,2022-01-20,10.1
002310,NONE-03-13,NONE-03-01,2,NONE-03-01,3.8
002326,2022-10-23,2022-10-23,,2022-10-23,4.2
002341,2021-12-15,2021-12-15,2,2021-12-15,4.8
002385,2019-08-18,2019-08-18,2,2019-08-18,4.3
002394,2020-07-01,NONE,,NONE,20.3
002409,2022-10-29,2019-10-29,2,2019-10-29,2.3
002449,2021-06-09,2021-06-09,2,2021-06-09,3.0
002456,2024-09-15,2024-09-15,,2024-09-15,8.5
002467,2021-05-18,2021-05-18,2,2021-05-18,4.3
002472,2021-03-18,2021-03-18,2,2021-03-18,4.4
002474,2021-03-16,2021-03-16,2,2021-03-16,7.9
002493,2022-02-10,2022-02-10,2,2022-02-10,5.7
002539,2021-08-05,2021-08-NONE,,2021-08-05,26.3
002570,2021-05-07,2021-05-07,2,2021-05-07,16.7
002588,2023-10-15,2023-10-15,2,2023-10-15,7.6
002603,2022-07-07,2022-07-07,,2022-07-07,7.0
002629,2023-05-NONE,2023-05-20,,2023-05-20,15.5
002645,2021-12-14,2021-12-14,,2021-12-14,11.4
002662,2022-01-11,2022-01-11,2,2022-01-11,12.3
002664,2021-08-18,2021-08-18,2,2021-08-18,6.3
002699,2021-08-23,2021-08-23,,2021-08-23,5.6
002714,2021-10-22,2021-12-12,?b,2021-10-22,4.9
002745,2024-04-06,2024-04-06,,2024-04-06,4.1
002751,2022-02-20,2022-02-20,2,2022-02-20,4.2
002765,2021-03-16,2021-02-03,,2021-03-16,8.2
002786,2022-06-22,2022-06-22,2,2022-06-22,14.4
002799,2021-12-27,2021-12-27,2,2021-12-27,7.4
002816,2021-06-28,2020-02-10,2,2020-02-10,12.6
002847,2021-12-30,2021-12-30,,2021-12-30,8.3
002866,2022-02-28,2022-02-28,d,2028-02-02,14.3
002881,2021-04-13,2021-04-13,2,2021-04-13,4.0
002908,2021-10-30,2021-10-30,,2021-10-30,4.8
002918,2021-04-30,2030-04-02,,2030-04-02,5.8
002932,2022-02-01,2022-02-01,,2022-02-01,12.0
002940,2022-07-29,2029-07-02,,2029-07-02,8.9
002975,2022-03-15,2022-03-15,2,2022-03-15,3.0
002989,2021-07-20,2024-07-20,,2024-07-20,10.7
003013,2024-01-29,2029-05-21,,2024-01-29,6.5
003061,2022-03-05,2022-03-05,2,2022-03-05,6.2
003069,2020-08-09,2020-08-09,2,2020-08-09,6.2
003082,2021-12-02,2021-12-02,2,2021-12-02,11.8
003100,2022-11-21,2022-11-21,,2022-11-21,11.6
003114,2021-09-25,2021-09-25,,2021-09-25,5.8
003122,2021-09-15,2021-05-15,,2021-09-15,15.9
003140,2021-07-12,2021-07-12,2,2021-07-12,5.5
003142,2021-12-11,2021-12-11,2,2021-12-11,7.3
003172,2021-06-20,2020-06-21,d,2020-06-21,21.2
003186,2021-10-21,2021-10-21,2,2021-10-21,3.5
003192,2021-11-19,2021-11-19,2,2021-11-19,5.1
003221,2021-03-08,2021-03-05,2,2021-03-05,7.6
003225,2021-08-21,2020-02-20,2,2021-08-21,4.2
003231,2021-04-04,2021-04-04,,2021-04-04,3.4
003240,2021-11-06,2020-01-04,2,2021-11-06,3.8
003242,2022-01-28,2025-01-22,2,2025-01-22,3.7
003283,2021-09-10,2021-09-10,,2021-09-10,41.2
003287,2021-09-25,2021-09-02,2,2021-09-21,4.8
003289,2022-01-31,2022-08-10,2,2022-08-10,7.1
003299,2022-10-NONE,2022-10-NONE,,2022-10-NONE,11.7
003312,2021-03-11,2021-03-NONE,2,2021-03-NONE,6.9
003347,2027-09-01,2025-09-01,2d,2025-09-01,3.8
003350,2025-12-10,2022-10-10,2,2022-10-10,28.4
000003,2026-05-12,2026-05-12,t,2026-05-12,3.1
000009,2026-10-29,2026-10-29,,2026-10-29,6.9
000012,2026-03-23,2026-03-23,,2026-03-23,4.0
000016,2026-01-22,2026-01-22,,2026-01-22,6.1
000018,2026-04-24,2026-04-24,,2026-04-24,22.1
000022,2025-10-14,NONE-01-20,,NONE-01-20,12.5
000024,2025-10-11,NONE,,NONE,29.9
000030,2017-08-28,2017-08-28,,2017-08-28,8.6
