image_id,label,tags,base,block,two,mean,gamma,clahe,both,sec
000002,2025-12-11,,2025-12-11,8,False,109.4,2025-12-11,2025-12-11,2025-12-11,5.1
000030,2017-08-28,,2017-08-28,12,False,108.5,2017-08-28,2017-08-28,2028-08-01,8.9
000053,2025-12-20,,2025-12-20,7,False,75.9,2025-12-20,2025-12-20,2025-12-20,2.6
000062,2026-05-26,,2026-05-26,8,False,105.9,2026-05-26,2026-05-26,2026-05-26,3.0
000170,2026-09-07,,2026-09-07,10,False,109.8,2026-09-07,2026-09-07,2026-09-07,2.3
000190,2022-11-26,,2022-11-26,7,False,99.6,2025-03-02,2022-11-26,NONE,34.4
000266,2025-12-04,b,NONE,9,False,94.5,NONE,2025-12-04,NONE,46.0
000370,2026-09-02,,2025-09-02,15,False,96.1,NONE,2026-09-NONE,NONE-09-02,62.1
000382,2026-08-18,,2026-08-18,14,False,104.2,2026-08-18,2026-08-18,2026-08-18,5.4
000453,2026-01-26,2,2025-08-27,14,True,87.2,2025-08-27,2026-01-26,2025-08-27,17.9
000499,2026-05-13,,2026-05-13,13,False,104.4,2026-05-13,2026-05-13,2026-05-13,6.0
000506,2026-06-18,2,2026-06-11,10,True,87.7,2026-06-01,2026-06-18,2026-06-20,11.6
000529,2026-01-12,,2026-01-12,15,False,101.3,2026-01-12,2026-01-12,2026-01-12,4.6
000579,2026-07-10,,2026-07-10,14,False,102.2,2026-07-10,2026-07-10,2026-07-10,4.6
000642,2026-09-01,,2025-03-01,13,False,106.6,2026-03-01,2025-03-01,2025-03-01,9.6
000738,2026-02-12,,2026-02-12,12,False,79.8,2026-02-12,2026-02-12,2026-02-12,4.3
000777,2026-03-NONE,,2026-03-NONE,14,False,107.4,2026-03-NONE,2026-03-NONE,2026-03-NONE,47.8
000871,2021-10-15,,2021-10-15,15,False,68.5,2021-10-15,2021-10-15,2021-10-15,10.6
000921,2022-02-26,,2022-02-26,12,False,106.3,2022-02-26,2022-02-26,2022-02-26,6.9
000978,2021-03-11,,2022-02-29,12,False,71.2,NONE,NONE,2022-06-02,44.0
001015,2022-01-11,,2022-01-11,14,False,84.6,2022-01-11,2022-01-11,2022-01-11,6.7
001018,2021-05-15,,NONE,14,False,94.1,NONE,NONE,NONE,37.4
001052,2022-12-20,,2022-12-20,11,False,55.7,2022-12-20,2022-12-20,2022-12-20,8.0
001078,2023-09-24,,2023-09-24,11,False,107.1,2023-09-24,2023-09-24,2023-09-04,8.7
001097,2021-06-11,2,2021-11-06,11,True,97.4,2021-12-01,2021-01-17,2021-11-06,21.2
001101,2021-03-14,2,2021-01-14,14,True,68.7,2021-03-14,2021-01-14,2021-01-14,6.2
001110,2021-03-22,,2021-03-22,15,False,65.2,2021-03-02,2021-03-22,2021-03-22,7.5
001141,2022-03-14,2,2022-03-14,12,True,101.5,2022-03-14,2022-03-14,2022-03-14,9.9
001164,2021-03-01,,2021-03-01,14,False,107.4,2021-03-01,2021-03-01,2021-03-01,12.2
001172,2021-09-NONE,,2021-09-NONE,13,False,99.5,2021-09-NONE,2021-09-NONE,2021-09-NONE,10.2
001175,2021-09-07,d,2021-09-07,14,False,100.0,2021-09-07,2021-09-07,2021-09-07,8.8
001178,2021-12-01,,NONE,10,False,77.8,NONE,NONE,NONE,20.4
001200,2021-10-20,2,2020-10-21,14,True,96.9,2021-10-20,2022-10-20,2021-10-20,7.4
001207,2020-08-18,,2020-08-18,12,False,102.3,2020-08-18,2020-08-18,2020-08-18,10.0
001309,2021-04-30,t,2021-04-30,12,False,109.3,2021-04-30,2021-04-30,2021-04-30,11.1
001332,2021-12-NONE,,2021-12-NONE,11,False,109.9,2021-12-NONE,2021-12-NONE,2021-12-NONE,4.3
001367,2021-09-29,2,2021-09-22,7,True,88.8,2021-09-02,2021-09-02,2021-09-02,8.5
001401,2022-01-29,,2022-08-NONE,12,False,60.1,NONE,2022-02-02,2022-10-02,44.1
001407,2021-07-31,,2031-07-21,10,False,46.2,2031-07-21,2031-07-21,2031-07-21,4.4
001414,2021-07-23,2,2021-07-24,13,True,78.9,2021-07-23,NONE,2017-03-01,14.3
001473,2022-02-17,,2022-02-17,12,False,94.9,2022-02-17,2022-02-17,2022-02-17,4.5
001487,2022-12-08,,2022-01-08,11,False,99.1,NONE-08-12,2022-01-08,2022-12-08,14.0
001494,2023-08-17,,NONE,9,False,86.8,NONE,NONE,NONE,38.3
001545,2021-08-02,,2021-08-02,8,False,67.5,2021-08-02,2021-08-02,2021-08-02,4.5
001548,2022-09-28,2,NONE,11,True,103.7,2022-09-28,2020-09-29,2020-09-29,30.5
001556,2022-03-16,2,2022-03-16,13,True,101.6,2022-03-16,2022-03-16,2022-03-16,8.1
001566,2020-04-23,,2020-04-23,14,False,107.7,2020-04-23,2020-04-03,2020-04-23,7.6
001640,2021-02-28,,2021-02-28,8,False,62.1,2021-02-28,2021-02-07,2021-02-28,9.1
001652,2021-03-09,,2021-03-09,11,False,78.5,2021-03-09,2021-03-09,2021-03-09,5.5
001659,2022-10-05,,2022-10-05,11,False,104.0,2022-10-05,2022-10-05,2022-10-05,10.0
001684,2021-11-14,,2021-11-14,14,False,100.3,2021-11-14,2021-11-14,2021-11-14,4.5
001695,2022-07-01,,2022-07-01,14,False,83.8,2022-07-01,2022-07-01,2022-07-01,5.0
001699,2021-12-22,,2021-12-22,13,False,103.1,2021-12-22,2021-12-22,2021-12-22,7.2
001712,2021-07-18,2,2021-07-18,14,True,107.9,2021-07-18,2021-07-18,2021-07-18,10.4
001724,2021-05-13,,2021-05-13,13,False,91.4,2021-05-13,2021-05-13,2021-05-13,4.5
001758,2023-03-09,,2023-03-09,15,False,83.3,2023-03-09,2023-03-09,2023-03-09,13.9
001768,2021-06-29,2,2021-06-29,14,True,56.5,2021-06-29,2021-06-29,2021-06-29,6.1
001775,2021-04-02,,2021-04-02,15,False,104.7,2021-04-02,2021-04-02,2021-04-02,4.8
001790,2021-01-16,,2021-01-16,7,False,89.0,2021-01-16,2021-01-01,2021-01-01,9.7
001802,2021-05-03,,2021-08-05,8,False,52.8,2021-03-05,2021-03-02,2021-03-20,7.5
001808,2020-08-13,2,2020-08-13,12,True,106.5,2020-08-13,2020-08-13,2020-08-13,6.8
001811,2023-10-22,,2023-10-02,14,False,79.1,NONE-10-22,NONE-10-22,2023-10-22,6.0
001814,2022-06-07,,2022-06-07,11,False,92.7,2022-06-07,2022-06-07,2022-06-07,7.7
001821,2020-09-01,,2020-09-01,11,False,88.0,2020-09-17,2020-09-01,2020-09-01,10.0
001834,2022-07-12,,2022-07-12,11,False,109.1,2022-07-12,2022-07-12,2022-07-12,23.1
001856,2023-10-28,,2023-10-28,13,False,92.4,2023-10-28,2023-10-28,2023-10-28,5.8
001866,2021-09-17,,2021-09-17,9,False,72.6,2021-09-17,2021-09-17,2021-09-17,4.0
001879,2021-09-01,,2021-09-01,14,False,80.2,2028-09-01,2021-09-01,2024-09-04,13.6
001888,2023-08-22,,2023-08-22,13,False,95.5,2023-08-02,2023-08-22,2023-08-22,13.8
001902,2021-10-28,,2021-10-28,12,False,103.1,2021-10-28,2021-10-28,2021-10-28,5.4
001917,2021-05-25,,2021-05-25,10,False,106.9,2021-05-25,2021-05-25,2021-05-25,3.8
001926,2021-04-27,,2021-04-27,14,False,109.4,2021-04-27,2021-04-27,2021-04-27,3.7
001947,2022-08-10,2,2020-08-10,9,True,108.7,2020-08-10,2022-08-10,2022-08-10,5.4
001950,2023-07-16,,2023-07-16,12,False,63.1,2023-07-16,2023-07-16,2023-07-16,7.9
001956,2021-10-NONE,,2021-10-NONE,12,False,95.9,2021-10-NONE,2021-10-NONE,2021-10-NONE,8.6
001959,2020-11-13,,2020-11-13,14,False,97.3,2020-11-13,2020-11-13,2020-11-13,8.0
001970,2021-06-18,,2021-06-18,15,False,106.7,2021-06-18,2021-06-18,2021-06-18,4.9
001973,2023-03-15,,2023-03-15,7,False,43.6,2023-03-15,2023-03-15,2023-03-15,13.2
001996,2021-12-18,,2021-12-18,15,False,82.6,2021-12-18,2021-12-18,2021-12-18,4.3
002002,2022-01-27,b,2022-01-27,12,False,90.7,2022-01-27,2022-01-27,2022-01-27,4.1
002018,2021-10-23,,2021-10-23,12,False,104.7,2021-10-23,2021-10-23,2021-10-23,4.3
002026,NONE,,2020-01-03,13,False,74.8,2020-01-03,2020-01-03,2020-01-03,7.6
002029,2020-11-22,,2020-11-22,15,False,108.2,2020-11-22,2020-11-22,2020-11-22,5.9
002043,2019-12-20,,2019-12-20,12,False,109.8,2019-12-20,2019-12-20,2019-12-20,3.5
002055,2021-12-NONE,,NONE,13,False,61.9,NONE,2021-12-31,NONE,50.1
002071,2022-03-24,,2022-03-24,13,False,71.5,2022-03-24,2022-03-24,2022-03-24,4.3
002095,2021-04-28,,2021-04-28,11,False,105.4,2021-04-28,2021-04-22,2021-04-22,4.0
002113,2022-03-12,,2022-03-12,12,False,108.5,2022-03-12,2022-03-12,2022-03-12,4.0
002119,2021-01-03,,2021-01-03,15,False,97.7,2021-01-03,2021-01-03,2021-01-03,11.4
002131,2021-11-01,,2021-11-01,14,False,79.3,NONE,2021-01-01,2021-01-NONE,12.6
002150,2021-03-31,,2021-03-31,7,False,92.4,2021-03-31,2021-03-31,2021-03-31,6.3
002163,2023-06-18,?,NONE,15,False,94.1,NONE,NONE,NONE,31.7
002173,NONE-07-01,,NONE-07-01,14,False,105.4,NONE-07-01,NONE-07-01,NONE-07-01,4.1
002180,2022-01-19,,2022-01-19,15,False,89.4,2022-01-19,2022-01-19,2022-01-19,8.7
002184,2020-09-25,,2020-09-25,15,False,104.0,2020-09-25,2020-09-25,2020-09-25,8.2
002190,2022-02-04,b,NONE,14,False,35.4,NONE,NONE,NONE,19.8
002196,2021-10-28,,2021-10-28,13,False,109.8,2021-10-28,2021-10-28,2021-10-28,5.2
002199,2021-08-05,,2021-08-05,12,False,97.7,2021-08-05,2021-08-05,2021-08-05,3.6
002215,2020-10-06,,2020-10-16,11,False,87.0,2020-10-16,2020-10-16,2020-10-16,4.1
002218,2023-05-NONE,,2023-05-NONE,14,False,77.1,2023-05-15,2023-05-15,2023-05-15,5.0
002240,2021-05-26,,2021-05-26,11,False,106.5,2021-05-26,2021-05-26,2021-05-26,9.7
002272,2021-08-02,,2021-08-02,13,False,105.1,2021-08-02,2021-08-02,2021-08-02,5.6
002286,2021-12-31,,2021-12-31,11,False,107.8,2021-12-31,2021-12-31,2021-12-31,9.3
002293,2021-07-03,,2021-07-03,6,False,46.2,2021-07-03,2021-07-03,2021-07-03,8.0
002300,2022-01-31,,2022-01-31,15,False,106.0,2022-01-31,2022-01-31,2022-01-31,5.0
002315,2022-06-15,,2022-06-15,13,False,108.0,2022-06-15,2022-06-15,2020-02-02,23.8
002325,2020-09-06,,2020-09-06,15,False,101.5,2020-09-06,2020-09-06,2020-09-06,3.1
002340,2021-12-28,,2021-12-28,13,False,88.3,2021-12-28,2021-12-28,2021-12-28,6.6
002346,NONE-02-12,,NONE,14,False,94.8,2020-05-12,NONE,2020-05-12,13.1
002358,2021-10-10,,2021-10-10,7,False,42.2,2021-10-10,2021-10-10,2021-10-10,4.6
002367,2020-10-01,,2020-10-01,15,False,56.2,2020-10-01,2020-10-01,2020-10-01,3.3
002370,2022-05-12,,2022-05-12,15,False,109.7,2022-05-12,2022-05-12,2022-05-12,4.0
002389,2021-08-04,,2021-08-04,13,False,98.2,2021-08-04,2021-08-04,2021-08-04,2.6
002401,2022-11-04,,2022-12-04,11,False,106.3,2022-12-04,2022-11-04,NONE,35.4
002404,2022-10-02,,NONE,13,False,53.9,NONE,NONE,NONE,18.2
002413,2022-07-20,,2022-07-20,12,False,87.9,2022-07-20,2022-07-20,2022-07-20,4.2
002417,2021-12-25,,2021-12-25,12,False,56.6,2021-12-25,2021-12-25,2021-12-25,3.1
002425,2022-06-09,,2022-06-09,11,False,84.9,2022-06-09,2022-06-09,2022-06-09,3.0
002452,2021-12-22,,NONE,15,False,103.2,NONE,NONE,NONE-12-22,51.0
002461,2021-10-31,,2021-10-31,15,False,97.6,2021-10-31,2021-10-31,2021-10-31,5.0
002472,2021-03-18,2,2021-03-18,12,True,100.6,2021-08-18,2021-03-12,2021-03-12,6.3
002478,2023-03-15,,2023-03-15,14,False,107.0,2023-03-15,2023-03-15,2023-03-15,4.3
002496,2021-01-27,,2021-01-27,12,False,87.3,2021-01-27,2021-01-27,2021-01-27,3.5
002509,2021-11-09,,2021-11-09,12,False,63.3,2021-11-09,2021-11-09,2021-11-09,4.1
002513,2021-11-04,,2021-11-04,12,False,65.5,2021-11-04,2021-11-04,2021-11-04,3.0
002543,2021-10-17,,NONE-10-17,12,False,95.3,2017-10-17,2021-10-17,2021-10-17,7.4
002581,2021-11-17,,2021-01-17,13,False,92.2,2021-02-20,2021-11-17,2021-01-17,9.1
002618,2022-05-04,,2022-05-04,14,False,84.8,2022-05-04,2022-05-04,2022-05-04,16.6
002624,2022-12-19,b,2022-12-19,14,False,80.1,2022-12-19,2022-12-19,2022-12-19,4.4
002634,2022-02-03,,2022-02-03,13,False,96.1,2022-02-03,2022-02-03,2022-02-03,7.6
002640,2021-12-04,,2021-12-04,11,False,63.6,2021-12-04,2021-12-04,2021-12-04,7.7
002644,2022-11-NONE,,NONE,15,False,94.7,NONE,NONE-11-22,NONE,33.8
002660,2022-06-11,,2022-06-11,11,False,99.9,2022-06-11,2022-06-11,2022-06-11,5.1
002678,2021-08-04,,2021-08-04,15,False,67.1,2021-08-04,2021-08-04,2021-08-04,5.1
002714,2021-10-22,?b,2021-12-12,9,False,74.1,2021-12-15,2021-10-22,2021-12-12,4.4
002749,2020-12-NONE,,2020-12-17,6,False,90.0,2020-12-17,2020-12-17,2020-12-17,4.1
002758,2022-09-10,,2022-09-10,14,False,107.3,2022-09-10,2022-09-10,2022-09-10,5.1
002771,2021-10-10,,2021-10-11,15,False,66.9,2021-10-11,2021-10-10,2021-10-20,6.7
002787,2022-06-22,2,2022-06-22,14,True,81.4,2022-06-22,2022-06-22,2022-06-22,7.8
002794,2022-10-05,,2022-10-05,14,False,86.1,2022-10-05,2022-10-05,2022-10-05,2.6
002806,2023-01-13,,2023-01-13,15,False,77.3,2023-01-13,2023-01-13,2025-01-13,16.7
002823,2021-10-07,,2021-10-07,11,False,76.8,2021-10-07,2021-10-07,2021-10-07,5.8
002831,2022-05-21,,NONE-05-21,9,False,109.1,NONE-05-21,NONE,NONE-05-21,22.7
002852,2021-08-02,,2021-08-02,7,False,99.8,2021-08-02,2021-08-02,2021-08-02,11.6
002879,2021-06-21,,2021-06-21,10,False,95.6,2021-06-21,2021-06-21,2021-06-21,4.4
002889,2021-07-15,,2021-07-15,11,False,91.6,2021-07-15,2021-07-15,2021-07-15,5.2
002918,2021-04-30,,2030-04-02,15,False,108.1,2021-04-30,2021-04-30,2021-04-30,5.9
002969,2021-07-07,,2021-07-07,10,False,103.7,2021-07-07,2021-07-07,2021-07-07,5.0
002973,2022-03-20,,2022-03-20,15,False,90.5,2022-03-20,2022-03-20,2022-03-20,4.1
002979,2020-07-20,,2020-07-20,7,False,98.3,2020-07-20,2021-07-20,2020-07-20,15.3
002985,2021-05-01,,2021-05-01,11,False,105.2,2021-05-01,2021-05-01,2021-05-01,5.3
002995,2022-07-13,,2022-07-13,12,False,71.8,2022-07-13,2022-07-13,2022-07-13,6.9
003015,2022-07-01,,2022-07-NONE,11,False,95.8,2022-07-08,2022-07-01,2022-07-NONE,9.5
003053,2021-10-28,,2021-10-28,12,False,105.4,2021-10-28,2021-10-28,2021-10-28,18.4
003056,2021-03-06,,2021-03-06,8,False,106.9,2021-03-06,2021-03-06,2021-03-06,10.5
003074,2021-08-25,,2021-08-25,15,False,68.1,2021-08-25,2021-08-25,2021-08-25,8.3
003077,2021-12-13,,2021-12-13,13,False,102.5,2021-12-13,2021-12-13,2021-12-13,4.7
003084,2021-12-02,,2021-12-02,11,False,62.8,2021-12-02,2021-12-02,2021-12-02,4.7
003115,2021-09-25,2,2022-09-05,11,True,73.4,2021-09-25,2020-05-NONE,2021-09-25,9.9
003119,2021-07-10,,2021-07-10,7,False,83.5,2021-07-10,2021-07-10,2021-07-10,12.2
003142,2021-12-11,2,2021-12-11,15,True,85.0,2021-12-11,2021-12-11,2021-12-11,6.4
003155,2021-07-11,,2021-07-11,14,False,66.8,2021-07-11,2021-07-11,2021-07-11,6.8
003164,2021-02-09,,2021-02-09,6,False,97.3,2021-02-09,2021-02-09,2021-02-09,3.8
003185,2021-06-28,,2020-06-28,12,False,82.1,NONE,NONE,2021-06-08,15.5
003192,2021-11-19,2,2021-11-19,15,True,99.6,2021-11-19,2021-11-19,2021-11-19,6.7
003202,2021-10-NONE,,2021-10-NONE,9,False,108.5,2021-10-NONE,2021-10-NONE,2021-10-NONE,4.2
003212,2022-08-25,,2022-08-25,13,False,109.7,2022-08-25,2022-08-25,2022-08-25,11.6
003242,2022-01-28,2,2025-01-22,14,True,75.4,2026-08-02,2022-01-02,2022-01-02,15.0
003253,2020-10-20,,2020-10-20,15,False,100.6,2020-10-20,2020-10-20,2020-10-20,5.1
003286,2021-08-06,2,2021-08-06,12,True,45.8,2021-08-06,2021-08-06,2021-08-06,6.4
003289,2022-01-31,2,2022-08-10,11,True,63.3,2022-01-31,2022-01-31,2022-08-10,8.6
003298,2021-10-21,,2021-10-21,13,False,91.3,2021-10-21,2021-10-01,2021-10-27,4.5
003312,2021-03-11,2,2021-03-NONE,13,True,77.9,NONE,NONE,NONE,22.8
003322,2021-09-01,,2021-01-09,13,False,75.5,2021-01-01,2021-09-NONE,2021-09-NONE,5.4
003336,2021-07-02,,2021-07-02,15,False,59.3,2021-07-02,2021-07-02,2021-07-02,7.8
000015,2026-03-01,2,2026-03-01,14,True,75.8,2026-03-01,2026-03-01,2026-03-01,10.3
000119,2026-08-24,,2026-08-24,13,False,101.1,2026-08-24,2026-08-24,2026-08-24,3.7
000128,2026-05-28,,2026-05-28,7,False,108.6,2026-05-28,2026-05-28,2026-05-28,6.0
000138,2026-05-14,,2026-05-14,6,False,94.2,2026-05-14,2026-05-14,2026-05-14,7.4
000157,2027-07-08,t,NONE,9,False,109.2,NONE,NONE,NONE,41.5
000184,2027-11-19,,2027-11-01,6,False,108.5,2027-11-01,2027-11-01,2027-11-19,5.2
000191,2026-06-15,,NONE,15,False,96.6,NONE,NONE,NONE,52.9
000212,2026-12-16,,2026-12-16,15,False,105.8,2026-12-16,2026-12-16,2026-12-16,36.5
000261,2026-03-07,2,2026-03-07,11,True,92.6,2026-03-07,2026-03-07,2026-03-07,6.8
000267,2026-06-02,,2026-06-02,14,False,108.8,2026-06-02,2026-06-02,2026-06-02,6.9
000426,2026-12-26,,2026-12-26,13,False,95.5,2026-12-26,2026-12-26,2026-12-26,5.6
000507,2026-05-19,2,2026-05-19,15,True,85.8,2026-05-19,2026-05-19,2026-05-19,19.3
000530,2026-06-24,,2030-12-14,11,False,106.4,2030-12-14,2030-12-14,2030-12-14,18.0
000547,2026-05-28,,2026-05-28,13,False,104.6,2026-05-28,2026-05-28,2026-05-28,5.3
000605,2028-07-01,,2028-07-01,12,False,109.9,2028-07-01,2028-07-01,2028-07-01,3.3
000671,2026-03-31,,2026-03-31,8,False,108.7,2026-03-31,2026-03-31,2026-03-31,7.7
000675,NONE,?,2028-06-03,11,False,101.8,2028-06-03,2028-06-03,2028-06-03,4.1
000778,2026-06-22,,2026-06-22,12,False,108.3,2026-06-22,2026-06-22,2026-06-22,5.2
000857,2025-01-28,,2025-01-28,11,False,108.0,2025-01-28,2025-01-28,2025-01-28,9.4
000860,2022-07-23,,2022-07-23,12,False,103.8,2022-07-23,2022-07-23,2022-07-23,11.8
000868,2021-10-23,,NONE,6,False,95.3,2020-02-02,NONE,NONE-01-17,16.9
000891,2021-04-05,,2021-04-05,11,False,73.6,2021-04-05,2021-04-05,2021-04-05,15.8
000898,2025-05-19,,2025-05-19,8,False,94.7,2025-05-19,NONE,2025-05-09,33.5
000909,2021-09-20,,2021-09-20,14,False,100.4,2021-09-20,2021-09-20,2021-09-20,3.6
000915,2021-07-21,,2021-07-21,11,False,108.6,2021-07-21,2021-07-21,2021-07-21,6.0
000929,2022-03-13,,2022-03-13,15,False,69.2,2022-03-13,2022-03-13,2022-03-13,7.6
000944,2021-07-03,,2021-07-03,12,False,103.6,2021-07-03,2021-07-03,2020-04-03,8.4
000948,2021-10-24,2,2021-10-24,12,True,94.3,2021-10-24,2021-10-24,2021-10-24,12.0
000968,2022-10-17,,2022-10-NONE,6,False,93.4,2022-10-12,2022-10-17,2022-10-17,7.3
000972,2021-06-25,,2021-06-25,14,False,103.2,2021-06-25,2021-06-25,2021-06-25,4.5
000997,NONE-02-19,,NONE,15,False,78.1,NONE,NONE,NONE,25.8
001000,2021-09-07,,2021-09-07,12,False,106.8,2021-09-07,2021-09-07,2021-09-07,13.0
001013,2021-11-10,2,2021-11-10,12,True,86.3,2021-11-10,2021-11-10,2021-11-10,6.7
001019,2021-05-15,b,NONE,12,False,48.0,NONE,NONE,NONE,22.0
001029,2021-07-07,2,2021-07-07,13,True,82.4,2021-07-07,2021-07-07,2021-07-07,6.4
001053,2022-09-01,,2022-09-01,11,False,109.9,2022-09-01,2022-09-01,2022-09-01,47.9
001075,2021-09-30,,2021-09-30,6,False,91.1,2021-09-30,2021-09-30,2021-09-30,10.9
001079,2023-09-24,,2023-09-24,11,False,60.7,2023-09-24,2023-09-24,2023-09-24,3.8
001082,2021-06-17,,2021-06-17,11,False,69.5,2021-06-17,2021-06-17,2021-06-17,7.5
001085,2023-10-09,,2023-10-09,13,False,102.0,2023-10-09,2023-10-09,2023-10-09,8.8
001088,2022-06-14,,2022-06-14,8,False,107.9,2022-06-14,2022-06-14,2022-06-14,3.7
001105,2021-08-26,2,2020-11-02,14,True,69.7,2021-08-26,2020-11-02,2020-01-22,5.3
001114,2023-11-15,,2023-11-15,14,False,83.9,2023-11-15,2023-11-15,2023-11-15,7.4
001136,2022-09-24,,NONE,10,False,90.4,NONE,NONE,NONE,22.0
001149,2022-07-31,,2022-07-31,11,False,82.6,2022-07-31,2022-07-31,2022-07-31,4.6
001166,2022-01-20,,NONE,13,False,105.2,NONE,NONE,2025-02-02,60.7
001176,2021-09-07,d,2021-09-07,14,False,65.4,2021-09-07,2021-09-07,2021-09-07,6.3
001191,2020-12-08,,2020-12-08,13,False,108.0,2020-12-08,2020-12-08,2020-12-08,19.5
001195,2021-10-18,,2021-10-18,15,False,102.0,2021-10-18,2021-10-18,2021-10-18,8.9
001208,2020-08-18,,2020-08-18,8,False,45.3,2020-08-18,2020-08-18,2020-08-18,4.4
001211,2021-07-03,,2021-07-03,11,False,103.0,2021-07-03,2021-07-03,2021-07-03,8.0
001251,2021-04-11,2,2021-04-11,15,True,80.0,2021-04-11,2021-04-11,2021-04-11,4.2
001274,2022-06-17,,2022-06-17,14,False,92.0,2022-06-17,2022-06-17,2022-06-17,12.8
001284,2022-04-23,,2022-04-23,12,False,103.4,2022-04-23,2022-04-23,2022-04-23,6.7
001294,2021-11-NONE,,2021-11-NONE,11,False,108.4,2021-11-NONE,2021-12-11,2021-11-NONE,5.9
001297,2023-11-NONE,,2023-11-NONE,15,False,85.0,2023-11-NONE,2023-11-NONE,2023-11-08,11.8
001313,2022-01-15,,NONE,12,False,95.8,2028-06-12,2022-01-15,2022-01-15,35.0
001324,2023-07-09,2,2023-07-09,6,True,103.0,2023-07-09,2023-07-09,2023-07-09,6.0
001333,2021-12-NONE,,2021-12-NONE,12,False,93.2,2021-12-NONE,2021-12-NONE,2021-12-NONE,2.8
001357,NONE-08-20,,2022-08-NONE,15,False,109.1,2022-08-NONE,2022-08-NONE,2022-08-NONE,4.7
001364,2021-02-NONE,,2018-02-02,12,False,104.0,2018-01-18,2018-01-20,2018-01-21,24.5
001380,2021-04-09,,2021-04-09,14,False,99.8,2021-04-09,2021-04-09,2021-04-09,4.6
001390,2021-06-20,,2021-06-20,15,False,92.9,2021-06-20,2021-06-20,2021-06-20,4.0
001419,2021-07-18,,2021-07-18,13,False,109.6,2021-07-18,2021-07-18,2021-07-18,3.3
001423,2021-11-NONE,,2021-11-17,15,False,56.1,2021-11-17,2021-11-17,2021-11-17,6.3
001427,2020-08-12,,2020-08-12,14,False,82.4,2020-08-12,2020-08-12,2020-08-12,4.3
001431,2021-08-19,,2021-08-01,7,False,85.8,2019-08-21,2021-08-19,2019-08-21,19.9
001465,2022-11-18,,NONE-11-18,15,False,91.6,2022-01-13,2022-04-11,NONE-11-18,4.7
001485,2022-09-28,,2022-09-28,6,False,94.2,2022-09-28,2022-09-28,2022-09-28,5.2
001503,2021-06-24,,2021-06-24,11,False,77.5,2021-06-24,2021-06-24,2021-06-24,2.9
001523,2021-06-14,2,2021-01-15,11,True,98.6,2021-01-15,2021-01-12,NONE,16.6
001557,2022-03-16,2,2022-03-16,13,True,86.2,2022-03-16,2022-03-16,2022-03-16,4.3
001564,2020-08-05,2,NONE,15,True,80.2,NONE,NONE,NONE,15.2
001567,2020-04-23,,2020-01-15,11,False,60.6,2023-11-12,2020-04-23,2020-04-23,9.1
001593,2022-01-05,,2022-01-05,12,False,98.1,2022-01-05,2022-01-05,2022-01-05,3.2
001602,2021-02-11,,2021-02-11,13,False,74.7,2021-02-11,2021-02-11,2021-02-11,3.1
001609,2021-06-29,,2021-06-29,6,False,81.7,2021-06-29,2021-06-29,2021-06-29,2.5
001621,2022-07-19,,2022-07-19,11,False,69.3,2022-07-19,2022-07-19,2022-07-19,3.2
001627,2021-07-03,,2022-07-05,14,False,73.9,2021-07-05,NONE,2021-07-03,11.2
001650,2019-08-18,,2019-08-18,12,False,73.0,2019-08-18,2019-08-18,2019-08-18,3.5
001689,2021-06-22,,NONE,15,False,108.3,NONE,NONE,NONE,12.9
001716,2021-02-07,,2021-02-07,15,False,70.8,2021-02-07,2021-02-07,2021-02-07,2.9
001781,2020-09-01,2,2020-09-01,14,True,83.4,2020-09-01,2020-09-01,NONE-08-01,11.6
001797,2020-05-26,2,NONE,14,True,87.0,NONE,NONE,NONE,25.3
001803,2021-01-15,,2021-01-15,11,False,108.8,2021-01-15,2021-01-15,2021-01-15,3.1
001809,2020-08-13,2,2020-08-13,6,True,93.7,2020-08-13,2020-08-13,2020-08-13,5.8
001835,2022-07-12,,NONE,9,False,94.0,2031-01-12,NONE,NONE,11.0
001845,2021-11-23,,2021-11-23,15,False,77.3,2021-11-23,2021-01-23,2021-11-23,2.9
001864,2023-08-04,,NONE,14,False,96.2,NONE,NONE,NONE,21.2
001877,2021-11-03,,2021-11-03,11,False,95.6,2021-11-03,2021-11-03,2021-11-03,4.1
001880,2024-09-01,,NONE,15,False,44.8,NONE,NONE,NONE,12.4
001896,2021-03-17,,2021-03-17,7,False,104.3,2021-03-17,2021-03-17,2021-03-17,2.8
001934,2022-03-29,,2022-03-29,15,False,104.7,2022-03-29,2022-03-29,2022-03-29,4.8
001937,2021-12-21,,2021-12-21,6,False,61.9,2021-12-21,2021-12-21,2021-12-21,5.2
001940,2021-03-14,b,2021-03-14,12,False,81.4,2021-03-14,2027-08-14,2027-03-14,6.5
001948,2022-08-10,2,2022-08-10,14,True,76.9,2022-08-10,NONE-10-05,2020-08-10,10.8
001954,2021-10-NONE,,2021-07-04,13,False,88.5,2021-10-NONE,2027-10-NONE,2027-10-15,12.9
001971,2021-06-18,,2021-06-18,13,False,78.3,2021-06-18,2021-06-18,2021-06-18,2.9
002000,2021-04-24,,2021-04-24,11,False,75.4,2021-04-24,2021-04-24,2021-04-24,4.5
002024,2020-11-10,,2020-11-10,12,False,84.7,2020-11-10,2020-11-10,2020-11-10,2.9
002044,2019-12-20,,2019-12-20,14,False,83.0,2019-12-20,2019-12-20,2019-12-20,2.9
002050,2021-03-25,,2021-03-25,12,False,76.7,2021-08-20,2021-03-25,2021-03-25,7.4
002099,2021-05-25,,2021-05-25,11,False,79.9,2021-05-25,2021-05-25,2021-05-25,2.6
002117,2020-07-05,,2020-07-05,12,False,107.3,2020-07-05,2020-07-05,2020-07-05,5.5
002126,2021-04-21,,2021-04-02,11,False,81.4,2021-04-02,2021-04-02,NONE,11.7
002132,2021-10-04,,2021-10-04,14,False,102.2,2021-10-04,2021-10-04,2021-10-04,3.8
002158,NONE-04-13,,NONE-04-13,12,False,109.6,NONE-04-13,NONE-04-13,NONE-04-13,4.7
002185,2020-09-25,,2020-09-25,15,False,60.6,2020-09-25,2024-09-25,2020-09-25,4.1
002188,2020-08-07,,2020-08-07,12,False,104.3,2020-08-07,2020-08-07,2020-08-07,3.8
002191,2020-10-20,,2020-10-20,15,False,103.1,2020-10-20,2020-10-20,2020-10-20,2.0
002209,2022-05-31,,2022-05-31,9,False,59.8,2022-05-31,2022-05-31,2022-05-31,4.2
002225,2022-09-14,,2022-09-14,11,False,92.3,2022-09-14,2022-09-14,2022-09-14,2.9
002241,2021-05-26,,NONE,13,False,68.2,NONE,NONE,2021-05-26,11.2
002248,2021-09-07,,2021-09-07,7,False,90.6,2021-09-07,2021-09-07,2021-09-07,3.0
002267,2022-09-NONE,,2022-09-NONE,12,False,103.5,2022-09-NONE,2022-09-NONE,2022-09-NONE,3.3
002298,2021-10-15,,2021-10-15,14,False,109.1,2021-10-15,2021-10-15,2021-10-15,2.4
002305,2022-07-31,,2022-07-31,15,False,106.4,2022-07-31,2022-07-31,2022-07-31,2.9
002320,2020-10-29,,2020-10-29,13,False,60.7,2020-10-29,2020-10-29,2020-10-29,3.0
002326,2022-10-23,,2022-10-23,15,False,101.2,2022-10-23,2022-10-23,2022-10-23,3.2
002341,2021-12-15,2,2021-12-15,13,True,96.0,2021-12-15,2021-12-15,2021-12-15,3.5
002344,2022-04-09,,2022-04-09,14,False,106.5,2022-04-09,2022-04-09,2022-10-08,4.1
002353,2021-10-22,,2021-10-22,12,False,109.6,2021-10-22,2021-10-22,2021-10-22,2.4
002362,NONE,,2019-12-10,13,False,106.7,2019-12-10,2019-12-10,2019-12-10,4.7
002402,2022-11-04,,NONE,6,False,76.0,NONE,NONE,NONE,16.6
002419,2023-05-10,,2023-05-10,11,False,90.3,2023-05-10,2023-05-10,2023-05-10,2.8
002423,2023-02-07,,2023-02-07,7,False,63.7,2023-02-07,2023-02-07,2023-02-07,4.9
002426,2021-01-18,,2021-01-18,8,False,97.6,2021-01-18,2021-01-18,2021-01-18,2.6
002430,2021-06-11,,2021-06-11,15,False,96.0,2021-06-11,2021-06-11,2021-06-11,13.9
002442,2021-08-03,,2021-08-03,13,False,72.9,2021-08-03,2021-08-03,2021-08-03,2.9
002446,2021-01-16,,2021-01-16,15,False,61.6,2021-01-16,2021-01-16,2021-01-16,2.7
002450,2021-06-09,2,NONE,15,True,93.2,NONE,NONE,NONE,13.6
002482,2021-03-28,,2021-05-28,15,False,87.3,2021-05-28,2021-05-28,2021-02-NONE,7.1
002488,NONE,m,2021-02-06,15,False,79.0,2021-02-06,2021-02-06,2021-02-06,2.5
002501,2021-08-21,,2021-08-21,11,False,83.2,2021-08-21,2021-08-21,2021-08-21,6.9
002510,2022-03-09,,2022-03-09,12,False,94.3,2022-03-09,2022-03-09,2022-03-09,2.4
002514,2022-02-16,,2022-02-16,12,False,98.5,2022-02-16,2022-02-16,2022-02-16,3.9
002535,2021-12-04,,2021-12-04,7,False,109.1,2021-12-04,2021-12-04,2021-12-04,3.1
002559,2022-04-01,,2022-04-07,15,False,92.6,2022-04-05,NONE,NONE,12.5
002565,2021-09-25,,2021-09-25,15,False,94.2,2021-09-25,2021-09-25,2021-09-25,3.1
002579,2024-01-14,,2024-01-14,12,False,99.2,2024-01-14,2024-01-14,2024-01-14,4.9
002603,2022-07-07,,2022-07-07,14,False,78.3,2022-07-07,2022-07-07,2022-07-07,4.0
002616,2022-12-21,,2022-12-21,7,False,89.2,2022-12-21,2022-12-21,2022-12-21,3.0
002622,2023-12-21,,2023-12-21,8,False,74.5,2023-12-21,2023-12-21,2023-12-21,2.6
002638,2022-11-01,,2022-11-01,7,False,103.8,2022-11-01,2022-11-01,2022-11-01,6.3
002676,2021-03-23,,2021-03-23,15,False,95.5,2021-03-23,2021-03-23,2021-03-23,2.7
002702,2022-12-16,,2022-12-16,7,False,92.5,2022-12-16,2022-12-16,2022-12-16,3.5
002706,2021-12-07,,2021-12-07,11,False,94.5,2021-12-07,2021-12-07,2021-12-07,2.9
002735,2022-02-04,,2022-02-04,15,False,107.8,2022-02-04,2022-02-04,2022-02-04,2.9
002739,2021-09-26,2,2021-09-26,11,True,99.1,2021-09-26,2021-09-26,2021-09-26,2.7
002769,2021-12-08,,2021-12-08,13,False,106.0,2021-12-08,2021-12-08,2021-12-08,2.2
002789,2021-04-03,,2021-04-03,12,False,85.0,2021-04-03,2021-04-03,2021-04-03,4.7
002798,2021-04-28,,NONE,15,False,99.4,NONE,2019-09-NONE,2019-09-NONE,7.9
002821,2021-11-19,,2021-11-19,7,False,103.7,2021-11-19,2021-11-19,2021-11-19,5.0
002832,2021-08-30,,2021-08-30,6,False,100.4,2021-08-30,2021-08-30,2021-08-30,2.0
002977,2020-05-12,,2020-12-05,12,False,98.1,2020-12-05,2020-12-05,2020-12-05,4.2
003006,2022-05-26,,2022-05-26,14,False,101.8,2022-05-26,2022-05-26,2022-05-26,2.1
003009,2021-10-05,,2021-10-05,15,False,107.3,2021-10-05,2021-10-05,2021-10-05,2.8
003013,2024-01-29,,2024-01-29,13,False,105.1,2024-01-29,2024-01-29,2024-01-29,3.2
003030,2021-11-02,,2021-11-02,12,False,103.7,2021-11-02,2021-11-02,2021-11-02,3.9
003051,2020-12-19,,2020-12-19,15,False,104.4,2020-12-19,2020-12-19,2020-12-19,3.0
003054,2021-10-28,,2021-10-28,12,False,84.4,2021-10-28,2021-10-28,2021-10-28,5.0
003075,2021-01-16,,2021-01-16,13,False,86.8,2021-01-16,2021-01-16,2021-01-16,5.9
003078,2021-12-13,,2021-12-13,14,False,96.4,2021-12-13,2021-12-13,2021-12-13,3.8
003092,2021-09-17,,2021-09-17,11,False,98.5,2021-09-17,2021-09-17,2021-09-17,7.9
003113,2021-03-28,,2022-10-28,9,False,105.7,2022-10-28,NONE,2022-10-28,7.1
003130,2022-03-30,,2022-03-30,13,False,85.7,2022-03-30,2022-03-30,2022-03-30,6.3
003133,2021-05-22,,2021-05-22,13,False,67.3,2021-05-22,2021-05-22,2021-05-22,2.6
003143,2021-12-11,2,2021-12-11,15,True,50.2,2020-12-12,2021-12-11,2020-12-12,3.2
003149,2022-01-14,,2022-01-14,12,False,107.8,2022-01-14,2022-01-14,2022-01-14,2.9
003153,2021-06-30,,2021-06-30,11,False,77.8,2021-06-30,2021-06-30,2021-06-30,4.2
003203,2021-10-NONE,,2021-10-NONE,15,False,58.4,2021-10-NONE,2021-10-NONE,2021-10-NONE,4.0
003210,2022-12-02,,2022-12-02,8,False,108.8,2022-12-02,NONE-12-02,NONE-12-02,6.0
003213,2024-01-12,,2024-01-12,12,False,85.6,NONE-01-24,2024-01-12,2024-01-12,7.6
003219,2021-03-16,,2021-03-16,14,False,78.3,2021-03-16,2021-03-16,2021-03-16,5.7
003261,2022-07-29,,2022-07-29,14,False,77.7,2022-07-29,2022-07-29,2022-07-29,2.8
003264,2021-09-13,,2021-09-13,13,False,98.2,2021-09-13,2021-09-13,2021-09-13,2.9
003271,2021-07-07,,2021-07-07,14,False,82.4,2021-07-07,2021-07-07,2021-07-07,6.8
003314,2021-07-05,,2021-07-05,13,False,86.6,NONE-07-05,NONE,NONE,16.1
003343,2023-12-30,,2023-12-30,11,False,84.7,2023-12-30,2023-12-30,2023-12-30,2.4
000004,2022-02-14,b,2027-02-14,14,False,94.5,2030-10-07,2027-02-14,2022-02-14,27.4
000012,2026-03-23,,2026-03-23,10,False,96.7,2026-03-23,2026-03-23,2026-03-23,2.6
000049,2026-03-01,,2026-03-01,13,False,84.8,2026-03-01,2026-03-01,2026-03-01,5.3
000052,2025-11-19,,2025-11-19,15,False,105.0,2025-11-19,2025-11-19,2025-11-19,3.5
000102,2025-11-13,,2025-11-13,15,False,105.6,2025-11-13,2025-11-13,2025-11-13,3.1
000120,2026-08-25,,2026-08-25,13,False,88.4,2026-08-25,2026-08-25,2026-08-25,2.4
000126,2026-06-12,,2026-06-12,11,False,102.3,2026-06-12,2026-06-12,2026-06-12,2.7
000129,2026-01-09,,2026-01-09,13,False,102.8,2026-01-09,2026-01-09,2026-01-09,2.4
000225,2026-04-06,,2026-04-06,12,False,105.1,2026-04-06,2026-04-06,2026-04-06,3.8
000296,2026-07-28,,2026-07-28,13,False,94.9,2026-07-28,2026-07-28,2026-07-28,2.1
000392,2026-08-28,2,2026-08-28,11,True,92.3,2026-08-28,2026-08-28,2026-08-28,4.8
000396,2026-02-27,,2026-02-27,14,False,106.4,2026-02-27,2026-02-27,2026-02-27,3.2
000427,2027-04-01,,2027-04-01,10,False,107.5,2027-04-01,2027-04-01,2027-04-01,2.3
000435,2026-07-14,,2026-07-14,12,False,35.7,2026-07-14,2026-07-14,2026-07-14,2.6
000452,2026-03-25,2,NONE,11,True,107.9,NONE,NONE,NONE,33.1
000591,2026-07-27,,2026-07-27,15,False,99.5,2026-07-27,2026-07-27,2026-07-27,2.8
000700,2025-10-24,,2025-10-24,10,False,95.1,2025-10-24,2025-10-24,2025-10-24,2.6
000723,2026-05-10,,NONE,15,False,107.1,NONE,NONE,NONE,20.7
000807,2026-05-29,,2026-05-29,12,False,104.5,2026-05-29,2026-05-29,2026-05-29,2.1
000835,2026-02-02,,2026-02-02,15,False,85.8,2026-02-02,2026-02-02,2026-02-02,2.3
000851,2026-06-30,,2026-06-30,15,False,108.0,2026-06-30,2026-06-30,2026-06-30,4.0
000861,2022-07-23,,2022-07-23,15,False,62.2,2022-07-23,2022-07-23,2022-07-23,4.5
000866,2021-09-25,,2021-09-25,15,False,70.0,2021-09-25,2021-09-25,2021-09-25,2.9
000906,2022-01-NONE,,2022-10-15,9,False,87.8,2022-01-NONE,2022-01-NONE,2022-01-NONE,4.4
000910,2021-09-20,,2021-09-20,15,False,49.1,2021-09-20,2021-09-20,2021-09-20,2.3
000946,2021-09-30,,2021-09-30,11,False,108.2,2021-09-30,2021-09-30,2021-09-30,2.0
000949,2021-10-24,2,2021-10-24,13,True,109.4,2021-10-24,2021-10-24,2021-10-24,8.9
000984,2021-08-20,,2021-08-20,13,False,94.1,2021-08-20,2021-08-20,2021-10-02,6.7
000989,2020-07-21,,NONE,14,False,108.4,2020-07-NONE,2020-07-NONE,NONE,46.6
000992,2021-03-04,,2021-03-04,13,False,91.2,2021-03-04,NONE,NONE,15.6
000998,2021-11-11,2,2021-11-11,14,True,107.8,2021-11-11,2021-11-11,2021-11-11,4.3
001017,2021-02-21,b,2021-02-21,12,False,82.7,2021-02-21,2021-02-21,NONE,14.2
001024,2021-07-13,,2021-07-13,13,False,73.1,2021-07-13,2021-07-13,2021-07-13,2.9
001027,2020-09-08,,2020-09-08,12,False,103.6,2020-09-08,2020-09-08,2020-09-08,2.5
001054,2022-09-01,,2022-09-01,15,False,109.4,2022-09-01,NONE-09-01,NONE-09-01,7.2
001069,2021-03-15,,2021-03-10,13,False,92.4,2021-03-10,2021-03-01,2021-03-11,2.9
001073,2023-09-18,,2023-09-18,12,False,93.7,2023-09-18,2023-09-18,2023-09-18,4.3
001076,2021-07-31,,2031-07-21,12,False,98.9,2021-07-31,2031-07-21,2031-07-20,3.5
001086,2023-10-09,,2023-10-09,12,False,100.4,2023-10-09,2023-10-09,2023-10-09,3.8
001093,2021-05-25,,2021-05-25,12,False,93.5,2021-05-25,2021-05-25,2021-05-25,5.1
001096,2021-06-11,2,2021-11-06,12,True,108.3,2021-11-06,2021-12-01,2021-12-01,8.3
001140,2021-02-28,,2021-02-28,7,False,83.6,2021-02-28,2021-02-28,2021-02-28,3.9
001147,2021-12-13,2,2021-12-13,13,True,81.6,2021-12-13,2021-12-13,2021-12-13,5.1
001150,2021-09-18,,2021-09-18,13,False,105.4,2021-09-18,2021-09-18,2021-09-18,3.8
001167,2022-01-20,,2022-08-02,13,False,54.3,NONE,2027-09-02,NONE,24.1
001192,2020-12-08,d,2020-12-08,11,False,69.0,2020-12-08,NONE,2020-12-08,11.1
001196,2021-10-18,,2021-10-18,10,False,48.3,2021-10-18,2021-10-18,2021-10-18,7.5
001228,2022-01-11,2,2022-01-11,11,True,78.4,2022-01-11,2022-01-11,2022-01-11,4.2
001231,2021-05-05,,2021-05-05,14,False,109.9,2021-05-05,2021-05-05,2021-05-05,2.2
001234,2021-03-09,,2021-03-09,12,False,87.9,2021-03-09,2021-03-09,2021-03-09,2.9
001249,2021-07-15,,2021-07-15,14,False,85.7,2021-07-15,NONE,NONE,11.6
001262,2021-03-25,,NONE,10,False,103.2,2021-03-NONE,NONE,NONE,15.2
001292,2022-11-05,2,2022-11-05,14,True,74.4,2022-11-05,NONE,2022-11-05,23.7
001295,2021-11-NONE,,2021-12-11,12,False,93.1,2021-12-11,2021-12-11,2021-12-11,3.7
001308,2022-11-06,,NONE,14,False,99.4,NONE,2022-11-06,NONE,14.4
001314,2022-01-15,,2022-01-15,11,False,48.9,2022-01-11,2022-01-15,2022-01-15,3.9
001348,2021-10-31,,2021-01-10,15,False,77.1,NONE,2021-10-31,2021-10-31,6.7
001381,2021-04-09,,2021-04-09,14,False,50.2,2021-04-04,2021-04-09,2021-04-09,7.0
001406,2021-07-31,,2031-07-21,12,False,91.7,2031-07-21,2031-07-21,2031-07-21,3.0
001421,2021-07-01,,2021-07-01,12,False,87.0,2021-07-01,2021-07-01,2021-07-01,3.9
001425,2021-06-22,2,2021-06-22,11,True,108.8,2021-06-22,2021-06-22,2021-06-22,8.1
001428,2020-08-12,,2020-08-12,6,False,103.3,2020-08-12,2020-08-12,2020-08-12,6.5
001432,2021-09-29,,2021-09-29,9,False,109.0,2021-09-29,2021-09-29,2021-09-29,3.3
001459,2022-10-29,,2022-10-29,11,False,100.4,2022-10-29,2022-10-29,2022-10-29,3.1
001475,2022-07-10,,2022-07-10,14,False,65.0,2022-07-10,2022-07-10,2022-07-10,3.3
001524,2021-06-25,,2021-06-25,10,False,108.7,2021-06-25,2021-06-25,2021-06-25,7.4
001537,2021-02-19,2,2021-02-26,13,True,66.4,2021-02-19,2025-03-31,2021-01-25,5.9
001559,2024-12-21,,2024-12-21,11,False,56.6,2024-12-21,2024-12-21,2024-12-21,13.0
001580,2022-11-02,,2022-11-02,10,False,56.5,2022-11-02,2022-11-02,2022-11-02,3.5
001619,2023-10-06,,2023-10-06,11,False,99.9,2023-10-06,2023-10-06,2023-10-06,3.3
001648,2021-12-14,,2021-12-14,11,False,62.4,2021-12-14,2021-12-14,2021-12-14,3.4
001651,2021-03-09,,2021-03-09,15,False,106.3,2021-03-09,2021-03-09,2021-03-09,4.3
001690,2020-08-16,,2020-08-16,13,False,106.3,2020-08-16,2020-08-16,2020-08-16,8.1
001708,2021-05-02,,2021-05-02,14,False,102.1,2021-05-02,2021-05-02,2021-05-02,4.1
001714,2021-09-08,d,2021-09-08,8,False,106.3,2021-09-08,2021-09-08,2021-09-08,7.5
001720,2021-03-11,,2021-03-11,7,False,84.8,2021-03-11,2021-03-11,2021-03-11,6.8
001733,2022-11-18,,2022-11-18,15,False,73.2,2022-11-18,2022-11-18,2022-11-18,3.9
001761,2021-11-22,,2021-11-22,13,False,108.7,2021-11-22,2021-11-22,2021-11-22,4.5
001764,2021-12-23,,2021-12-23,15,False,79.4,2021-12-23,2021-12-23,2021-12-23,4.8
001767,2021-06-29,2,2021-06-29,7,True,102.7,2021-06-29,2021-06-29,2021-06-29,3.8
001779,2021-04-09,,2021-04-09,14,False,86.1,2021-04-09,2021-04-09,2021-04-09,3.2
001786,2021-09-19,,2021-09-19,11,False,64.6,2021-09-19,2021-09-19,2021-09-19,2.7
001801,2021-03-05,,2021-03-05,14,False,96.8,2021-03-05,2021-03-02,2021-03-02,7.5
001810,2023-10-22,,2023-10-22,15,False,109.1,2023-10-22,2023-10-22,2023-10-22,2.6
001862,2023-06-18,,2023-06-18,15,False,94.2,2023-06-18,2023-06-18,2023-06-18,6.4
001916,2021-06-24,,2021-06-24,11,False,87.5,2021-06-24,2021-06-24,2021-06-24,3.5
001935,2022-03-29,,2022-03-29,8,False,68.1,2022-03-29,2022-03-29,2022-03-29,5.3
001952,2022-09-16,,2022-09-16,13,False,53.5,2022-09-16,2022-09-16,2022-09-16,3.2
001966,2023-10-12,,2023-10-12,13,False,87.8,2023-10-12,2023-10-12,2023-10-12,3.8
001972,2023-03-15,,2023-03-15,11,False,80.7,2023-03-15,2023-03-15,2023-03-15,5.6
001983,2021-10-20,,2021-10-20,11,False,63.3,2021-10-20,2021-10-20,2021-10-20,4.5
001986,2023-01-04,,2023-01-04,12,False,107.0,2023-01-04,2023-01-04,2023-01-04,4.1
001992,2021-12-28,,2021-12-28,8,False,77.1,2021-12-28,2021-12-28,2021-12-28,5.7
002028,2020-11-26,,2020-11-26,14,False,99.6,2020-11-26,2020-11-26,2020-11-26,6.0
002032,2022-03-22,,2022-03-22,15,False,92.1,2022-03-22,2022-06-21,2022-03-22,6.3
002042,2020-08-27,,2020-08-27,13,False,93.7,2020-08-27,2020-08-27,2020-08-27,8.0
002048,2021-07-31,,2021-07-31,11,False,74.1,2021-07-31,2021-07-31,2021-07-31,4.3
002054,2021-12-NONE,,NONE,14,False,82.5,NONE,NONE,NONE,91.2
002076,2022-03-04,,2022-03-04,6,False,92.3,2022-03-04,2022-03-04,2022-03-04,5.5
002083,2020-11-06,2,2020-11-06,15,True,99.0,2020-11-06,2020-11-06,2020-11-06,3.5
002101,2021-09-17,,2021-09-17,9,False,92.8,2021-09-17,2021-09-17,2021-09-17,3.5
002106,2022-01-03,,2022-01-03,14,False,106.9,2022-01-03,2022-01-03,2022-01-03,3.2
002121,2020-07-20,,2020-07-20,9,False,81.4,2020-07-20,2020-07-20,2020-07-20,3.0
002133,2021-10-04,d,NONE-10-21,9,False,95.2,2021-10-04,NONE-10-21,NONE-10-21,3.6
002142,2021-04-11,,2021-04-11,10,False,86.2,2021-04-11,2021-04-11,2021-04-11,3.1
002153,2019-07-11,2,2019-07-18,12,True,90.8,2019-06-12,2019-06-12,2019-07-17,7.6
002159,NONE-04-13,,NONE-04-13,15,False,72.7,NONE-04-13,NONE-04-13,NONE-04-13,6.7
002175,2021-09-05,,2021-09-05,11,False,94.1,2021-09-05,2021-09-05,2021-09-05,3.2
002179,2022-01-19,,2022-01-19,14,False,90.1,2022-01-19,2022-01-19,2022-01-19,4.3
002183,2019-02-20,,NONE,10,False,108.6,NONE,NONE,NONE,25.4
002189,2022-02-04,,2022-02-04,12,False,87.0,2022-02-04,2022-02-04,2022-02-04,18.8
002229,2023-03-28,,2023-03-28,10,False,69.9,2028-03-NONE,2028-03-23,2028-03-02,6.6
002285,2022-01-06,,2021-01-07,15,False,89.1,2021-01-07,2021-01-07,2021-01-07,6.9
002292,2021-07-03,,2021-07-03,14,False,103.5,2021-07-03,2021-07-03,2021-07-03,25.0
002299,2021-10-15,,2021-10-15,12,False,71.4,2021-10-15,2021-10-15,2021-10-15,5.6
002318,2020-12-03,,2020-12-03,11,False,98.6,2020-12-03,2020-12-03,2020-12-03,5.7
002321,2022-11-04,,2022-11-04,13,False,105.6,2022-11-04,2022-11-04,2022-11-04,4.1
002357,2021-10-10,,2021-10-10,12,False,96.8,2021-10-10,2021-10-10,2021-10-10,6.1
002363,2021-08-04,,2021-08-04,15,False,108.0,2021-08-04,2021-08-04,2021-08-04,7.8
002378,2022-12-21,,2022-12-21,9,False,78.7,2022-12-21,2022-12-21,2022-12-21,8.3
002388,2021-01-14,,2021-01-14,13,False,63.8,2021-01-14,2021-01-14,2021-01-04,4.6
002409,2022-10-29,2,2019-10-29,12,True,107.1,2019-10-29,2019-10-02,NONE-08-07,6.3
002431,2021-06-11,,2021-06-11,12,False,49.7,2021-06-11,2021-06-11,2021-06-11,7.1
002457,2024-09-15,,2024-09-15,11,False,93.2,2024-09-15,2024-09-15,2024-09-15,7.0
002460,2021-11-30,,2021-11-30,11,False,81.5,2021-11-30,2021-11-30,2021-11-30,10.2
002480,2022-07-NONE,,2022-07-NONE,8,False,104.9,2022-07-NONE,2022-07-NONE,2022-07-NONE,5.3
002489,2021-04-18,,2021-04-18,12,False,107.4,2021-04-18,2021-04-18,2021-04-18,6.8
002499,2021-05-07,,2021-05-07,12,False,96.6,2021-05-07,2021-05-07,2021-05-07,4.6
002502,2022-01-24,,2022-01-24,13,False,105.0,2022-01-24,2022-01-24,2022-01-24,5.7
002505,2022-01-06,,2022-01-06,11,False,82.9,2022-01-06,2022-01-06,2022-01-06,4.1
002511,2022-03-09,,2022-03-09,15,False,41.8,NONE,2022-03-09,NONE,17.8
002515,2022-02-16,,2022-02-16,7,False,43.3,2022-02-16,2022-02-16,2022-02-16,4.5
002551,2021-09-30,,2021-09-30,15,False,84.9,2021-09-30,2021-09-30,2021-09-30,5.8
002563,2021-08-29,,2021-08-29,11,False,107.4,2021-08-29,2021-08-29,2021-08-29,5.1
002586,NONE-12-22,,NONE-12-22,14,False,109.7,NONE-12-22,NONE-12-22,NONE-12-22,12.9
002620,2022-03-31,,2022-03-31,10,False,67.6,2022-03-31,2022-09-31,2022-09-31,5.9
002629,2023-05-NONE,,2023-05-20,15,False,101.9,2023-05-02,2023-05-NONE,2023-05-NONE,27.5
002639,2021-12-04,,2021-12-04,11,False,109.2,2021-12-04,2021-12-04,2021-12-04,5.4
002642,2021-10-31,,2021-10-31,13,False,76.8,2021-10-31,2021-10-31,2021-10-31,9.6
002656,2021-03-25,,2021-03-25,15,False,87.6,2021-03-05,2021-03-05,2021-03-05,4.6
002662,2022-01-11,2,2022-01-11,12,True,109.5,2022-01-11,2022-01-11,2022-01-11,8.4
002674,2021-04-25,,2021-04-25,11,False,82.5,2021-04-25,2021-04-25,2021-04-25,5.1
002704,2022-10-29,,2022-10-02,11,False,49.5,2022-10-28,2022-10-02,2022-10-28,4.7
002707,2022-01-20,d,NONE,11,False,84.7,2020-01-02,NONE,NONE,65.3
002716,2021-12-15,,2021-12-15,15,False,90.9,2021-12-15,2021-12-15,2021-12-15,5.5
002724,2019-12-20,,NONE,15,False,102.2,NONE,NONE-04-19,NONE-04-19,11.1
002727,NONE,,2017-03-22,13,False,79.3,2017-03-22,2017-03-22,2017-03-22,4.6
002767,2021-12-01,,2021-12-01,8,False,95.8,2021-12-01,2021-12-01,2021-12-01,5.7
002779,2021-10-02,,2021-10-02,12,False,106.1,2021-10-02,2021-10-02,2021-10-02,6.3
002796,2021-03-18,,2021-03-18,15,False,94.4,2021-03-18,2021-05-18,2021-03-18,4.4
002808,2021-12-29,,2021-12-22,11,False,73.9,2022-01-12,2021-12-20,2021-12-20,5.6
002827,2021-07-03,,NONE,11,False,76.0,2021-12-05,NONE,NONE,17.8
002833,2021-08-30,,2021-08-30,13,False,109.0,2021-08-30,2021-08-30,2021-08-30,7.4
002842,2023-09-22,,2023-09-22,11,False,70.8,2023-09-22,2023-09-22,2023-09-22,5.3
002869,2021-08-04,,2021-08-04,9,False,108.7,2021-08-04,2021-08-NONE,2021-02-02,15.4
002895,2024-02-13,,2024-02-13,13,False,106.2,2024-02-13,2024-02-13,2024-02-13,4.0
002901,2022-08-03,,2022-08-03,6,False,83.9,2022-08-03,2022-08-03,2022-08-03,3.7
002907,2021-10-30,2,2021-10-30,11,True,106.9,2021-10-30,2021-10-30,2021-10-30,20.1
002910,2021-07-21,,2021-07-21,15,False,73.8,2021-07-21,2021-07-21,2021-07-21,3.8
002940,2022-07-29,,2029-07-02,14,False,82.6,2029-07-02,2022-07-29,2022-07-29,7.8
002946,2021-09-25,,2021-09-25,11,False,108.2,2021-09-25,2021-09-25,2021-09-25,6.4
002958,2022-07-27,,2022-07-27,12,False,103.4,2022-07-27,2022-07-27,2022-07-27,5.2
002961,2021-11-21,,2021-11-21,14,False,109.5,2021-11-21,2021-11-21,2021-11-21,7.9
002965,2022-09-03,,2022-09-03,8,False,106.3,2022-09-03,2022-09-03,2022-09-03,8.7
002981,2021-12-17,,2021-12-17,13,False,81.8,2021-12-17,2021-12-17,2021-12-17,9.4
003025,2021-09-13,,2021-09-13,13,False,98.1,2021-09-13,2022-09-13,2022-09-13,4.3
003031,2020-07-14,,2020-07-14,15,False,108.1,2020-07-14,2020-07-14,2020-07-14,3.6
003034,2022-11-21,,2022-11-21,13,False,88.6,2022-11-21,2022-11-21,2022-11-21,4.8
003045,2022-05-02,,2022-05-02,12,False,74.7,2022-05-02,2022-05-02,2022-05-02,5.6
003058,2022-02-19,,2022-02-19,11,False,97.2,2022-02-19,2022-02-19,2022-02-19,5.0
003068,2021-06-15,,2021-06-15,11,False,88.6,2021-06-15,2021-06-15,2021-06-15,5.4
003076,2021-01-16,,2021-01-16,12,False,51.2,2021-01-16,2021-01-16,2021-01-16,7.5
003080,2021-11-01,,2021-11-01,12,False,73.1,2021-11-01,2021-11-01,2021-11-01,7.7
003083,2021-12-02,,2021-12-02,12,False,92.9,2021-12-02,2021-12-02,2021-12-02,7.6
003086,2021-06-27,,2021-06-27,12,False,64.8,2021-06-27,2021-06-27,2021-06-27,7.2
003090,2021-09-15,,2021-09-15,12,False,91.8,2021-09-15,2021-09-15,2021-09-15,9.0
003105,2023-12-06,,2023-12-06,14,False,103.7,2023-12-10,2023-12-05,2023-12-06,12.6
003111,2021-06-09,,NONE,12,False,90.4,NONE,NONE,NONE,29.9
003131,2022-03-30,,2022-03-30,11,False,62.7,2022-03-30,2022-03-30,2022-04-08,14.3
003141,2021-07-12,2,2021-07-12,13,True,61.3,2021-07-02,2021-07-02,2021-07-12,7.8
003151,2021-12-10,,2021-12-10,9,False,93.3,2021-12-10,2021-12-10,2021-12-10,8.2
003166,2021-07-NONE,,2021-07-NONE,14,False,109.4,2021-07-NONE,2021-07-NONE,2021-07-NONE,9.5
003191,2021-11-19,2,2021-11-19,15,True,96.7,2021-11-19,2021-11-19,2021-11-19,9.7
003194,2021-07-13,,2021-07-13,9,False,65.1,NONE,2021-07-13,NONE,27.1
003201,2022-09-21,,2022-09-21,12,False,70.1,2022-09-21,2022-09-21,2022-09-21,5.6
003208,2021-07-20,,2021-07-20,14,False,102.5,2021-07-20,2021-07-20,2021-07-20,5.8
003214,2024-01-12,,NONE,11,False,36.5,NONE,NONE,NONE,22.7
003252,2023-04-NONE,,2023-04-NONE,11,False,77.9,2023-04-NONE,2023-04-NONE,2023-04-NONE,14.2
003284,2021-09-10,,2021-09-10,15,False,87.7,2021-09-10,2021-09-10,2021-09-10,8.6
003288,2021-09-25,2,2021-09-25,14,True,101.9,2021-09-25,2021-09-25,2021-09-25,5.7
003291,2022-12-22,,2022-12-22,9,False,84.4,2022-12-22,2022-12-22,2022-12-22,4.1
003310,2020-08-29,,2020-10-04,10,False,81.4,2020-08-29,2020-08-29,2020-08-29,4.7
003325,2021-06-01,,NONE,6,False,106.1,NONE,NONE,NONE,46.5
003338,2021-06-01,,NONE-06-01,15,False,106.1,NONE-06-01,NONE-06-01,NONE-06-01,26.6
003341,2022-09-29,,2022-09-29,14,False,88.4,NONE,2022-02-05,2022-09-29,20.8
003344,2026-09-11,,2026-09-11,14,False,105.8,2026-09-11,2026-09-11,2026-09-11,3.5
