image_id,label,pred,깨진_줄,모양,병기,det960_정답
000085,2026-03-30,2026-09-30,2026.09.30,멀쩡한 날짜로 오독,False,False
000160,2026-10-27,2025-04-02,2026/102,깨짐,True,True
000233,2028-01-13,2021-01-22,2028011,깨짐,False,False
000242,2026-05-21,2025-09-22,202.05.21,깨짐,True,True
000266,2025-12-04,NONE,205:12.0476,깨짐,False,True
000468,2026-04-06,NONE,060-2026,깨짐,False,False
000582,2025-11-21,2025-01-21,20251.21,깨짐,False,False
000592,2025-03-25,2023-03-26,25032025,깨짐,True,True
000596,2026-08-13,2025-08-14,2026:08:13.81,깨짐,False,False
000604,2026-09-15,NONE,2026.19.15,깨짐,False,False
000686,2026-10-12,2025-10-12,2025.10.12772,깨짐,True,False
000764,2026-03-12,NONE,2026:312,깨짐,False,False
000765,2025-11-21,NONE,2025011:21,깨짐,False,False
000832,2026-07-16,2025-07-15,16.67.2026,깨짐,False,False
000918,2021-09-17,2020-04-20,202109.17,깨짐,False,False
000977,2021-11-03,2020-11-03,03112021,깨짐,False,False
001069,2021-03-15,2021-03-10,2021.03.12,멀쩡한 날짜로 오독,False,False
001101,2021-03-14,2021-01-14,2021.01.14,멀쩡한 날짜로 오독,True,True
001119,2021-12-26,2021-12-16,2021.12.16,멀쩡한 날짜로 오독,False,False
001253,2021-08-19,2021-08-11,2021.08.119,깨짐,False,False
001318,2022-12-07,2020-12-07,07/12/2020,멀쩡한 날짜로 오독,True,False
001330,2021-03-05,2022-03-05,2022.03.05,멀쩡한 날짜로 오독,False,False
001387,2021-07-17,2021-07-07,7/07/2021,깨짐,False,False
001395,2021-09-01,NONE,2021090,깨짐,False,False
001435,2021-10-04,2021-02-18,202110.04,깨짐,False,False
001452,2022-09-13,2021-08-07,202209.13,깨짐,False,True
001511,2023-12-01,NONE-03-22,20232.01,깨짐,False,False
001520,2021-07-08,2021-07-10,2021.97.08,깨짐,False,False
001627,2021-07-03,2022-07-05,202107.03,깨짐,False,False
001644,2021-10-16,2021-10-15,10:15.10.2021,깨짐,False,False
001832,2022-09-02,2020-09-02,2022.09.0,깨짐,True,False
001846,2021-09-23,2023-12-09,2021709/23,깨짐,False,False
001864,2023-08-04,NONE,04108/2023,깨짐,False,False
001878,2021-11-03,2021-01-03,03/1/2021,깨짐,False,False
002008,2022-01-14,2029-12-NONE,202201/14,깨짐,False,True
002015,2023-06-28,2023-08-28,2023.08.28,멀쩡한 날짜로 오독,False,False
002148,2022-01-03,2022-01-01,2022.01.012,깨짐,False,False
002194,2020-06-10,2020-06-01,2020.06.1,깨짐,False,False
002391,2021-03-18,2021-03-NONE,2021.03:18,깨짐,False,False
002409,2022-10-29,2019-10-29,29.10.202,깨짐,True,False
002482,2021-03-28,2021-05-28,2021.05.28,멀쩡한 날짜로 오독,False,False
002484,2021-05-05,NONE,8782021.05.0,깨짐,False,False
002694,2021-04-19,NONE,202104.19,깨짐,False,False
002704,2022-10-29,2022-10-02,2022/10/2,깨짐,False,False
002777,2021-09-15,NONE-09-15,221-09-15,깨짐,False,False
002785,2021-04-18,2021-08-18,18-04-021,깨짐,False,False
002798,2021-04-28,NONE,18182021.002819.00,깨짐,False,False
002816,2021-06-28,2020-02-10,20.21.01.28,깨짐,True,False
002848,2021-12-30,NONE,30.12021,깨짐,False,False
003010,2021-12-11,2021-01-12,11122021,깨짐,False,True
003060,2021-10-04,NONE,2021.70.047,깨짐,False,False
003115,2021-09-25,2022-09-05,2021.09.5,깨짐,True,False
003228,2022-04-26,2022-04-24,24/04/2022,멀쩡한 날짜로 오독,True,False
003245,2021-09-20,2020-09-20,20.09.2020,멀쩡한 날짜로 오독,True,False
003338,2021-06-01,NONE-06-01,20206/01,깨짐,False,False
