image_id,block,원라벨러,원라벨,원raw,tags,현예측,검수1_날짜,검수1_판정(라벨맞음/라벨틀림/판독불가),검수2_날짜,검수2_판정,비고
000161,12,서영,2027-05-10,2027.05.10,,2027-07-02,,,,,
000191,15,서현,2026-06-15,2026.06.15,,NONE,,,,,
000211,14,서영,2026-02-12,2026.02.12,,2026-06-02,,,,,
000242,14,서영,2026-05-21,2026.05.21 2,2,2028-05-21,,,,,
000360,15,서현,2026-02-18,26.02.18 2,2,NONE,,,,,
000361,13,민섭,2026-12-19,2026.12.19,,2026-12-12,,,,,
000405,14,서영,2027-10-15,2027.10.15,,2020-07-01,,,,,
000438,9,서영,2026-02-19,2026.02.19 t,t,NONE,,,,,
000440,6,승아,2026-08-13,26.08.13 2,2,NONE,,,,,
000474,12,서영,2026-06-26,26.06.26,,2026-06-06,,,,,
000482,9,서영,2026-11-14,2026.11.14 b,b,2025-01-02,,,,,
000505,15,서현,2026-03-02,26.03.02,,NONE,,,,,
000539,8,민섭,2027-08-11,\2027.08.11,,NONE,,,,,
000553,15,서현,2028-10-24,2028.10.24,,2022-10-24,,,,,
000571,14,서영,NONE-10-18,10.18,,2024-11-18,,,,,
000575,15,서현,NONE-10-14,10.14,,NONE,,,,,
000582,11,승아,2025-11-21,2025.11.21,,2025-01-21,,,,,
000609,11,승아,2027-06-11,2027.06.11,,2027-02-02,,,,,
000627,15,서현,2026-10-06,2026.10.06 2,2,NONE,,,,,
000675,11,승아,NONE,?,?,2028-06-03,,,,,
000764,14,서영,2026-03-12,2026.03.12,,NONE,,,,,
000765,11,승아,2025-11-21,2025.11.21,,NONE,,,,,
000771,15,서현,2019-11-26,19.11.26,,NONE-12-31,,,,,
000772,7,서현,NONE-12-20,12.20,,NONE,,,,,
000795,11,승아,2026-07-14,14 07 2026 2,2,NONE,,,,,
000817,7,서현,2026-12-NONE,12.2026,,NONE,,,,,
000868,6,승아,2021-10-23,23 10 2021,,NONE,,,,,
000906,9,서영,2022-01-NONE,01.2022,,2022-10-15,,,,,
000957,12,서영,2021-02-22,21.02.22 2,2,2021-01-29,,,,,
000977,14,서영,2021-11-03,03 11 2021,,2020-11-03,,,,,
000991,11,승아,2021-03-04,MAR 04 2021,,NONE,,,,,
000994,6,승아,NONE-02-18,02.18,,NONE,,,,,
000995,15,서현,NONE-02-18,02.18,,NONE,,,,,
001076,12,서영,2021-07-31,2021.07.31,,2031-07-21,,,,,
001166,13,민섭,2022-01-20,2022.01.20,,NONE,,,,,
001178,10,병철,2021-12-01,dec012021,,NONE,,,,,
001361,15,서현,2021-09-02,02.09.21,,NONE-09-21,,,,,
001362,12,서영,2021-04-NONE,04.2021,,2021-10-13,,,,,
001367,7,서현,2021-09-29,29.09.2021 2,2,2021-09-22,,,,,
001383,12,서영,2023-01-05,2023.01.05,,NONE,,,,,
001394,11,승아,2021-09-01,2021.09.01,,NONE-11-08,,,,,
001430,14,서영,2021-01-23,2021.01.23,,2021-01-01,,,,,
001435,15,서현,2021-10-04,2021.10.04,,2021-02-18,,,,,
001476,13,민섭,2022-05-10,22.05.10 2,2,2020-11-01,,,,,
001487,11,승아,2022-12-08,08.12.2022,,2022-01-08,,,,,
001494,9,서영,2023-08-17,17/AUG/2023,,NONE,,,,,
001549,15,서현,2022-09-28,28/09/2022,,NONE,,,,,
001567,11,승아,2020-04-23,23 APR 2020,,2020-01-15,,,,,
001649,12,서영,2019-08-18,2019.08.18,,2021-01-21,,,,,
001745,12,서영,2022-01-28,2022.01.28 2,2,2022-01-NONE,,,,,
001769,14,서영,2021-12-22,21.12.22,,2021-12-02,,,,,
001788,11,승아,2020-12-NONE,12.20,,NONE-12-20,,,,,
001798,8,민섭,2021-10-10,2021.10.10,,2021-10-14,,,,,
001833,10,병철,2022-09-02,2022.09.02,,NONE,,,,,
001835,9,서영,2022-07-12,2022.07.12,,NONE,,,,,
001868,14,서영,2022-07-NONE,JUL 2022,,NONE,,,,,
001880,15,서현,2024-09-01,2024 09 01,,NONE,,,,,
001924,12,서영,2022-01-21,2022.01.21 b,b,NONE,,,,,
001954,13,민섭,2021-10-NONE,OCT.2021,,2021-07-04,,,,,
001987,15,서현,2021-12-28,2021.12.28,,NONE,,,,,
002026,13,민섭,NONE,NONE,,2020-01-03,,,,,
002054,14,서영,2021-12-NONE,12 2021,,NONE,,,,,
002102,12,서영,2021-12-25,2021.12.25,,2021-12-19,,,,,
002103,12,서영,2021-12-25,2021.12.25,,2021-12-19,,,,,
002125,12,서영,2021-04-21,21/APR/21,,2021-04-24,,,,,
002152,14,서영,2019-07-11,19.07.11 2,2,2019-07-18,,,,,
002190,14,서영,2022-02-04,FEB/04/2022 b,b,NONE,,,,,
002192,11,승아,2020-10-20,2020.10.20,,2026-10-20,,,,,
002241,13,민섭,2021-05-26,2021 MAY 26,,NONE,,,,,
002288,11,승아,2024-12-18,18.12.2024,,2021-12-18,,,,,
002346,14,서영,NONE-02-12,02.12,,NONE,,,,,
002362,13,민섭,NONE,NONE,,2019-12-10,,,,,
002394,12,서현,2020-07-01,01 JUL 2020,,NONE,,,,,
002402,6,승아,2022-11-04,2022/11/04,,NONE,,,,,
002403,13,민섭,2022-10-02,02OCT2022,,NONE,,,,,
002432,13,민섭,NONE,NONE,,2020-07-16,,,,,
002452,15,서현,2021-12-22,21.12.22,,NONE,,,,,
002462,15,서현,2020-12-21,2020.12.21,,2020-12-02,,,,,
002482,15,서현,2021-03-28,2021.03.28,,2021-05-28,,,,,
002491,11,승아,2022-09-08,08.09.22,,NONE-08-09,,,,,
002492,6,승아,2022-09-08,08.09.22,,2020-01-01,,,,,
002601,11,승아,NONE,NONE,m,2020-10-21,,,,,
002629,15,서현,2023-05-NONE,05.2023,,2023-05-20,,,,,
002785,15,서현,2021-04-18,18-04-2021,,2021-08-18,,,,,
002797,13,민섭,2021-04-28,2021.04.28,,2021-04-29,,,,,
002848,10,병철,2021-12-30,30.12.2021,,NONE,,,,,
002940,14,서영,2022-07-29,2022/07/29,,2029-07-02,,,,,
002989,12,서현,2021-07-20,2021.07.20,,2024-07-20,,,,,
003010,12,서현,2021-12-11,11 12 2021,,2021-01-12,,,,,
003016,13,민섭,2022-07-01,2022.07.01,,2022-07-NONE,,,,,
003051,15,서현,2020-12-19,2020.12.19,,2020-02-20,,,,,
003060,9,서영,2021-10-04,2021.10.04,,NONE,,,,,
003100,12,서현,2022-11-21,2022.11.21,,2022-04-03,,,,,
003115,11,승아,2021-09-25,2021.09.25 2,2,2022-09-05,,,,,
003140,13,민섭,2021-07-12,2021.07.12 2,2,2021-01-13,,,,,
003172,13,민섭,2021-06-20,20-06-21 d,d,2020-06-21,,,,,
003230,13,민섭,2022-03-28,28/03/2022,,NONE,,,,,
003289,11,승아,2022-01-31,2022.01.31 2,2,2022-08-10,,,,,
003310,10,병철,2020-08-29,aug292020,,2020-10-04,,,,,
003322,13,민섭,2021-09-01,2021.09.01,,2021-01-09,,,,,
