image_id,label,tags,cur,reread,rvote,n_lines,sec,sec_reread,dbg
000160,2026-10-27,2,2025-04-02,2025-04-02,2025-04-02,0,2.53,0.0,
000233,2028-01-13,,2021-01-22,2021-01-22,2021-01-22,0,10.49,0.0,
000242,2026-05-21,2,2025-09-22,2025-09-22,2025-09-22,0,4.67,0.001,
000266,2025-12-04,b,NONE,NONE,NONE,1,24.7,0.212,'205:12.0476 ' → word:'205.12.047' | mid:'G205.12.047' | line:'205.12.047'
000468,2026-04-06,?,NONE,2026-04-06,2026-04-06,1,17.39,0.199,'E060-2026' → word:'E06 04-2026' | mid:'E0604-2026' | line:'E06 04-2026'
000582,2025-11-21,,2025-01-21,2025-01-21,2025-01-21,1,5.46,0.187,'20251.21 JETL-F1' → word:'20251.21 JHT F1' | mid:'20251.21 JET F1' | line:'20251.21 JHT F1'
000592,2025-03-25,2,2023-03-26,2023-03-26,2023-03-26,1,3.89,0.537,'/PR/1443/995 479600412317981' → word:'PR/1443/995 .47960041231798' | mid:'PR/1443/995 .4796004231798' | line:'PR/1443/99547960041231798'
000596,2026-08-13,,2025-08-14,2026-08-13,2025-08-14,1,4.42,0.246,'2026:08:13.81 7025.08.14  QX ' → word:'12026  08 13.81 2025.08.14 A ' | mid:'2026 08 13.81 2025.98.14 EX ' | line:'8.1'
000604,2026-09-15,,NONE,NONE,NONE,3,19.22,1.155,'SHTEU 101 41080-024-606    0. 1501021 420   ' → word:'EACIEU 19 2414080-024-606 200 712010271 E0 R' | mid:'EACIEU 191 724X14080-024-606 20 71201027 7E0 ' | line:'20' ## '2026.19.15 B1 71 888010' → word:'202619.5 B1 7EX1 818010' | mid:'2026.19.15 Bi 71X1 8188010' | line:'21' ## '24T 080-024-606' → word:'4 14080-024-6062' | mid:'7214080-024-606' | line:'4 14080-024-6062'
000686,2026-10-12,2,2025-10-12,2025-10-12,2025-10-12,0,4.38,0.0,
000764,2026-03-12,,NONE,NONE,NONE,1,19.03,0.214,'2025:65.12 01:21' → word:'2025 65.12 91 21' | mid:'2026.65.12 91 21' | line:'2021 61.12'
000765,2025-11-21,,NONE,NONE,NONE,1,17.62,0.217,'2025011:21' → word:'2020121' | mid:'202 0 121' | line:'2020121'
000832,2026-07-16,b,2025-07-15,2025-07-15,2025-07-15,0,3.44,0.0,
000918,2021-09-17,,2020-04-20,2021-09-17,2021-09-17,2,7.7,0.495,'Bread irden OE 202109.17 809409690124 C' → word:'Bread arden 1 202109.17 8809409690124 C' | line:'GBreed' ## '202109.17' → word:'2021.09.17' | line:'2021.09.17'
000977,2021-11-03,,2020-11-03,2020-11-03,2020-11-03,0,7.61,0.0,
001253,2021-08-19,,2021-08-11,2021-08-11,2021-08-11,0,1.46,0.0,
001387,2021-07-17,,2021-07-07,2021-07-07,2021-07-07,0,4.39,0.0,
001395,2021-09-01,,NONE,2021-09-01,NONE,1,14.36,0.349,'202109.0 MeJ Q9ES' → word:'2021090 1E QHE3' | line:'20210901'
001435,2021-10-04,,2021-02-18,2021-02-18,2021-02-18,2,11.48,0.486,'14:1888 2 202110.04 A 315' → word:'14.1 2 202110.04  38' | line:'' ## '14:18834 202110.04' → word:'14 1 202110.04' | line:'20214'
001452,2022-09-13,,2021-08-07,2021-08-07,2021-08-07,3,4.2,0.485,'080-781-1948' → word:'080-781-1948' | line:'080-781-1948' ## ':20-139-002' → word:'20-19-002' | line:'20-19-002' ## '48   202209.13x ' → word:'489882 7 202209.137' | line:'0'
001511,2023-12-01,,NONE-03-22,NONE-03-22,NONE-03-22,2,9.78,1.423,'n       15701 3 0       n r  3  H   e 660 200 20232.01 AE 94  8652 C  P94      PLO1002003562' → word:' 4  A  R A  H    w    A. w    660 20.0 202.01 04 882   K94     a  e   PLO0203562' | line:'' ## ' A 9   01 8098/  BXB8 U 4 BiEME SEEEHORE 660200 202312.0L  AS  AE SA  HA S 2 PL01002003562 T84 S8E' → word:' . 8A      8    660 202 20  12.01.               L10003562  4 26.' | line:' '
001520,2021-07-08,,2021-07-10,2021-07-10,2021-07-10,1,10.03,0.408,'2021.97.08 10:09 71 x ' → word:'2031.97.08 46.85 7x1' | mid:'2021.97.08 76 85 7x1' | line:'2021 85.08'
001627,2021-07-03,,2022-07-05,2022-07-05,2022-07-05,1,3.25,0.255,'787181 202107.03 12:20' → word:'87121 2022.07.05 1  20' | line:'207.05'
001644,2021-10-16,,2021-10-15,2021-10-15,2021-10-15,0,2.09,0.0,
001832,2022-09-02,2,2020-09-02,2020-09-08,2020-09-02,1,4.21,0.427,'00100  2022.09.0 BUK26 2309' → word:'100 20209.0 B BUK26 2309' | mid:'100 2020 09.0B BUK26 230 9' | line:' 030'
001846,2021-09-23,,2023-12-09,2021-09-23,2021-09-23,2,2.15,0.43,'0.81315  ' → word:' 0.81315 0' | mid:' 0.81315 0' | line:' 0.81315 0' ## 'EXP:2021709/23' → word:'EXP 2021/09/23' | mid:'EXP 2021709/23' | line:'EXP 2021/09/23'
001864,2023-08-04,,NONE,NONE,NONE,2,16.87,0.667,'A  A   o ESTHE 2S909 04108/2023 L2172' → word:'     FO E 590 0408/2023 L2172' | line:'' ## 'SRHES 04108/2023 L2172' → word:'E 04108/2023 L2172' | line:'21722'
001878,2021-11-03,,2021-01-03,2021-01-03,2021-01-03,0,2.82,0.0,
002008,2022-01-14,,2029-12-NONE,2029-12-NONE,2029-12-NONE,1,3.64,0.492,'37300037 202201/14' → word:'7 300037  02/1/1' | line:'73000372022/01/14'
002148,2022-01-03,,2022-01-01,2022-01-01,2022-01-01,0,8.63,0.0,
002194,2020-06-10,,2020-06-01,2020-06-01,2020-06-01,0,1.99,0.0,
002391,2021-03-18,,2021-03-NONE,2021-03-NONE,2021-03-NONE,0,2.93,0.0,
002409,2022-10-29,2,2019-10-29,2019-10-29,2019-10-29,0,1.66,0.0,
002484,2021-05-05,,NONE,NONE,NONE,1,9.94,0.195,'88782021.05. 05' → word:'AR8782021.05.0 .05' | line:'R371820021.05.05'
002694,2021-04-19,,NONE,NONE,NONE,2,14.31,0.431,'00 215.571 C1884  ' → word:'0  215   ' | line:'Sie1' ## '202104.19A' → word:'202104.19A' | line:'202104.19A'
002704,2022-10-29,,2022-10-02,2022-10-02,2022-10-02,0,3.72,0.0,
002777,2021-09-15,,NONE-09-15,NONE-09-15,NONE-09-15,0,2.02,0.0,
002785,2021-04-18,,2021-08-18,2021-08-18,2021-08-18,1,4.83,0.271,'BEST BEFORE 18-04-021 8717731003003 0.300 kg Z045 EC NL' → word:'BEST  BEFORE 18-08-2021 8717737800303 0.300 kg  045 EEC NL' | line:''
002798,2021-04-28,,NONE,NONE,NONE,1,9.14,0.233,'NE  SHRED PIZZZACHEESE 81:21.20 19.0 Denmark' → word:'NE  SHRED PIZZZACHEESE 81 21.20 19.0 Denmark' | line:'ONE '
002816,2021-06-28,2,2020-02-10,2020-02-10,2020-02-10,2,6.94,0.756,'98 20.21.01.28 0010 A01 Sas A OE Bg w.  74x1  E1 EMAY BAOmg x  24g  11 4918698 AXWO LE620 mg 100 gst 838 OOSE 7101' → word:'95 30.2108 0010 A0      24x1  EI E  Og X1 248  1 A   BA LHE 620 m 100 g E  7181' | line:'' ## '0:21.01.208' → word:'0.310238' | line:'0.310238'
002848,2021-12-30,,NONE,NONE,NONE,1,13.43,0.587,'fit  aktiv Sans agent conservateu Ohne Konservierungstoffe Sin conservantes Senza conservanti No preservatives Ry rokornbrott Pan intega sie gale Vollkornbrot 30.12021 22 delba' → word:'fit   aktiv San agenonerur ne onservierunge Sin conserante Senza conservani n No pev we Wollkoornbrot aktirnbrotet B Vollkornbrot 3022.222 122  2 delba' | line:' '
003010,2021-12-11,,2021-01-12,2021-01-12,2021-01-12,1,14.73,1.273,'EAE 4 o 472 kcal  PORATION 2. 02723-8175 87 4808242123 SAE AX  Wa 88A 5484- 48 96848 4408.8401 No. FR Net Weigh' → word:'E NE EAE O HEI g 42cal DORATION 23-8175 7 MCH  Ex 2x1 W21   -   No. FR Net Weigh' | mid:'E EA O HE g 472 cal DORATION 2-8175 MCH  EX x1 W21  8 -   . FR Net Weigh' | line:''
003060,2021-10-04,,NONE,NONE,NONE,1,9.77,0.209,'2021.70.047XI EMP' → word:'2021.70.04 XI SNP' | line:'2021.70.0411'
003115,2021-09-25,2,2022-09-05,2022-09-05,2022-09-05,0,1.83,0.0,
003338,2021-06-01,,NONE-06-01,NONE-06-01,NONE-06-01,1,10.93,1.144,'Product of China Best Bei ProductCnNa A Zannnn 20206/01 Technology Co.  Ltd. Mcen 20 88 801 gieud 25 A ABE 871097 852 4 X27 LEBE4EK 0.4  A M24 UEg 442 PEX-DE MAN M24.44      A18.28.2   E  EA    HA ' → word:'Prodo China Best Bel PTaAnd Aay Co L 20206/01 Tachnology Co. L actureun 0 88 0  Pu  M  97150 C582  SXD  LSSLE 0.4   A2 A  UES 4  O  NAS  Ma24     H   o  HE     ' | line:''
000002,2025-12-11,,2025-12-11,2025-12-11,2025-12-11,0,2.64,0.0,
000003,2026-05-12,t,2026-05-12,2026-05-12,2026-05-12,0,1.63,0.0,
000004,2022-02-14,b,2027-02-14,2027-02-14,2027-02-14,3,18.12,0.72,'AE8 080-850-1200 4 1666-4718' → word:'E 38 080-850-120  200 166-4719 ' | mid:'AE 28 080-850-1200  200166-719' | line:'' ## '2004088-368' → word:'RE 20038' | mid:' 200838' | line:'RE 20038' ## '080-850-1200 1666-547194' → word:'080-850-1200 1665-471' | mid:'080-850-1200 1665-471' | line:'00850-120016'
000009,2026-10-29,,2026-10-29,2026-10-29,2026-10-29,0,5.25,0.0,
000010,2026-06-08,,2026-06-08,2026-06-08,2026-06-08,0,3.07,0.0,
000012,2026-03-23,,2026-03-23,2026-03-23,2026-03-23,0,2.61,0.0,
000014,2026-01-31,,2026-01-31,2026-01-31,2026-01-31,1,6.58,0.336,'TEL01-97-470' → word:'TEL 31-4' | mid:'T 31-4' | line:'TEL 31-4'
000015,2026-03-01,2,2026-03-01,2026-03-01,2026-03-01,0,4.22,0.0,
000016,2026-01-22,,2026-01-22,2026-01-22,2026-01-22,1,3.29,0.506,'023-5181   9  64 mg 9 ' → word:'023518 A2  9   64 g 9 ' | mid:'022518 2X  9   64 mg 9 ' | line:' '
000017,2026-11-25,,2026-11-25,2026-11-25,2026-11-25,0,3.19,0.0,
000018,2026-04-24,,2026-04-24,2026-04-24,2026-04-24,1,11.17,0.252,'26.04.248 2377' → word:'3.04.248 2377' | mid:'25.04.248 2337' | line:'25.04.24 B'
000021,2025-10-10,,2025-10-10,2025-10-10,2025-10-10,1,4.51,0.643,'   C25.10.107X AXH' → word:'C   25.10.10A' | mid:'C   25.10.10A' | line:'S'
000022,2025-10-14,,NONE-01-20,2025-10-04,2025-10-04,2,9.67,0.638,' ESH SLOW BREAD 90 25.10.144X1.A1.F2' → word:' ESH SLW BREAD gg 25.10.4 A1.2' | mid:' ESH SLOW BREAD g  25.10.4.A1.2' | line:'' ## 'E2 ESH SLOW BREAD 25.10.141.A1.2' → word:'a ESH SLOW BREADD 25.1041 A1.2' | mid:'Te ESH LOW BREAD 25.10.4 A1.2' | line:'   '
000023,2025-10-10,,2025-10-10,2025-10-10,2025-10-10,1,2.6,0.387,'27.6  0121010.004' → word:'27.6  0.04' | mid:'27.6  10.004' | line:'27.6  0.04'
000024,2025-10-11,,NONE,2025-10-11,NONE,3,22.41,1.269,'01o4 HOH En O  10 25.10.11731 5   ' → word:'oHo R En o 6 o 25.10.1122 F1 C' | mid:'oLoN RO En o  or 25.10.1121 F1 C' | line:'ER' ## 'IOH 3 25 10.1121A CA' → word:'HO 0 25 5.10.11771 C' | mid:'HO 0 25 5.10.117 C' | line:'2510.11' ## 'E 25.10.117171  ' → word:'H 25.10.1121 C' | mid:'H 25.10.1171 C' | line:'25101120'
000026,2025-11-13,,2025-11-13,2025-11-13,2025-11-13,0,2.17,0.0,
000027,2026-04-27,,2026-04-27,2026-04-27,2026-04-27,0,3.15,0.0,
000028,2026-02-10,,2026-02-10,2026-02-10,2026-02-10,0,4.47,0.0,
000030,2017-08-28,,2017-08-28,2017-08-28,2017-08-28,1,5.99,0.718,'  30405015-210 IXTH2 HU NH' → word:' 1 30405015-210   N' | mid:'7 2 30405015-210   ' | line:''
000031,2026-02-14,,2026-02-14,2026-02-14,2026-02-14,0,2.39,0.0,
000032,2026-03-22,,2026-03-21,2026-03-21,2026-03-21,0,2.05,0.0,
000033,2026-06-17,,2026-06-17,2026-06-17,2026-06-17,0,2.37,0.0,
000034,2026-06-30,,2026-06-30,2026-06-30,2026-06-30,0,2.8,0.0,
000035,2026-08-17,,2026-08-17,2026-08-17,2026-08-17,0,2.17,0.0,
000037,2026-07-17,,2026-07-17,2026-07-17,2026-07-17,0,1.58,0.0,
000038,2027-02-12,,2027-02-12,2027-02-12,2027-02-12,0,2.27,0.0,
000039,2026-05-26,,2026-05-26,2026-05-26,2026-05-26,0,1.99,0.0,
000040,2025-10-11,,2025-10-11,2025-10-11,2025-10-11,1,1.98,0.35,'10:25DWEHB17' → word:'10  25DWEHB17' | mid:'10 25DWEHB17' | line:'10  25DWEHB17'
000041,2025-10-11,,2025-10-11,2025-10-11,2025-10-11,0,2.15,0.0,
000042,2025-10-12,,2025-10-02,2025-10-02,2025-10-02,0,1.74,0.0,
000044,2026-02-07,,2026-02-07,2026-02-07,2026-02-07,1,7.0,0.418,'26.02.07ITA  23:53' → word:'26.02.0Z22 23 53' | mid:'26.02.0Z2T2 23 53' | line:'26.02.070y 2353'
