image_id,label,pred,src,last_stage,sec,p1,dot,redet,p2,kol,rr,ft,retry,wh
002923,2021-06-13,2021-06-13,p2,main,1.64,0.943,0.0,0.234,0.199,0.268,0.0,0.0,0.0,1010x1347
003120,2021-09-30,2021-09-30,p2,main,1.74,1.13,0.0,0.0,0.399,0.215,0.0,0.0,0.0,742x893
003280,2023-07-31,2023-07-31,p2,main,2.24,1.875,0.0,0.0,0.193,0.173,0.0,0.0,0.0,640x640
000380,2026-09-02,2026-09-02,p2,main,1.22,0.638,0.0,0.0,0.418,0.165,0.0,0.0,0.0,1512x2016
001484,2022-09-28,2022-09-28,p2,main,1.52,1.229,0.0,0.0,0.028,0.26,0.0,0.0,0.0,723x965
002452,2021-12-22,2021-12-22,ft/p1@1024,ft,24.07,2.927,15.06,0.0,0.0,0.861,2.442,2.776,0.0,958x1277
002787,2022-06-22,2022-06-22,p1keep/p1@640,main,2.46,1.334,0.0,0.0,0.944,0.181,0.0,0.0,0.0,640x640
001423,2021-11-NONE,2021-11-17,p1@640,main,2.04,1.696,0.0,0.0,0.191,0.151,0.0,0.0,0.0,640x640
001140,2021-02-28,2021-02-28,p2,main,1.52,0.986,0.0,0.086,0.216,0.228,0.0,0.0,0.0,640x640
001171,2022-01-18,2022-01-18,p2,main,0.96,0.808,0.0,0.0,0.155,0.0,0.0,0.0,0.0,640x640
000856,2026-06-03,2026-06-03,p2,main,2.29,1.217,0.0,0.0,0.92,0.152,0.0,0.0,0.0,1512x2016
000625,2027-04-01,2027-04-01,p2,main,1.19,0.433,0.0,0.296,0.122,0.195,0.142,0.0,0.0,1613x763
002958,2022-07-27,2022-07-27,p2,main,1.41,0.841,0.0,0.221,0.028,0.32,0.0,0.0,0.0,758x1011
000558,2025-05-16,2025-05-16,p2,main,1.42,1.029,0.0,0.0,0.058,0.331,0.0,0.0,0.0,1050x1400
000548,2026-05-26,2026-05-26,p2,main,1.98,0.927,0.0,0.456,0.288,0.31,0.0,0.0,0.0,1050x1400
003196,2022-11-05,2022-11-05,p2,main,1.93,0.875,0.0,0.797,0.257,0.0,0.0,0.0,0.0,511x707
000840,2026-01-01,2026-01-01,reread,main,2.2,1.119,0.0,0.0,0.787,0.167,0.128,0.0,0.0,1512x2016
002883,2023-12-08,2023-12-08,p1@640,main,1.31,0.895,0.0,0.0,0.24,0.173,0.0,0.0,0.0,640x640
002578,2024-01-14,2024-01-14,p2,main,3.16,1.441,0.0,0.52,0.273,0.68,0.25,0.0,0.0,991x1322
003147,2021-04-22,2021-04-22,p2,main,1.47,0.991,0.0,0.176,0.094,0.212,0.0,0.0,0.0,640x640
001240,2020-12-19,2020-12-19,p2,main,1.25,0.825,0.0,0.0,0.135,0.292,0.0,0.0,0.0,640x640
001694,2022-07-01,2022-07-01,p2,main,3.41,1.644,0.0,0.749,0.332,0.48,0.207,0.0,0.0,1058x1411
003069,2020-08-09,2020-08-09,p2,main,1.92,0.86,0.0,0.332,0.379,0.348,0.0,0.0,0.0,924x634
003170,2021-04-20,2020-04-21,p2,main,3.0,1.84,0.0,0.291,0.106,0.58,0.181,0.0,0.0,1298x974
002538,2021-08-05,2021-08-05,p1@640,main,2.58,1.637,0.0,0.0,0.627,0.316,0.0,0.0,0.0,1059x1412
001884,2021-09-09,2021-09-11,p2,main,1.8,1.23,0.0,0.126,0.216,0.228,0.0,0.0,0.0,640x640
000952,2021-04-05,2021-04-05,p2,main,1.22,0.764,0.0,0.176,0.099,0.177,0.0,0.0,0.0,640x640
002495,2021-01-27,2021-01-27,p2,main,1.24,0.694,0.0,0.19,0.061,0.291,0.0,0.0,0.0,1055x1406
002879,2021-06-21,2021-06-21,p2,main,1.0,0.737,0.0,0.0,0.152,0.108,0.0,0.0,0.0,640x640
000408,2025-10-09,2025-10-09,p2,main,1.45,0.796,0.0,0.195,0.299,0.157,0.0,0.0,0.0,2040x1530
001712,2021-07-18,2021-07-18,p2,main,3.23,1.503,0.0,0.922,0.386,0.423,0.0,0.0,0.0,939x1253
000961,2023-10-21,2023-10-21,p2,main,1.47,0.944,0.0,0.0,0.285,0.243,0.0,0.0,0.0,948x1264
000927,2021-08-23,2021-08-23,p1keep/p1@640,main,2.17,0.923,0.0,0.676,0.268,0.302,0.0,0.0,0.0,756x1008
002540,2021-12-19,2021-12-19,p2,main,2.51,1.462,0.0,0.43,0.302,0.313,0.0,0.0,0.0,1103x1471
001667,2021-09-14,2021-09-14,p2,main,2.06,1.24,0.0,0.247,0.311,0.262,0.0,0.0,0.0,949x1266
000536,2026-01-01,2026-01-01,p2,main,1.24,0.67,0.0,0.0,0.298,0.272,0.0,0.0,0.0,1050x1400
000560,2027-07-13,2027-07-13,p2,main,2.91,1.534,0.0,0.471,0.29,0.613,0.0,0.0,0.0,1050x1400
001475,2022-07-10,2022-07-10,p1@640,main,1.17,0.849,0.0,0.0,0.1,0.224,0.0,0.0,0.0,640x640
001167,2022-01-20,2022-08-02,p2,main,10.87,1.65,7.468,0.0,0.71,0.259,0.783,0.0,0.0,640x640
000720,2026-02-28,2026-02-28,p2,main,1.11,0.467,0.0,0.295,0.145,0.198,0.0,0.0,0.0,1026x1824
002859,2022-06-15,2022-06-15,p2,main,0.87,0.508,0.0,0.223,0.033,0.111,0.0,0.0,0.0,635x846
003192,2021-11-19,2021-11-19,p2,main,1.7,1.045,0.0,0.152,0.356,0.15,0.0,0.0,0.0,640x640
001012,2021-11-10,2021-11-10,p2,main,1.91,0.729,0.0,0.545,0.325,0.316,0.0,0.0,0.0,939x704
001282,2025-04-01,2025-04-01,p2,main,2.86,1.751,0.0,0.0,0.423,0.417,0.268,0.0,0.0,940x1253
002406,2021-11-01,2021-11-01,p2,main,1.09,0.727,0.0,0.154,0.033,0.18,0.0,0.0,0.0,640x640
000374,2026-08-28,2026-08-28,p2,main,5.31,3.033,1.461,0.0,0.127,0.488,0.199,0.0,0.0,1512x2016
000871,2021-10-15,2021-10-15,p2,main,1.4,0.953,0.0,0.0,0.399,0.045,0.0,0.0,0.0,640x640
003165,2021-09-17,NONE,,retry,28.51,2.331,10.96,0.0,0.0,0.714,0.82,13.682,0.0,1536x2048
000265,2026-11-26,2026-11-26,p2,main,1.01,0.609,0.0,0.0,0.145,0.251,0.0,0.0,0.0,1512x2016
002084,2020-11-06,2020-11-06,p1keep/p1@640,main,1.59,1.041,0.0,0.0,0.325,0.228,0.0,0.0,0.0,640x640
000243,2026-08-17,2026-08-17,p2,main,0.96,0.571,0.0,0.158,0.068,0.167,0.0,0.0,0.0,1512x2016
002265,NONE-03-05,NONE-03-05,p2,main,0.95,0.573,0.0,0.0,0.22,0.153,0.0,0.0,0.0,969x1292
000289,2030-07-23,2030-07-23,p2,main,0.8,0.544,0.0,0.0,0.21,0.047,0.0,0.0,0.0,1512x2016
002267,2022-09-NONE,2022-09-NONE,p1@640,main,1.13,0.736,0.0,0.0,0.209,0.182,0.0,0.0,0.0,847x1194
002913,2020-11-18,2020-11-18,p2,main,1.78,1.055,0.0,0.0,0.061,0.337,0.329,0.0,0.0,1045x1394
003269,2022-01-28,2022-01-28,p2,main,2.47,1.723,0.0,0.401,0.112,0.233,0.0,0.0,0.0,1331x1775
001013,2021-11-10,2021-11-10,p2,main,2.3,1.08,0.0,0.582,0.328,0.309,0.0,0.0,0.0,640x640
002562,2021-08-29,2021-08-29,p2,main,1.38,0.667,0.0,0.317,0.177,0.224,0.0,0.0,0.0,1033x1377
000657,2026-07-27,2026-07-27,p2,main,0.88,0.507,0.0,0.191,0.07,0.11,0.0,0.0,0.0,953x1694
000728,2026-06-24,2026-06-24,p2,main,0.46,0.343,0.0,0.0,0.063,0.05,0.0,0.0,0.0,1138x2024
000653,2027-01-19,2027-01-19,p2,main,0.8,0.511,0.0,0.0,0.255,0.038,0.0,0.0,0.0,1037x1844
001792,2020-08-13,2020-08-13,p2,main,3.09,1.32,0.957,0.0,0.095,0.195,0.526,0.0,0.0,640x640
002759,2021-05-12,2021-05-12,p2,main,0.81,0.607,0.0,0.0,0.062,0.143,0.0,0.0,0.0,1402x1052
001742,2021-10-26,2021-10-26,p2,main,1.54,0.988,0.0,0.0,0.17,0.382,0.0,0.0,0.0,904x1206
003028,2021-09-28,2021-09-28,p1@640,main,1.44,1.155,0.0,0.0,0.124,0.162,0.0,0.0,0.0,640x640
001263,2022-12-03,2022-12-03,p2,main,2.29,1.262,0.0,0.306,0.078,0.332,0.308,0.0,0.0,1077x1436
001310,2021-04-20,2021-04-30,p2,main,2.0,1.554,0.0,0.0,0.21,0.231,0.0,0.0,0.0,640x640
001085,2023-10-09,2023-10-09,p2,main,2.67,1.503,0.0,0.375,0.191,0.603,0.0,0.0,0.0,765x1093
002059,2022-06-22,2022-06-22,p1@640,main,2.79,1.845,0.0,0.0,0.21,0.342,0.396,0.0,0.0,640x640
001470,2021-12-29,2021-12-29,p2,main,2.2,1.399,0.0,0.384,0.196,0.221,0.0,0.0,0.0,756x1008
001098,2021-03-18,2021-03-18,p2,main,2.32,1.316,0.0,0.0,0.533,0.469,0.0,0.0,0.0,967x1289
001258,2022-03-15,2022-03-15,p2,main,5.77,2.743,2.59,0.0,0.129,0.307,0.0,0.0,0.0,1264x948
001044,2021-04-30,2021-04-30,p2,main,1.22,0.641,0.0,0.217,0.108,0.253,0.0,0.0,0.0,676x902
002965,2022-09-03,2022-09-03,p2,main,1.78,1.209,0.0,0.067,0.297,0.205,0.0,0.0,0.0,640x640
002740,2021-12-18,2021-12-18,p2,main,3.27,1.486,0.0,0.0,1.555,0.23,0.0,0.0,0.0,1010x1347
001651,2021-03-09,2021-03-09,p2,main,1.26,0.923,0.0,0.0,0.087,0.253,0.0,0.0,0.0,861x1316
002445,2021-01-16,2021-01-16,p2,main,1.32,0.693,0.0,0.0,0.316,0.311,0.0,0.0,0.0,1318x925
001744,2022-01-28,2022-01-28,p2,main,1.67,0.651,0.0,0.0,0.79,0.229,0.0,0.0,0.0,916x1223
002768,2021-12-01,2021-12-01,p2,main,1.37,0.954,0.0,0.0,0.206,0.215,0.0,0.0,0.0,640x640
000310,2026-09-28,2026-09-28,p2,main,5.33,2.058,0.0,1.491,0.674,0.878,0.227,0.0,0.0,1512x2016
003129,2022-08-25,2022-08-25,p2,main,1.34,0.883,0.0,0.0,0.169,0.284,0.0,0.0,0.0,640x640
001355,2021-07-22,2021-07-22,p2,main,3.37,1.555,0.0,0.363,0.358,0.237,0.854,0.0,0.0,1117x939
003151,2021-12-10,2021-12-10,p2,main,1.42,0.946,0.0,0.168,0.141,0.166,0.0,0.0,0.0,640x640
002523,2022-09-14,2022-09-14,p2,main,1.12,0.76,0.0,0.0,0.1,0.263,0.0,0.0,0.0,640x640
002743,2021-08-13,2021-08-13,p1@640,main,1.93,1.399,0.0,0.094,0.263,0.17,0.0,0.0,0.0,640x640
000533,2026-03-26,2026-03-26,p2,main,2.81,1.414,0.0,0.466,0.134,0.587,0.206,0.0,0.0,1050x1400
001913,2021-09-14,2021-09-14,p2,main,1.71,0.833,0.0,0.28,0.371,0.224,0.0,0.0,0.0,990x1320
000247,2026-05-20,2026-05-20,p1@640,main,0.78,0.52,0.0,0.0,0.211,0.054,0.0,0.0,0.0,1512x2016
000426,2026-12-26,2026-12-26,p2,main,1.49,0.898,0.0,0.248,0.061,0.284,0.0,0.0,0.0,1530x2040
002154,2021-05-21,2021-05-21,p2,main,1.38,1.034,0.0,0.0,0.034,0.311,0.0,0.0,0.0,756x1008
001696,2022-06-23,2022-06-23,p2,main,1.41,0.7,0.0,0.403,0.079,0.225,0.0,0.0,0.0,950x1267
002990,2021-03-20,2021-09-05,p2,main,1.09,0.686,0.0,0.0,0.262,0.147,0.0,0.0,0.0,845x1152
002472,2021-03-18,2021-03-18,p1@640,main,1.12,0.848,0.0,0.0,0.131,0.141,0.0,0.0,0.0,640x640
000291,2027-07-21,2027-07-21,p2,main,2.22,1.573,0.0,0.281,0.061,0.302,0.0,0.0,0.0,1512x2016
000593,2026-07-22,2026-07-22,p2,main,2.88,1.234,1.235,0.0,0.138,0.272,0.0,0.0,0.0,1613x763
002778,2021-10-02,2021-10-02,p2,main,2.92,1.731,0.0,0.554,0.13,0.508,0.0,0.0,0.0,674x898
002054,2021-12-NONE,2021-12-NONE,ft/erode3/p1@640,ft,37.2,3.943,17.837,0.0,0.0,1.169,0.001,14.245,0.0,736x887
002051,NONE-04-14,NONE-04-14,p2,main,2.15,0.793,0.0,0.44,0.399,0.513,0.0,0.0,0.0,551x851
001109,2021-03-22,2021-03-22,p2,main,1.75,0.825,0.0,0.661,0.262,0.0,0.0,0.0,0.0,924x1231
000004,2022-02-14,2027-02-14,erode3/p1@1024,main,12.25,3.51,7.718,0.0,0.133,0.488,0.4,0.0,0.0,1512x2016
003010,2021-12-11,2021-01-12,p2,main,8.47,3.834,2.012,0.0,1.584,0.341,0.696,0.0,0.0,1265x948
002016,2022-10-19,2022-10-19,p1@640,main,0.64,0.525,0.0,0.0,0.066,0.048,0.0,0.0,0.0,1031x1374
001897,2021-05-29,2021-05-29,p2,main,0.93,0.649,0.0,0.0,0.283,0.0,0.0,0.0,0.0,1126x1501
002579,2024-01-14,2024-01-14,p2,main,2.35,1.567,0.0,0.0,0.57,0.21,0.0,0.0,0.0,640x640
001052,2022-12-20,2022-12-20,p2,main,2.15,1.468,0.0,0.0,0.633,0.047,0.0,0.0,0.0,640x640
002942,2021-07-05,2021-07-05,erode3/p1@640,main,5.19,1.467,3.491,0.0,0.032,0.202,0.0,0.0,0.0,640x640
001890,2021-08-31,2021-08-31,p1@640,main,1.28,1.183,0.0,0.0,0.099,0.0,0.0,0.0,0.0,640x640
002845,2020-03-09,2020-03-09,p2,main,2.95,1.696,0.0,0.217,0.054,0.772,0.21,0.0,0.0,1013x1351
000825,2026-06-22,2026-06-22,p2,main,2.3,1.69,0.0,0.0,0.307,0.303,0.0,0.0,0.0,1512x2016
002480,2022-07-NONE,2022-07-NONE,p2,main,1.22,0.708,0.0,0.264,0.251,0.0,0.0,0.0,0.0,640x640
000445,2026-07-17,2026-07-17,p2,main,8.52,3.53,3.279,0.0,0.22,0.843,0.647,0.0,0.0,1530x2040
000137,2026-03-26,2026-03-26,p1@640,main,1.56,0.875,0.0,0.0,0.397,0.293,0.0,0.0,0.0,1512x2016
001664,2020-08-29,2020-08-29,p2,main,2.59,1.484,0.0,0.265,0.175,0.663,0.0,0.0,0.0,640x640
002827,2021-07-03,NONE,,retry,10.28,0.813,3.705,0.0,0.0,0.044,0.0,4.364,1.355,640x640
000964,2023-11-14,2023-11-14,p2,main,1.57,1.013,0.0,0.24,0.031,0.287,0.0,0.0,0.0,640x640
000781,2026-10-02,2026-10-02,p2,main,0.93,0.531,0.0,0.215,0.064,0.12,0.0,0.0,0.0,1512x2016
000865,2021-09-25,2021-09-25,p1@640,main,1.35,0.743,0.0,0.0,0.324,0.285,0.0,0.0,0.0,1342x1006
000532,2026-02-28,2026-02-28,p2,main,1.07,0.607,0.0,0.0,0.221,0.245,0.0,0.0,0.0,1050x1400
002671,2021-04-05,2021-04-05,p2,main,3.34,1.676,0.0,0.0,0.207,0.228,1.229,0.0,0.0,1121x1495
002061,NONE-04-17,NONE,,retry,11.61,0.888,3.995,0.0,0.0,0.405,0.133,4.524,1.66,640x640
