image_id,n_cands,max_frag,max_digits
000003,1,1,8
000010,1,1,8
000015,3,3,23
000018,1,2,31
000023,1,2,13
000027,2,1,8
000031,1,0,18
000034,1,2,14
000038,1,1,9
000041,1,2,14
000045,1,1,8
000048,1,2,17
000051,1,1,8
000054,0,1,12
000059,1,1,27
000063,2,1,8
000067,0,0,6
000072,1,3,63
000076,1,1,8
000079,1,1,8
000083,1,1,6
000091,1,2,14
000095,1,1,9
000101,1,2,22
000106,0,3,24
000110,0,1,8
000113,1,1,8
000116,1,1,16
000119,1,1,8
000125,1,1,11
000128,1,1,9
000131,1,1,8
000135,1,1,12
000138,1,1,17
000141,1,1,8
000145,1,1,33
000149,1,3,74
000152,1,1,8
000157,0,0,5
000161,1,3,41
000164,1,1,9
000167,1,1,18
000171,2,1,9
000174,3,2,16
000177,2,2,16
000180,2,1,8
000184,1,0,13
000187,1,1,14
000191,0,0,7
000195,1,1,9
000200,1,1,35
000203,1,4,86
000206,1,2,28
000212,1,2,18
000217,1,2,57
000220,1,1,41
000223,1,1,8
000227,1,2,47
000230,1,1,16
000235,1,1,8
000238,2,1,10
000241,1,2,13
000244,3,2,23
000247,1,2,14
000251,1,2,10
000254,2,4,21
000258,1,1,14
000261,2,2,13
000264,0,2,14
000267,1,1,6
000271,1,1,10
000276,2,2,14
000282,1,1,8
000285,1,1,36
000288,1,1,16
000291,1,1,15
000295,1,1,9
000300,1,1,32
000303,1,2,19
000306,1,2,13
000310,3,1,21
000315,1,1,8
000319,1,1,10
000323,2,1,10
000326,1,1,25
000330,2,2,17
000333,1,1,8
000336,1,2,23
000340,1,1,7
000344,1,2,12
000347,1,1,11
000350,1,1,21
000354,1,1,20
000357,1,1,12
000361,1,2,21
000365,1,1,8
000368,1,2,31
000371,1,2,17
000374,1,1,26
000377,1,1,13
000380,1,1,10
000383,1,1,15
000386,3,3,25
000391,1,1,10
000394,1,2,19
000398,1,1,10
000402,1,3,70
000405,1,1,35
000408,1,2,19
000412,1,1,8
000417,1,1,13
000420,1,1,17
000423,3,2,20
000426,1,1,16
000430,2,1,8
000434,1,1,13
000437,0,0,1
000440,0,1,17
000444,1,1,35
000448,1,1,8
000451,2,3,19
000454,2,1,9
000459,1,5,104
000464,1,1,25
000467,2,1,7
000470,1,1,14
000474,1,1,4
000478,0,1,6
000481,1,1,6
000484,1,1,8
000489,1,2,29
000494,2,2,23
000497,0,2,11
000500,2,3,36
000504,1,1,14
000507,2,12,198
000512,1,1,13
000516,1,1,22
000519,2,2,12
000522,0,2,16
000525,1,1,11
000530,1,1,16
000533,1,1,13
000536,1,1,11
000540,1,1,20
000543,1,1,24
000547,1,1,8
000550,1,3,30
000553,1,1,18
000556,1,1,8
000559,1,1,8
000562,1,2,17
000565,1,2,17
000568,1,2,17
000571,1,2,11
000574,1,1,8
000577,1,1,9
000581,1,1,12
000584,2,1,8
000587,1,1,51
000590,1,2,14
000593,1,2,13
000596,1,3,19
000599,1,1,12
000602,1,2,19
000605,1,1,10
000608,1,1,10
000611,1,1,19
000614,1,1,8
000619,1,1,10
000623,1,1,8
000626,1,1,6
000631,1,1,6
000634,1,1,9
000640,1,1,8
000646,1,1,8
000650,1,1,11
000653,1,1,17
000656,1,1,8
000659,1,1,12
000662,1,1,8
000668,1,1,10
000671,3,3,26
000675,1,1,8
000678,1,1,7
000682,1,2,14
000685,1,1,17
000690,3,2,18
000693,2,3,21
000699,0,0,12
000704,1,1,11
000708,1,1,9
000711,1,1,12
000716,1,1,9
000719,1,1,10
000722,1,1,6
000725,1,2,12
000728,1,1,8
000732,1,1,11
000735,1,2,10
000741,2,2,12
000744,1,1,10
000747,1,1,8
000752,1,2,11
000757,1,1,13
000760,1,1,8
000763,1,1,41
000766,1,0,10
000769,1,1,10
000772,0,2,76
000775,1,1,6
000778,1,0,9
000781,1,1,8
000788,1,1,7
000793,1,1,8
000796,0,0,1
000801,1,1,9
000806,1,1,19
000809,1,1,8
000812,1,1,8
000818,0,0,16
000823,1,1,12
000826,1,1,14
000830,1,1,10
000833,1,1,8
000840,1,2,38
000846,1,2,12
000849,1,0,11
000854,2,2,15
000857,1,1,18
000860,1,2,30
000865,1,1,8
000868,0,0,4
000872,1,2,11
000876,1,1,8
000879,2,1,30
000882,1,2,17
000885,1,1,20
000888,1,0,11
000891,1,2,13
000894,1,2,12
000898,1,1,25
000902,1,1,8
000905,1,1,21
000909,1,1,10
000912,1,2,21
000915,1,1,13
000919,1,2,53
000923,1,2,8
000926,1,1,8
000929,1,2,23
000932,1,1,8
000936,2,1,13
000940,0,0,2
000944,2,1,11
000948,2,1,26
000951,1,1,8
000954,1,1,14
000958,1,1,6
000961,1,2,16
000965,1,1,76
000968,1,1,11
000972,1,1,10
000976,1,1,15
000979,2,2,15
000983,1,2,47
000988,1,1,7
000991,0,1,25
000994,0,1,7
000997,0,1,8
001000,1,0,6
001005,1,1,29
001008,1,1,19
001013,2,1,17
001016,1,2,12
001019,0,1,6
001023,1,1,8
001026,1,2,21
001029,2,1,8
001034,1,1,40
001037,1,1,10
001040,1,1,10
001043,1,1,14
001046,1,1,19
001050,1,1,11
001053,1,1,40
001056,1,1,19
001061,3,1,57
001065,1,2,80
001068,1,1,8
001071,1,1,5
001075,1,3,80
001079,1,0,8
001082,1,1,30
001085,1,2,13
001088,1,0,8
001092,2,2,34
001095,1,1,16
001098,2,2,19
001102,1,2,12
001105,1,1,8
001108,1,2,16
001111,1,2,26
001114,1,2,37
001117,1,1,8
001121,1,1,16
001124,1,1,14
001127,1,2,19
001130,1,2,15
001133,2,1,8
001136,0,0,2
001139,1,1,8
001143,1,1,13
001146,2,2,21
001149,1,1,15
001152,1,1,33
001156,1,2,31
001159,1,1,9
001162,1,1,13
001166,0,3,74
001170,1,1,9
001173,1,1,17
001176,1,1,13
001179,1,1,10
001183,1,1,7
001188,1,1,35
001191,1,1,7
001195,1,1,14
001198,1,0,8
001201,1,1,8
001205,1,1,7
001208,1,1,22
001211,1,1,15
001214,1,1,31
001218,1,1,11
001221,1,1,20
001224,1,0,6
001227,2,2,10
001230,2,1,8
001233,1,2,10
001238,1,1,27
001241,1,1,13
001245,1,1,8
001248,1,3,52
001251,2,2,12
001254,1,1,8
001257,0,0,3
001261,0,4,49
001264,1,1,16
001267,1,1,21
001271,1,1,9
001274,1,1,11
001278,2,1,8
001281,1,1,13
001284,1,1,10
001290,1,1,6
001294,1,1,15
001297,1,2,52
001301,2,1,6
001304,1,1,11
001307,1,2,15
001310,1,0,16
001313,0,1,149
001316,1,1,22
001320,1,2,56
001324,3,1,29
001328,1,1,13
001333,1,1,12
001336,1,2,26
001340,2,1,9
001343,1,1,32
001347,1,1,8
001350,1,2,16
001353,1,1,13
001357,2,3,12
001361,1,1,50
001364,1,0,11
001368,0,2,13
001371,1,1,17
001374,1,3,58
001377,0,1,13
001380,1,1,29
001383,0,1,34
001387,1,1,66
001390,1,1,10
001393,1,0,14
001396,1,1,16
001399,1,1,56
001402,1,1,35
001405,1,1,57
001408,1,2,107
001412,1,1,80
001415,1,2,15
001419,1,1,8
001423,1,1,12
001427,1,1,48
001431,1,0,11
001435,1,2,18
001439,1,1,10
001442,1,3,32
001445,1,1,8
001449,1,1,13
001452,1,1,16
001455,1,2,88
001458,1,1,8
001461,1,1,16
001465,1,2,13
001468,1,1,23
001471,1,4,89
001474,1,1,12
001477,0,2,49
001481,0,2,27
001485,1,2,47
001488,1,1,8
001492,1,1,7
001495,1,2,17
001499,1,1,66
001503,1,1,12
001506,1,2,64
001509,1,1,13
001514,1,1,19
001520,1,2,33
001523,1,1,13
001526,1,1,12
001529,1,1,8
001532,1,1,29
001536,2,3,23
001540,2,2,11
001543,1,1,7
001546,1,1,26
001549,0,0,6
001552,1,1,7
001557,2,4,38
001561,1,1,6
001564,0,2,29
001567,1,1,15
001572,1,2,13
001576,1,1,22
001579,1,1,8
001583,1,1,8
001589,1,2,12
001593,1,1,7
001596,2,2,10
001599,1,1,11
001602,1,1,8
001606,1,1,11
001609,1,1,13
001612,1,1,8
001615,1,2,21
001618,1,1,8
001621,1,1,9
001627,1,2,18
001631,1,1,8
001635,2,4,22
001638,1,1,7
001641,1,1,18
001644,1,3,18
001647,1,1,8
001650,1,1,12
001653,1,2,14
001656,1,1,13
001661,1,1,8
001664,1,2,27
001668,1,1,30
001671,2,4,43
001674,1,1,10
001677,1,1,8
001682,1,1,8
001685,2,2,12
001689,0,0,11
001692,1,1,8
001696,1,1,8
001700,1,1,10
001703,1,1,8
001707,1,1,8
001710,1,4,30
001713,1,0,6
001716,1,1,13
001719,1,1,6
001722,3,3,39
001725,1,1,8
001729,1,1,8
001732,1,1,8
001736,1,1,8
001741,1,1,20
001745,1,4,22
001749,0,1,18
001752,1,1,6
001756,2,3,31
001759,1,1,85
001763,1,1,23
001766,2,1,9
001769,1,1,13
001773,1,1,14
001778,1,2,12
001781,1,3,50
001785,1,1,11
001788,1,1,8
001791,1,2,52
001794,1,2,15
001797,0,1,9
001800,1,2,30
001803,1,1,14
001806,0,3,34
001809,1,3,17
001812,2,1,9
001816,2,2,31
001819,3,2,31
001822,1,1,14
001826,1,1,8
001829,1,1,10
001832,1,1,18
001835,0,1,11
001838,1,1,19
001841,1,1,12
001845,1,1,12
001848,1,1,8
001851,1,1,9
001854,1,4,60
001857,2,1,11
001861,2,2,13
001864,0,1,17
001867,1,1,6
001870,1,2,21
001874,1,1,18
001877,1,2,13
001880,0,0,5
001883,1,1,11
001886,3,4,45
001889,1,0,10
001893,1,1,16
001896,1,1,14
001900,0,0,19
001903,2,1,11
001906,3,3,26
001909,2,1,20
001912,1,0,16
001915,1,0,20
001919,1,1,12
001923,1,1,18
001927,1,1,13
001931,1,1,12
001934,1,1,35
001937,1,1,19
001940,1,2,19
001944,0,2,20
001948,1,0,22
001951,1,1,9
001954,1,0,54
001957,1,1,79
001960,1,1,12
001965,1,1,8
001968,1,1,12
001971,1,1,8
001974,1,3,21
001982,1,1,8
001985,1,1,15
001988,0,0,19
001991,1,1,28
001994,1,2,12
001997,1,1,35
002000,1,2,16
002003,1,1,8
002007,2,1,18
002011,0,0,7
002015,1,1,15
002019,1,1,7
002024,1,1,11
002027,1,1,21
002030,1,1,11
002037,1,1,6
002040,1,1,8
002044,1,1,9
002047,1,1,15
002050,2,2,44
002053,1,1,16
002056,1,0,8
002060,1,2,11
002063,1,1,8
002066,2,1,14
002069,1,1,31
002072,1,1,13
002075,1,1,8
002078,1,2,12
002082,1,1,11
002085,1,1,9
002090,1,1,9
002093,1,1,31
002096,1,1,8
002099,1,2,13
002103,1,0,7
002111,1,0,8
002114,1,1,8
002117,1,3,67
002120,1,1,10
002123,1,1,22
002126,1,0,3
002129,1,1,8
002132,1,1,6
002135,1,3,47
002138,1,1,14
002141,1,1,8
002145,1,1,14
002148,1,1,9
002152,2,1,6
002155,1,1,16
002158,1,1,28
002161,1,4,101
002164,1,1,14
002167,1,1,7
002170,1,1,12
002174,1,2,15
002178,1,1,10
002181,1,2,53
002185,1,2,18
002188,1,1,9
002191,1,1,8
002194,1,2,11
002197,1,1,18
002201,1,1,7
002205,1,1,6
002209,1,1,10
002213,1,2,18
002216,1,1,8
002219,1,1,35
002222,1,1,20
002225,1,1,8
002228,1,1,10
002231,1,1,8
002234,1,0,8
002237,1,1,10
002241,0,1,20
002245,1,1,6
002248,1,1,24
002251,1,0,27
002254,3,4,59
002257,1,1,9
002263,1,1,8
002267,1,0,9
002270,1,1,14
002273,1,2,15
002276,2,2,16
002283,2,1,34
002288,1,1,8
002291,1,1,8
002294,1,1,8
002298,1,1,8
002302,1,1,11
002305,1,1,8
002308,1,2,9
002312,1,1,8
002316,1,1,8
002320,1,1,15
002323,1,1,13
002326,2,2,12
002329,1,1,8
002333,1,1,7
002337,1,1,8
002341,2,2,19
002344,1,1,24
002348,1,1,8
002353,1,1,8
002356,1,1,9
002359,1,1,9
002362,1,1,29
002365,1,1,8
002368,1,1,17
002371,1,1,8
002374,1,1,6
002377,1,1,8
002380,1,1,14
002384,1,2,16
002387,1,1,8
002390,1,1,8
002393,1,0,11
002396,1,1,8
002399,1,0,6
002402,0,1,13
002405,1,1,8
002408,2,2,12
002411,1,1,23
002414,1,1,8
002419,1,1,12
002423,1,1,13
002426,1,1,13
002430,1,0,8
002434,1,1,9
002439,1,1,11
002442,1,1,13
002446,1,2,13
002450,0,1,10
002453,0,1,25
002456,2,1,8
002459,1,3,75
002462,1,1,8
002465,1,1,15
002470,1,1,8
002473,2,1,24
002476,1,1,15
002479,1,1,6
002482,1,1,8
002485,1,1,8
002488,1,1,10
002491,1,1,6
002494,1,2,18
002497,1,1,12
002501,1,1,11
002504,1,0,10
002507,1,1,10
002510,1,1,10
002514,1,1,18
002518,1,1,8
002521,1,1,8
002524,1,1,8
002527,1,1,8
002532,1,1,8
002535,1,2,22
002538,1,1,19
002541,1,1,63
002544,1,2,69
002550,1,1,12
002553,1,1,18
002556,1,1,11
002559,1,1,24
002562,1,1,14
002565,1,1,8
002568,1,1,8
002571,2,2,16
002575,1,1,39
002579,1,2,43
002582,1,1,9
002585,1,1,7
002590,1,1,13
002596,1,1,17
002600,1,1,8
002603,1,1,13
002611,1,1,8
002616,1,1,8
002619,1,1,8
002622,1,1,8
002625,1,2,40
002628,1,1,11
002632,1,2,38
002635,1,1,38
002638,1,4,54
002641,1,3,60
002645,2,1,43
002649,1,1,16
002655,1,1,6
002658,1,1,9
002661,2,1,11
002664,2,1,8
002669,1,2,20
002673,1,1,8
002676,1,1,13
002679,1,1,11
002682,1,2,29
002685,1,1,22
002688,1,1,26
002691,1,1,12
002695,1,1,18
002698,1,1,13
002702,1,1,26
002706,1,2,12
002709,1,1,10
002712,1,1,6
002715,1,1,13
002719,1,0,8
002722,1,0,40
002726,1,2,22
002729,1,1,30
002732,1,2,70
002735,1,1,10
002739,2,1,14
002743,1,1,22
002747,1,1,28
002750,1,1,13
002753,1,1,6
002756,1,1,24
002759,1,1,13
002763,1,1,14
002766,0,1,14
002769,1,1,12
002772,1,1,12
002775,0,0,4
002778,1,1,22
002781,1,1,6
002785,1,1,28
002789,1,1,27
002792,1,1,12
002795,1,1,8
002798,0,3,17
002803,1,2,12
002807,1,1,13
002810,1,1,20
002815,2,3,30
002818,1,1,17
002821,1,2,23
002824,1,2,13
002829,1,1,9
002832,1,1,9
002836,2,1,13
002841,1,1,16
002844,1,1,9
002847,2,1,8
002850,1,2,54
002853,1,2,20
002856,1,1,58
002860,1,1,12
002863,0,1,18
002868,1,2,42
002871,1,1,12
002876,1,1,16
002880,2,4,25
002883,1,1,13
002886,1,1,8
002890,1,4,93
002894,1,1,8
002897,1,1,9
002900,1,0,8
002903,1,1,10
002906,1,2,15
002909,1,1,8
002912,1,2,10
002915,1,1,8
002919,1,1,8
002923,1,1,9
002928,2,1,9
002933,1,2,19
002936,1,1,9
002939,1,1,16
002942,1,0,8
002945,1,1,14
002949,1,1,13
002952,1,1,15
002957,1,2,13
002960,1,2,22
002963,1,1,9
002967,1,0,6
002971,1,1,10
002974,2,1,8
002977,2,2,20
002980,1,1,13
002983,1,1,11
002986,1,1,8
002989,1,2,39
002993,1,1,8
002996,1,1,14
003000,1,1,8
003003,1,1,13
003006,1,1,8
003009,1,2,11
003013,1,0,15
003016,1,1,11
003020,1,1,13
003024,1,1,9
003027,1,1,9
003030,1,1,40
003033,1,0,14
003037,1,2,19
003040,1,1,9
003044,1,1,38
003047,1,1,8
003051,2,1,13
003054,1,3,59
003057,1,1,8
003060,0,1,11
003064,1,1,9
003067,1,1,6
003071,1,1,29
003075,1,1,21
003078,1,1,10
003082,3,2,18
003085,1,1,11
003089,1,2,91
003092,2,1,46
003095,1,1,8
003098,1,1,13
003101,1,2,32
003104,1,2,12
003107,1,1,11
003110,1,2,18
003113,1,1,15
003117,1,1,52
003120,1,1,26
003124,1,1,8
003127,1,1,7
003130,1,2,22
003133,1,1,8
003136,1,1,11
003140,2,1,11
003143,3,2,16
003146,1,1,9
003149,1,1,23
003153,1,1,12
003156,1,1,15
003159,1,1,8
003162,1,1,8
003165,0,1,15
003168,1,2,15
003172,2,1,13
003176,1,1,8
003179,1,1,8
003183,1,1,9
003186,2,1,6
003189,1,0,11
003193,1,2,22
003196,2,0,6
003200,1,1,8
003203,1,1,11
003207,1,2,12
003210,1,2,60
003213,1,1,6
003216,1,2,14
003219,1,7,148
003222,1,1,13
003225,3,2,15
003229,1,1,11
003232,1,1,6
003236,1,1,13
003240,2,3,28
003243,1,1,25
003247,1,1,28
003251,1,1,20
003254,1,1,10
003258,1,0,20
003261,1,1,8
003264,1,1,9
003268,1,2,52
003271,1,2,26
003274,1,1,25
003277,1,1,5
003280,1,1,40
003283,2,1,57
003287,2,2,22
003290,1,1,8
003296,2,2,21
003299,2,1,17
003302,1,2,37
003309,1,1,12
003314,1,1,19
003318,1,1,8
003323,1,1,8
003327,1,0,13
003330,1,1,18
003334,1,1,9
003337,1,1,10
003340,1,1,19
003343,1,0,7
003348,1,2,40
003351,1,2,14
