kind,image_id,tags,label,base,off,base_repro,on_RULE_SEPMIX,on_RULE_TAIL,on_RULE_YMSEP,on_RULE_REREAD,on_KO_LINE_MODE=auto,on,by
changed,000022,,2025-10-14,NONE-01-20,NONE-01-20,True,NONE-01-20,2025-10-04,NONE-01-20,2025-10-04,NONE-01-20,2025-10-04,RULE_TAIL+RULE_REREAD
changed,000024,,2025-10-11,NONE,NONE,True,NONE,2025-10-11,NONE,NONE,NONE,2025-10-11,RULE_TAIL
changed,000294,2,2026-09-08,2026-09-09,2026-09-09,True,2026-09-08,2026-09-09,2026-09-09,2026-09-09,2026-09-09,2026-09-08,RULE_SEPMIX
changed,000386,2,2026-06-10,2026-11-06,2026-11-06,True,2026-06-10,2026-11-06,2026-11-06,2026-11-06,2026-11-06,2026-06-10,RULE_SEPMIX
changed,000495,2,2026-02-19,2028-08-09,2028-08-09,True,2028-08-09,2028-08-09,2028-08-09,2028-08-09,2026-02-01,2026-02-01,KO_LINE_MODE=auto
changed,000497,,2026-08-31,NONE,NONE,True,NONE,2026-08-31,NONE,NONE,NONE,2026-08-31,RULE_TAIL
changed,000505,,2026-03-02,NONE,NONE,True,NONE,2026-03-02,NONE,NONE,2026-03-02,2026-03-02,RULE_TAIL+KO_LINE_MODE=auto
changed,000527,,2025-10-12,NONE,NONE,True,NONE,2025-10-12,NONE,NONE,2025-10-12,2025-10-12,RULE_TAIL+KO_LINE_MODE=auto
changed,000603,,2026-09-24,NONE,NONE,True,NONE,2026-09-24,NONE,NONE,NONE,2026-09-24,RULE_TAIL
changed,000840,,2026-01-01,NONE-12-12,NONE-12-12,True,NONE-12-12,NONE-12-12,NONE-12-12,2026-01-01,NONE-12-12,2026-01-01,RULE_REREAD
changed,000848,,2026-05-21,2021-05-20,2021-05-20,True,2021-05-20,2021-05-20,2021-05-20,2026-05-21,2021-05-20,2026-05-21,RULE_REREAD
changed,000957,2,2021-02-22,2021-01-29,2021-01-29,True,2021-01-29,2021-02-22,2021-01-29,2021-01-29,2021-02-22,2021-02-22,RULE_TAIL+KO_LINE_MODE=auto
changed,001097,2,2021-06-11,2021-11-06,2021-11-06,True,2021-06-11,2021-11-06,2021-11-06,2021-11-06,2021-11-06,2021-06-11,RULE_SEPMIX
changed,001110,,2021-03-22,2021-03-22,2021-03-22,True,2021-03-22,2021-03-22,2021-03-22,2021-03-22,2024-03-22,2024-03-22,KO_LINE_MODE=auto
changed,001155,,2021-09-21,2021-09-21,2021-09-21,True,2021-09-21,2021-09-02,2021-09-21,2021-09-21,2021-09-21,2021-09-02,RULE_TAIL
changed,001185,2,2021-09-28,2021-09-26,2021-09-26,True,2021-09-26,2021-09-26,2021-09-26,2021-09-26,2021-09-28,2021-09-28,KO_LINE_MODE=auto
changed,001200,2,2021-10-20,2020-10-21,2020-10-21,True,2020-10-21,2020-10-21,2020-10-21,2021-10-20,2020-10-21,2021-10-20,RULE_REREAD
changed,001435,,2021-10-04,2021-02-18,2021-02-18,True,2021-02-18,2021-02-18,2021-10-04,2021-02-18,2021-02-18,2021-10-04,RULE_YMSEP
changed,001452,,2022-09-13,2021-08-07,2021-08-07,True,2021-08-07,2021-08-07,2022-09-13,2021-08-07,2021-08-07,2022-09-13,RULE_YMSEP
changed,001511,,2023-12-01,NONE-03-22,NONE-03-22,True,NONE-03-22,NONE-03-22,2023-12-01,NONE-03-22,NONE-03-22,2023-12-01,RULE_YMSEP
changed,001537,2,2021-02-19,2021-02-26,2021-02-26,True,2021-02-26,2021-01-25,2021-02-26,2021-02-26,2021-02-26,2021-01-25,RULE_TAIL
changed,001817,2,2021-04-14,2021-01-16,2021-01-16,True,2021-01-16,2021-04-14,2021-01-16,2021-01-16,2021-01-16,2021-04-14,RULE_TAIL
changed,002008,,2022-01-14,2029-12-NONE,2029-12-NONE,True,2029-12-NONE,2029-12-NONE,2022-01-14,2029-12-NONE,2029-12-NONE,2022-01-14,RULE_YMSEP
changed,002164,2,2021-01-29,2020-10-30,2020-10-30,True,2020-10-30,2021-01-29,2020-10-30,2020-10-30,2020-10-30,2021-01-29,RULE_TAIL
changed,002694,,2021-04-19,NONE,NONE,True,NONE,NONE,2021-04-19,NONE,NONE,2021-04-19,RULE_YMSEP
changed,002714,?b,2021-10-22,2021-12-12,2021-12-12,True,2021-10-22,2021-12-12,2021-12-12,2021-12-12,2021-12-12,2021-10-22,RULE_SEPMIX
changed,003010,,2021-12-11,2021-01-12,2021-01-12,True,2021-01-12,2021-01-12,2021-01-12,2021-01-12,2021-12-11,2021-12-11,KO_LINE_MODE=auto
changed,003224,,2021-08-21,2021-09-01,2021-09-01,True,2021-08-22,2021-09-01,2021-09-01,2021-09-01,2021-09-01,2021-08-22,RULE_SEPMIX
changed,003287,2,2021-09-25,2021-09-21,2021-09-21,True,2021-09-21,2021-09-21,2021-09-21,2021-09-21,2021-09-25,2021-09-25,KO_LINE_MODE=auto
changed,003349,2,2025-12-10,2025-01-10,2025-01-10,True,2025-01-10,2025-12-10,2025-01-10,2025-01-10,2025-01-10,2025-12-10,RULE_TAIL
changed,001549,,2022-09-28,NONE,NONE,True,NONE,NONE,NONE,NONE,NONE,2029-09-22,둘이 함께일 때만
changed,002655,,2021-03-25,2021-03-20,2021-03-20,True,2021-03-20,2021-03-25,2021-03-20,2021-03-20,2021-03-20,2021-03-25,RULE_TAIL
changed,000047,,2027-04-14,2027-04-04,2027-04-04,True,2027-04-04,2027-04-04,2027-04-04,2027-04-04,2027-04-14,2027-04-14,KO_LINE_MODE=auto
changed,000056,2,2026-07-11,2026-12-07,2026-12-07,True,2026-07-11,2026-12-07,2026-12-07,2026-12-07,2026-12-07,2026-07-11,RULE_SEPMIX
changed,000160,2,2026-10-27,2025-04-02,2025-04-02,True,2025-04-02,2025-04-02,2025-04-02,2025-04-02,2026-10-27,2026-10-27,KO_LINE_MODE=auto
changed,000242,2,2026-05-21,2025-09-22,2025-09-22,True,2025-09-22,2025-09-22,2025-09-22,2025-09-22,2026-05-21,2026-05-21,KO_LINE_MODE=auto
changed,000264,,2026-06-06,NONE,NONE,True,NONE,2026-06-06,NONE,NONE,NONE,2026-06-06,RULE_TAIL
changed,000390,,2026-05-19,2021-03-23,2021-03-23,True,2021-03-23,2021-03-23,2026-05-19,2021-03-23,2021-03-23,2026-05-19,RULE_YMSEP
changed,000402,,2019-04-28,2019-04-28,2019-04-28,True,2019-04-28,2019-04-28,2019-04-28,2019-04-28,2019-04-28,2028-04-19,둘이 함께일 때만
changed,000453,2,2026-01-26,2025-08-27,2025-08-27,True,2025-08-27,2028-01-26,2025-08-27,2025-08-27,2025-08-27,2028-01-26,RULE_TAIL
changed,000459,,2026-01-19,NONE-01-19,NONE-01-19,True,NONE-01-19,NONE-01-19,NONE-01-19,NONE-01-19,2026-01-19,2026-01-19,KO_LINE_MODE=auto
changed,000468,?,2026-04-06,NONE,NONE,True,NONE,NONE,NONE,2026-04-06,NONE,2026-04-06,RULE_REREAD
changed,000503,,2026-02-18,2026-02-10,2026-02-10,True,2026-02-10,2026-02-18,2026-02-10,2026-02-10,2026-02-18,2026-02-18,RULE_TAIL+KO_LINE_MODE=auto
changed,000602,2,2026-09-22,2025-09-20,2025-09-20,True,2025-09-20,2025-09-20,2025-09-20,2025-09-20,2026-09-22,2026-09-22,KO_LINE_MODE=auto
changed,000765,,2025-11-21,NONE,NONE,True,NONE,NONE,2025-11-21,NONE,NONE,2025-11-21,RULE_YMSEP
changed,000918,,2021-09-17,2020-04-20,2020-04-20,True,2020-04-20,2020-04-20,2021-09-17,2021-09-17,2020-04-20,2021-09-17,RULE_YMSEP+RULE_REREAD
changed,000934,2,2021-02-10,2021-01-25,2021-01-25,True,2021-01-25,2021-02-10,2021-01-25,2021-01-25,2021-02-10,2021-02-10,RULE_TAIL+KO_LINE_MODE=auto
changed,001028,2,2021-07-07,2021-08-01,2021-08-01,True,2021-07-07,2021-08-01,2021-08-01,2021-08-01,2021-08-01,2021-07-07,RULE_SEPMIX
changed,001096,2,2021-06-11,2021-11-06,2021-11-06,True,2021-06-11,2021-11-06,2021-11-06,2021-11-06,2021-11-06,2021-06-11,RULE_SEPMIX
changed,001101,2,2021-03-14,2021-01-14,2021-01-14,True,2021-01-14,2021-01-14,2021-01-14,2021-01-14,2021-03-14,2021-03-14,KO_LINE_MODE=auto
changed,001108,,2021-02-28,2025-02-28,2025-02-28,True,2025-02-28,2025-02-28,2025-02-28,2025-02-28,2021-02-28,2021-02-28,KO_LINE_MODE=auto
changed,001116,,2022-01-12,2028-12-01,2028-12-01,True,2022-01-12,2028-12-01,2028-12-01,2028-12-01,2028-12-01,2022-01-12,RULE_SEPMIX
changed,001846,,2021-09-23,2023-12-09,2023-12-09,True,2023-12-09,2023-12-09,2023-12-09,2021-09-23,2023-12-09,2021-09-23,RULE_REREAD
changed,001944,t,2023-09-29,NONE,NONE,True,NONE,NONE,NONE,NONE,2023-09-08,2023-09-08,KO_LINE_MODE=auto
changed,002165,2,2021-01-29,2020-10-30,2020-10-30,True,2020-10-30,2021-01-29,2020-10-30,2020-10-30,2021-01-29,2021-01-29,RULE_TAIL+KO_LINE_MODE=auto
changed,002203,2,2021-01-08,2021-09-10,2021-09-10,True,2021-01-08,2021-09-10,2021-09-10,2021-09-10,2021-09-10,2021-01-08,RULE_SEPMIX
changed,002255,2,2021-10-26,2021-10-26,2021-10-26,True,2021-10-26,2021-10-26,2021-10-26,2021-10-26,2021-10-28,2021-10-28,KO_LINE_MODE=auto
changed,002440,,2022-01-26,2022-01-26,2022-01-26,True,2022-01-26,2022-01-26,2022-01-26,2022-01-26,NONE,NONE,KO_LINE_MODE=auto
changed,002713,,2021-10-22,2021-12-12,2021-12-12,True,2021-10-22,2021-12-12,2021-12-12,2021-12-12,2021-12-12,2021-10-22,RULE_SEPMIX
changed,002771,,2021-10-10,2021-10-11,2021-10-11,True,2021-10-11,2021-10-11,2021-07-01,2021-10-11,2021-10-11,2021-07-01,RULE_YMSEP
changed,002911,,2021-06-30,2021-06-30,2021-06-30,True,2021-06-30,2021-06-30,2021-06-30,2021-06-30,2021-06-30,2030-06-21,둘이 함께일 때만
changed,003163,,2021-02-16,2020-11-17,2020-11-17,True,2020-11-17,2021-02-16,2020-11-17,2020-11-17,2021-02-16,2021-02-16,RULE_TAIL+KO_LINE_MODE=auto
changed,003350,2,2025-12-10,2022-10-10,2022-10-10,True,2022-10-10,2025-12-10,2022-10-10,2022-10-10,2022-10-10,2025-12-10,RULE_TAIL
sample,002701,,2022-12-16,2022-12-16,2022-12-16,True,,,,,,2022-12-16,
sample,000228,,2025-10-20,2025-10-20,2025-10-20,True,,,,,,2025-10-20,
sample,002341,2,2021-12-15,2021-12-15,2021-12-15,True,,,,,,2021-12-15,
sample,002998,,2021-10-07,2021-10-07,2021-10-07,True,,,,,,2021-10-07,
sample,001273,,2022-06-17,2022-06-17,2022-06-17,True,,,,,,2022-06-17,
sample,002729,,2021-11-04,2021-11-04,2021-11-04,True,,,,,,2021-11-04,
sample,000942,2,2021-05-29,2021-05-29,2021-05-29,True,,,,,,2021-05-29,
sample,001025,,2020-12-09,2020-12-09,2020-12-09,True,,,,,,2020-12-09,
sample,000360,2,2026-02-18,NONE,NONE,True,,,,,,NONE,
sample,000263,,2028-01-22,NONE,NONE,True,,,,,,NONE,
sample,003003,,2022-11-26,2022-11-26,2022-11-26,True,,,,,,2022-11-26,
sample,003189,,2022-08-16,2022-08-16,2022-08-16,True,,,,,,2022-08-16,
sample,000406,2,2026-08-27,NONE,NONE,True,,,,,,NONE,
sample,001352,,2022-06-27,2022-06-27,2022-06-27,True,,,,,,2022-06-27,
sample,001532,,2022-06-21,2022-06-21,2022-06-21,True,,,,,,2022-06-21,
sample,001804,,2021-01-15,2021-01-15,2021-01-15,True,,,,,,2021-01-15,
sample,002043,,2019-12-20,2019-12-20,2019-12-20,True,,,,,,2019-12-20,
sample,001861,,2023-06-18,2023-06-18,2023-06-18,True,,,,,,2023-06-18,
sample,002078,,2020-10-21,2020-10-21,2020-10-21,True,,,,,,2020-10-21,
sample,001927,,2021-04-27,2021-04-27,2021-04-27,True,,,,,,2021-04-27,
sample,001410,,2021-05-25,2021-05-05,2021-05-05,True,,,,,,2021-05-05,
sample,001938,,2021-03-NONE,2021-03-NONE,2021-03-NONE,True,,,,,,2021-03-NONE,
sample,000743,,2026-11-16,2026-11-16,2026-11-16,True,,,,,,2026-11-16,
sample,002645,,2021-12-14,2021-12-14,2021-12-14,True,,,,,,2021-12-14,
sample,000155,,2026-06-22,2026-06-22,2026-06-22,True,,,,,,2026-06-22,
sample,001397,,2022-11-01,2022-11-01,2022-11-01,True,,,,,,2022-11-01,
sample,001617,,2021-12-15,2021-12-15,2021-12-15,True,,,,,,2021-12-15,
sample,000804,d,2027-09-01,2027-09-01,2027-09-01,True,,,,,,2027-09-01,
sample,003084,,2021-12-02,2021-12-02,2021-12-02,True,,,,,,2021-12-02,
sample,000812,,2026-05-29,2026-05-29,2026-05-29,True,,,,,,2026-05-29,
sample,000484,,2027-11-14,2027-11-14,2027-11-14,True,,,,,,2027-11-14,
sample,000966,,2021-08-10,2021-08-10,2021-08-10,True,,,,,,2021-08-10,
sample,000924,,NONE-02-02,2018-02-02,2018-02-02,True,,,,,,2018-02-02,
sample,002668,,2021-09-09,2021-09-09,2021-09-09,True,,,,,,2021-09-09,
sample,001086,,2023-10-09,2023-10-09,2023-10-09,True,,,,,,2023-10-09,
sample,000721,,2026-12-17,2026-12-17,2026-12-17,True,,,,,,2026-12-17,
sample,001102,,2021-03-14,2021-03-14,2021-03-14,True,,,,,,2021-03-14,
sample,002650,,2021-07-01,NONE,NONE,True,,,,,,NONE,
sample,000093,,2026-04-23,2026-04-23,2026-04-23,True,,,,,,2026-04-23,
sample,001694,,2022-07-01,2022-07-01,2022-07-01,True,,,,,,2022-07-01,
