image_id,group,label,cur,rvote,ymsep,tv,full_cur,full_rvote,full_ymsep,t_log
000468,바뀜,2026-04-06,NONE,2026-04-06,NONE,2026-04-06,NONE,2026-04-06,NONE,
000596,바뀜,2026-08-13,2025-08-14,2025-08-14,2025-08-14,2025-08-14,2025-08-14,2025-08-14,2025-08-14,
000765,바뀜,2025-11-21,NONE,NONE,2025-11-21,2025-11-21,NONE,NONE,2025-11-21,'202511.21' → '2025.11.21'
000918,바뀜,2021-09-17,2020-04-20,2021-09-17,2021-09-17,2021-09-17,2020-04-20,2021-09-17,2021-09-17,'202109.17' → '2021.09.17'
001395,바뀜,2021-09-01,NONE,NONE,NONE,NONE,NONE,NONE,NONE,
001435,바뀜,2021-10-04,2021-02-18,2021-02-18,2021-10-04,2021-10-04,2021-02-18,2021-02-18,2021-10-04,'202110.04' → '2021.10.04' ## '14:1888 202110.04' → '14:1888 2021.10.04' ## '14.1 202110.04' → '14.1 2021.10.04'
001452,바뀜,2022-09-13,2021-08-07,2021-08-07,2022-09-13,2022-09-13,2021-08-07,2021-08-07,2022-09-13,'202209.13x' → '2022.09.13x' ## '48   202209.13x' → '48   2022.09.13x'
001511,바뀜,2023-12-01,NONE-03-22,NONE-03-22,2023-12-01,2023-12-01,NONE-03-22,NONE-03-22,2023-12-01,'202312.01' → '2023.12.01' ## 'n o N     44 157701 A   T B  8 : HAN  T n ad 660200 202312.0' → 'n o N     44 157701 A   T B  8 : HAN  T n ad 660200 2023.12.'
001627,바뀜,2021-07-03,2022-07-05,2022-07-05,2022-07-05,2022-07-05,2022-07-05,2022-07-05,2022-07-05,'202107.03' → '2021.07.03'
001832,바뀜,2022-09-02,2020-09-02,2020-09-02,2020-09-02,2020-09-02,2020-09-02,2020-09-02,2020-09-02,
001846,바뀜,2021-09-23,2023-12-09,2021-09-23,2023-12-09,2021-09-23,2023-12-09,2021-09-23,2023-12-09,
002008,바뀜,2022-01-14,2029-12-NONE,2029-12-NONE,2022-01-14,2022-01-14,2029-12-NONE,2029-12-NONE,2022-01-14,'202201/14' → '2022/01/14' ## '37300037 202201/14' → '37300037 2022/01/14'
002694,바뀜,2021-04-19,NONE,NONE,2021-04-19,2021-04-19,NONE,NONE,2021-04-19,'202104.19A' → '2021.04.19A'
000022,바뀜,2025-10-14,NONE-01-20,2025-10-04,NONE-01-20,2025-10-04,NONE-01-20,2025-10-04,NONE-01-20,
000024,바뀜,2025-10-11,NONE,NONE,NONE,NONE,NONE,NONE,NONE,
000053,바뀜,2025-12-20,2025-12-20,2025-12-20,2025-12-20,2025-12-20,2025-12-20,2025-12-20,2025-12-20,'202512.20m2-' → '2025.12.20m2-'
000169,바뀜,2026-03-18,2026-03-18,2026-03-18,2026-03-18,2026-03-18,2026-03-18,2026-03-18,2026-03-18,'202603.18' → '2026.03.18'
000179,바뀜,2026-06-29,2026-06-29,2026-06-29,2026-06-29,2026-06-29,2026-06-29,2026-06-29,2026-06-29,'2025.093 202206.29  B4 H H' → '2025.093 2022.06.29  B4 H H' ## '2025.0930 202606.29 O B4 H H' → '2025.0930 2026.06.29 O B4 H H'
000181,바뀜,2026-09-08,2026-09-08,2026-09-08,2026-09-08,2026-09-08,2026-09-08,2026-09-08,2026-09-08,'202609.08' → '2026.09.08'
000290,바뀜,2027-03-02,2027-03-02,2027-03-02,2027-03-02,2027-03-02,2027-03-02,2027-03-02,2027-03-02,'202703.02' → '2027.03.02' ## '1 202703.02' → '1 2027.03.02'
000315,바뀜,2026-07-19,2026-07-19,2026-07-19,2026-07-19,2026-07-19,2026-07-19,2026-07-19,2026-07-19,'202001.19' → '2020.01.19'
000317,바뀜,2025-11-15,2025-11-15,2025-11-15,2025-11-15,2025-11-15,2025-11-15,2025-11-15,2025-11-15,'202511.15 150' → '2025.11.15 150'
000349,바뀜,2025-12-07,2025-12-07,2025-12-07,2025-12-07,2025-12-07,2025-12-07,2025-12-07,2025-12-07,'202512.07M' → '2025.12.07M' ## '202512.07' → '2025.12.07'
000382,바뀜,2026-08-18,2026-08-18,2026-08-18,2026-08-18,2026-08-18,2026-08-18,2026-08-18,2026-08-18,'7 202608.18 08 40' → '7 2026.08.18 08 40'
000390,바뀜,2026-05-19,2021-03-23,2021-03-23,2026-05-19,2026-05-19,2021-03-23,2021-03-23,2026-05-19,'202605.19.' → '2026.05.19.'
000459,바뀜,2026-01-19,NONE-01-19,NONE-01-19,NONE-01-19,NONE-01-19,NONE-01-19,NONE-01-19,NONE-01-19,
000534,바뀜,2027-01-29,2027-01-29,2027-01-29,2027-01-29,2027-01-29,2027-01-29,2027-01-29,2027-01-29,'202701.29' → '2027.01.29'
000551,바뀜,2026-12-19,2026-12-19,2026-12-19,2026-12-19,2026-12-19,2026-12-19,2026-12-19,2026-12-19,'202612.19 16 00' → '2026.12.19 16 00'
000590,바뀜,2025-12-05,2025-12-05,2025-12-05,2025-12-05,2025-12-05,2025-12-05,2025-12-05,2025-12-05,'202512.05/16 012' → '2025.12.05/16 012'
000690,바뀜,2025-10-11,2025-10-11,2025-10-11,2025-10-11,2025-10-11,2025-10-11,2025-10-11,2025-10-11,'202510.11.22' → '2025.10.11.22'
000801,바뀜,2026-03-25,2026-03-25,2026-03-25,2026-03-25,2026-03-25,2026-03-25,2026-03-25,2026-03-25,'202603.25' → '2026.03.25'
000840,바뀜,2026-01-01,NONE-12-12,2026-01-01,NONE-12-12,2026-01-01,NONE-12-12,2026-01-01,NONE-12-12,
000848,바뀜,2026-05-21,2021-05-20,2026-05-21,2021-05-20,2026-05-21,2021-05-20,2026-05-21,2021-05-20,
000885,바뀜,2021-07-09,2020-01-10,2020-01-10,2020-01-10,2020-01-10,2020-01-10,2020-01-10,2020-01-10,'207407.09' → '2074.07.09' ## '804433 100120 207407.09' → '804433 100120 2074.07.09'
001029,바뀜,2021-07-07,2021-07-07,2021-07-07,2021-07-07,2021-07-07,2021-07-07,2021-07-07,2021-07-07,'202101.08 B' → '2021.01.08 B'
001121,바뀜,2023-01-10,2023-01-10,2023-01-10,2023-01-10,2023-01-10,2023-01-10,2023-01-10,2023-01-10,'202301.10    O   EI' → '2023.01.10    O   EI'
001122,바뀜,2023-01-10,2023-01-10,2023-01-10,2023-01-10,2023-01-10,2023-01-10,2023-01-10,2023-01-10,'202301.10' → '2023.01.10'
001167,바뀜,2022-01-20,2022-08-02,2022-08-02,2022-08-02,2022-08-02,2022-08-02,2022-08-02,2022-08-02,
001200,바뀜,2021-10-20,2020-10-21,2021-10-20,2020-10-21,2021-10-20,2020-10-21,2021-10-20,2020-10-21,
001283,바뀜,2022-04-23,2022-04-23,2022-04-23,2022-04-23,2022-04-23,2022-04-23,2022-04-23,2022-04-23,'BED 202204/23' → 'BED 2022/04/23'
001451,바뀜,2022-04-26,2022-04-26,2022-04-26,2022-04-26,2022-04-26,2022-04-26,2022-04-26,2022-04-26,'38    he     202204.26 F 20313' → '38    he     2022.04.26 F 20313'
001537,바뀜,2021-02-19,2021-02-26,2021-02-26,2021-02-26,2021-02-26,2021-02-26,2021-02-26,2021-02-26,
001550,바뀜,2021-08-25,2021-08-02,2021-08-02,2021-08-02,2021-08-02,2021-08-02,2021-08-02,2021-08-02,
001707,바뀜,2021-05-02,2021-05-02,2021-05-02,2021-05-02,2021-05-02,2021-05-02,2021-05-02,2021-05-02,'Homeplu  202105.02' → 'Homeplu  2021.05.02'
001756,바뀜,2021-12-30,2021-12-20,2021-12-20,2021-12-20,2021-12-20,2021-12-20,2021-12-20,2021-12-20,'0 MA e 71t  202012.21/09 12 2021.12.20 3' → '0 MA e 71t  2020.12.21/09 12 2021.12.20 3'
001848,바뀜,2021-11-18,2021-11-18,2021-11-18,2021-11-18,2021-11-18,2021-11-18,2021-11-18,2021-11-18,'EXP:202111/18 No Brand' → 'EXP:2021/11/18 No Brand'
001851,바뀜,2021-12-16,2021-12-16,2021-12-16,2021-12-16,2021-12-16,2021-12-16,2021-12-16,2021-12-16,'EXP 202112-16' → 'EXP 2021-12-16'
001923,바뀜,2022-06-14,2022-06-14,2022-06-14,2022-06-14,2022-06-14,2022-06-14,2022-06-14,2022-06-14,'XX   2012901 202206.14 17x1' → 'XX   2012901 2022.06.14 17x1'
001953,바뀜,2021-10-NONE,2021-01-04,2021-01-04,2021-01-04,2021-01-04,2021-01-04,2021-01-04,2021-01-04,
002038,바뀜,2020-11-26,2020-11-26,2020-11-26,2020-11-26,2020-11-26,2020-11-26,2020-11-26,2020-11-26,'202011.26 C' → '2020.11.26 C'
002069,바뀜,2022-12-11,2022-12-11,2022-12-11,2022-12-11,2022-12-11,2022-12-11,2022-12-11,2022-12-11,'202212.11' → '2022.12.11'
002223,바뀜,2021-02-07,2021-02-07,2021-02-07,2021-02-07,2021-02-07,2021-02-07,2021-02-07,2021-02-07,'EC ATe 202102.07 18600192034' → 'EC ATe 2021.02.07 18600192034'
002224,바뀜,2022-09-14,2022-09-14,2022-09-14,2022-09-14,2022-09-14,2022-09-14,2022-09-14,2022-09-14,'202209.14' → '2022.09.14'
002292,바뀜,2021-07-03,2021-07-03,2021-07-03,2021-07-03,2021-07-03,2021-07-03,2021-07-03,2021-07-03,'202107.03UN' → '2021.07.03UN'
002293,바뀜,2021-07-03,2021-07-03,2021-07-03,2021-07-03,2021-07-03,2021-07-03,2021-07-03,2021-07-03,'202107.03' → '2021.07.03'
002318,바뀜,2020-12-03,2020-12-03,2020-12-03,2020-12-03,2020-12-03,2020-12-03,2020-12-03,2020-12-03,'202012.03.까지' → '2020.12.03.까지'
002481,바뀜,2021-03-28,2021-03-28,2021-03-28,2021-03-28,2021-03-28,2021-03-28,2021-03-28,2021-03-28,
002490,바뀜,2021-04-18,2021-04-18,2021-04-18,2021-04-18,2021-04-18,2021-04-18,2021-04-18,2021-04-18,'kg A2   202104.18 14.30 ZZARELLAC Chee NO' → 'kg A2   2021.04.18 14.30 ZZARELLAC Chee NO'
002579,바뀜,2024-01-14,2024-01-14,2024-01-14,2024-01-14,2024-01-14,2024-01-14,2024-01-14,2024-01-14,'B809586549 Shin Youing ETER 6  T   5      8NETWT.130  8 PET ' → 'B809586549 Shin Youing ETER 6  T   5      8NETWT.130  8 PET '
002693,바뀜,2021-04-19,2021-04-19,2021-04-19,2021-04-19,2021-04-19,2021-04-19,2021-04-19,2021-04-19,'202104.19 A' → '2021.04.19 A'
002748,바뀜,2022-11-12,2022-11-12,2022-11-12,2022-11-12,2022-11-12,2022-11-12,2022-11-12,2022-11-12,'CL. N11 ylt 1 202211.12' → 'CL. N11 ylt 1 2022.11.12' ## 'CL4. 1 plat te 202211.12' → 'CL4. 1 plat te 2022.11.12'
002771,바뀜,2021-10-10,2021-10-11,2021-10-11,2021-07-01,2021-07-01,2021-10-11,2021-10-11,2021-07-01,'202107/01' → '2021/07/01' ## '2021. 107 202107/01' → '2021. 107 2021/07/01'
002799,바뀜,2021-12-27,2021-12-27,2021-12-27,2021-12-27,2021-12-27,2021-12-27,2021-12-27,2021-12-27,'14017 D   202012.28/16  3TE 202112.27 3' → '14017 D   2020.12.28/16  3TE 2021.12.27 3' ## '14017 0   202012.28/16  35E 202112.27 3' → '14017 0   2020.12.28/16  35E 2021.12.27 3'
002832,바뀜,2021-08-30,2021-08-30,2021-08-30,2021-08-30,2021-08-30,2021-08-30,2021-08-30,2021-08-30,'202108.30' → '2021.08.30'
002854,바뀜,2021-08-11,2021-08-11,2021-08-11,2021-08-11,2021-08-11,2021-08-11,2021-08-11,2021-08-11,
002895,바뀜,2024-02-13,2024-02-13,2024-02-13,2024-02-13,2024-02-13,2024-02-13,2024-02-13,2024-02-13,'19 202402.13' → '19 2024.02.13'
002961,바뀜,2021-11-21,2021-11-21,2021-11-21,2021-11-21,2021-11-21,2021-11-21,2021-11-21,2021-11-21,'202111.21' → '2021.11.21'
002976,바뀜,2020-05-12,2020-05-12,2020-05-12,2020-05-12,2020-05-12,2020-05-12,2020-05-12,2020-05-12,'202005.12' → '2020.05.12'
003043,바뀜,2020-07-13,2020-07-13,2020-07-13,2020-07-13,2020-07-13,2020-07-13,2020-07-13,2020-07-13,'202007-13' → '2020-07-13'
003061,바뀜,2022-03-05,2022-03-05,2022-03-05,2022-03-05,2022-03-05,2022-03-05,2022-03-05,2022-03-05,'202203.05' → '2022.03.05'
003064,바뀜,2021-10-18,2021-10-18,2021-10-18,2021-10-18,2021-10-18,2021-10-18,2021-10-18,2021-10-18,'EXP:202110/18 A6' → 'EXP:2021/10/18 A6'
003094,바뀜,2023-01-03,2023-01-03,2023-01-03,2023-01-03,2023-01-03,2023-01-03,2023-01-03,2023-01-03,'500 g  1 00 Kcal  202301.03  x NZO' → '500 g  1 00 Kcal  2023.01.03  x NZO'
003119,바뀜,2021-07-10,2021-07-10,2021-07-10,2021-07-10,2021-07-10,2021-07-10,2021-07-10,2021-07-10,'202107.10' → '2021.07.10'
003205,바뀜,2023-06-26,2023-06-26,2023-06-26,2023-06-26,2023-06-26,2023-06-26,2023-06-26,2023-06-26,'Best Bfore:202306/26' → 'Best Bfore:2023/06/26'
001910,표본,2021-05-07,2021-05-07,2021-05-07,2021-05-07,2021-05-07,2021-05-07,2021-05-07,2021-05-07,
002086,표본,2021-11-22,2021-11-22,2021-11-22,2021-11-22,2021-11-22,2021-11-22,2021-11-22,2021-11-22,
000185,표본,2028-03-15,2028-03-15,2028-03-15,2028-03-15,2028-03-15,2028-03-15,2028-03-15,2028-03-15,
001296,표본,2023-11-NONE,2023-11-NONE,2023-11-NONE,2023-11-NONE,2023-11-NONE,2023-11-NONE,2023-11-NONE,2023-11-NONE,
002525,표본,2023-01-25,2023-01-25,2023-01-25,2023-01-25,2023-01-25,2023-01-25,2023-01-25,2023-01-25,
002403,표본,2022-10-02,NONE,NONE,NONE,NONE,NONE,NONE,NONE,
002007,표본,2022-01-14,2022-01-14,2022-01-14,2022-01-14,2022-01-14,2022-01-14,2022-01-14,2022-01-14,
001509,표본,2021-10-19,2021-10-19,2021-10-19,2021-10-19,2021-10-19,2021-10-19,2021-10-19,2021-10-19,
002363,표본,2021-08-04,2021-08-04,2021-08-04,2021-08-04,2021-08-04,2021-08-04,2021-08-04,2021-08-04,
001786,표본,2021-09-19,2021-09-19,2021-09-19,2021-09-19,2021-09-19,2021-09-19,2021-09-19,2021-09-19,
002891,표본,2021-11-11,2021-11-11,2021-11-11,2021-11-11,2021-11-11,2021-11-11,2021-11-11,2021-11-11,
001103,표본,2021-03-14,2021-03-14,2021-03-14,2021-03-14,2021-03-14,2021-03-14,2021-03-14,2021-03-14,
002495,표본,2021-01-27,2021-01-27,2021-01-27,2021-01-27,2021-01-27,2021-01-27,2021-01-27,2021-01-27,
000693,표본,2026-09-01,2026-09-01,2026-09-01,2026-09-01,2026-09-01,2026-09-01,2026-09-01,2026-09-01,
001404,표본,2021-01-27,2021-01-27,2021-01-27,2021-01-27,2021-01-27,2021-01-27,2021-01-27,2021-01-27,
000697,표본,2025-10-07,2025-10-07,2025-10-07,2025-10-07,2025-10-07,2025-10-07,2025-10-07,2025-10-07,
000467,표본,2025-12-26,2025-12-26,2025-12-26,2025-12-26,2025-12-26,2025-12-26,2025-12-26,2025-12-26,
003059,표본,2021-10-04,2021-10-04,2021-10-04,2021-10-04,2021-10-04,2021-10-04,2021-10-04,2021-10-04,
001254,표본,2019-09-13,2019-09-13,2019-09-13,2019-09-13,2019-09-13,2019-09-13,2019-09-13,2019-09-13,
002634,표본,2022-02-03,2022-02-03,2022-02-03,2022-02-03,2022-02-03,2022-02-03,2022-02-03,2022-02-03,
002982,표본,2021-09-14,2021-09-14,2021-09-14,2021-09-14,2021-09-14,2021-09-14,2021-09-14,2021-09-14,
000733,표본,2026-03-24,2026-03-24,2026-03-24,2026-03-24,2026-03-24,2026-03-24,2026-03-24,2026-03-24,
001547,표본,2021-07-04,2021-07-04,2021-07-04,2021-07-04,2021-07-04,2021-07-04,2021-07-04,2021-07-04,
000487,표본,2027-12-11,2027-12-11,2027-12-11,2027-12-11,2027-12-11,2027-12-11,2027-12-11,2027-12-11,
000363,표본,2026-04-21,2026-04-21,2026-04-21,2026-04-21,2026-04-21,2026-04-21,2026-04-21,2026-04-21,
001649,표본,2019-08-18,2021-01-21,2021-01-21,2021-01-21,2021-01-21,2021-01-21,2021-01-21,2021-01-21,
002341,표본,2021-12-15,2021-12-15,2021-12-15,2021-12-15,2021-12-15,2021-12-15,2021-12-15,2021-12-15,
002766,표본,2021-03-16,NONE,NONE,NONE,NONE,NONE,NONE,NONE,
000498,표본,2026-03-07,2026-03-07,2026-03-07,2026-03-07,2026-03-07,2026-03-07,2026-03-07,2026-03-07,
001765,표본,2021-09-10,2021-09-21,2021-09-21,2021-09-21,2021-09-21,2021-09-21,2021-09-21,2021-09-21,
002153,표본,2019-07-11,2019-07-18,2019-07-18,2019-07-18,2019-07-18,2019-07-18,2019-07-18,2019-07-18,
001579,표본,2022-11-02,2022-11-02,2022-11-02,2022-11-02,2022-11-02,2022-11-02,2022-11-02,2022-11-02,
003025,표본,2021-09-13,2021-09-13,2021-09-13,2021-09-13,2021-09-13,2021-09-13,2021-09-13,2021-09-13,
003165,표본,2021-09-17,NONE,NONE,NONE,NONE,NONE,NONE,NONE,
001038,표본,2021-12-28,2021-12-28,2021-12-28,2021-12-28,2021-12-28,2021-12-28,2021-12-28,2021-12-28,
002732,표본,2021-12-25,2021-12-25,2021-12-25,2021-12-25,2021-12-25,2021-12-25,2021-12-25,2021-12-25,
002364,표본,2021-08-04,2021-08-04,2021-08-04,2021-08-04,2021-08-04,2021-08-04,2021-08-04,2021-08-04,
002191,표본,2020-10-20,2020-10-20,2020-10-20,2020-10-20,2020-10-20,2020-10-20,2020-10-20,2020-10-20,
002571,표본,2021-05-07,2021-05-07,2021-05-07,2021-05-07,2021-05-07,2021-05-07,2021-05-07,2021-05-07,
001303,표본,2021-09-14,2021-09-14,2021-09-14,2021-09-14,2021-09-14,2021-09-14,2021-09-14,2021-09-14,
