kind,image_id,tags,label,base,off,on,base_repro,cands_off,cands_on
changed,000024,,2025-10-11,NONE,NONE,2025-10-11,True,,2025-10-11
changed,000264,,2026-06-06,NONE,NONE,2026-06-06,True,,2026-06-06
changed,000505,,2026-03-02,NONE,NONE,2026-03-02,True,,2026-03-02
changed,000953,2,2021-02-05,2021-02-07,2021-02-07,2021-02-05,True,2021-02-07,2021-02-05
changed,000957,2,2021-02-22,2021-01-29,2021-01-29,2021-02-22,True,2021-01-29,2021-01-29;2021-02-22
changed,001537,2,2021-02-19,2021-02-26,2021-02-26,2021-01-25,True,2021-01-26;2021-02-26,2021-01-25
changed,001817,2,2021-04-14,2021-01-16,2021-01-16,2021-04-14,True,2021-01-16,2021-01-15;2021-04-14
changed,002165,2,2021-01-29,2020-10-30,2020-10-30,2021-01-29,True,2020-10-30,2020-10-30;2021-01-29
changed,003163,,2021-02-16,2020-11-17,2020-11-17,2021-02-16,True,2020-11-17,2020-11-17;2021-02-16
changed,003349,2,2025-12-10,2025-01-10,2025-01-10,2025-12-10,True,2025-01-10,2025-12-10
changed,000022,,2025-10-14,NONE-01-20,NONE-01-20,2025-10-04,True,NONE-01-20,2025-10-04
changed,000453,2,2026-01-26,2025-08-27,2025-08-27,2028-01-26,True,2025-08-27,2025-08-27;2028-01-26
changed,000497,,2026-08-31,NONE,NONE,2026-08-31,True,,2026-08-31
changed,000503,,2026-02-18,2026-02-10,2026-02-10,2026-02-18,True,2026-02-10,2026-02-18
changed,000603,,2026-09-24,NONE,NONE,2026-09-24,True,,2026-09-24
changed,000934,2,2021-02-10,2021-01-25,2021-01-25,2021-02-10,True,2021-01-25,2021-01-25;2021-02-10
changed,002164,2,2021-01-29,2020-10-30,2020-10-30,2021-01-29,True,2020-10-30,2020-10-30;2021-01-29
changed,003350,2,2025-12-10,2022-10-10,2022-10-10,2025-12-10,True,2022-10-10,2022-12-10;2025-12-10
changed,000044,,2026-02-07,2026-02-07,2026-02-07,2026-02-02,True,2026-02-07,2026-02-02
changed,000062,,2026-05-26,2026-05-26,2026-05-26,2026-05-22,True,2026-05-26,2026-05-22
sample,000048,,2026-06-12,2026-06-12,2026-06-12,2026-06-12,True,2026-06-12,2026-06-12
sample,001193,2,2021-02-11,2021-02-11,2021-02-11,2021-02-11,True,2020-02-13;2021-02-11,2020-02-13;2021-02-11
sample,000884,2,2021-07-03,NONE,NONE,NONE,True,,
sample,001094,2,2022-01-12,2021-01-13,2021-01-13,2021-01-13,True,2021-01-13;2021-01-NONE;2022-01-12,2021-01-13;2021-01-NONE;2022-01-12
sample,001832,2,2022-09-02,2020-09-02,2020-09-02,2020-09-02,True,2020-09-02,2020-09-02
sample,000033,,2026-06-17,2026-06-17,2026-06-17,2026-06-17,True,2026-06-17,2026-06-17
sample,000546,2,2026-08-10,2026-08-10,2026-08-10,2026-08-10,True,2025-08-11;2026-08-10,2025-08-11;2026-08-10
sample,000584,2,2026-07-15,2026-07-15,2026-07-15,2026-07-15,True,2025-07-16;2026-07-15,2025-07-16;2026-07-15
sample,000242,2,2026-05-21,2025-09-22,2025-09-22,2025-09-22,True,2025-05-21;2025-09-22,2025-05-21;2025-09-22
sample,000181,2,2026-09-08,2026-09-08,2026-09-08,2026-09-08,True,2025-09-09;2026-09-08,2025-09-09;2026-09-08
sample,000091,,2027-05-22,2027-05-22,2027-05-22,2027-05-22,True,2027-05-22,2027-05-22
sample,000129,,2026-01-09,2026-01-09,2026-01-09,2026-01-09,True,2026-01-09,2026-01-09
sample,000112,,2025-10-17,2025-10-17,2025-10-17,2025-10-17,True,2025-10-17,2025-10-17
sample,000392,2,2026-08-28,2026-08-28,2026-08-28,2026-08-28,True,2026-08-28,2026-08-28
sample,001885,2,2021-12-05,2021-12-05,2021-12-05,2021-12-05,True,2020-06-05;2021-12-05,2020-06-05;2021-12-05
sample,002153,2,2019-07-11,2019-07-18,2019-07-18,2019-07-18,True,2019-06-12;2019-07-18,2019-06-12;2019-07-18
sample,002449,2,2021-06-09,2021-06-09,2021-06-09,2021-06-09,True,2020-12-10;2021-06-09,2020-12-10;2021-06-09
sample,003115,2,2021-09-25,2022-09-05,2022-09-05,2022-09-05,True,2021-09-05;2022-09-05,2021-09-05;2022-09-05
sample,000958,2,2021-02-22,2021-02-22,2021-02-22,2021-02-22,True,2021-02-22,2021-02-22
sample,001013,2,2021-11-10,2021-11-10,2021-11-10,2021-11-10,True,2020-11-11;2021-11-10,2020-11-11;2021-11-10
sample,002588,2,2023-10-15,2023-10-15,2023-10-15,2023-10-15,True,2020-10-15;2023-10-15,2020-10-15;2023-10-15
sample,002275,2,2023-12-22,2023-12-22,2023-12-22,2023-12-22,True,2020-12-23;2023-12-22,2020-12-23;2023-12-22
sample,001744,2,2022-01-28,2022-01-28,2022-01-28,2022-01-28,True,2021-01-29;2022-01-14;2022-01-28,2021-01-29;2022-01-14;2022-01-28
sample,001006,2,2022-06-29,2022-06-29,2022-06-29,2022-06-29,True,2020-12-30;2022-06-29;2022-06-NONE,2020-12-30;2022-06-29;2022-06-NONE
sample,000172,2,2026-06-10,2026-06-10,2026-06-10,2026-06-10,True,2025-09-11;2026-06-10,2025-09-11;2026-06-10
sample,002471,2,2021-03-18,2021-03-18,2021-03-18,2021-03-18,True,2021-03-12;2021-03-18,2021-03-12;2021-03-18
sample,000386,2,2026-06-10,2026-11-06,2026-11-06,2026-11-06,True,2025-06-11;2026-06-10;2026-11-06,2025-06-11;2026-06-10;2026-11-06
sample,000101,,2026-04-08,2026-04-08,2026-04-08,2026-04-08,True,2026-04-08,2026-04-08
sample,001596,2,2021-02-25,2021-02-25,2021-02-25,2021-02-25,True,2021-01-22;2021-02-25,2021-01-22;2021-02-25
sample,001303,2,2021-09-14,2021-09-14,2021-09-14,2021-09-14,True,2020-09-14;2021-09-14,2020-09-14;2021-09-14
sample,001710,2,2021-10-15,2021-10-15,2021-10-15,2021-10-15,True,2021-01-16;2021-10-15,2021-01-16;2021-10-15
sample,000422,2,2026-06-09,2026-06-09,2026-06-09,2026-06-09,True,2025-09-10;2026-06-09,2025-09-10;2026-06-09
sample,000026,,2025-11-13,2025-11-13,2025-11-13,2025-11-13,True,2025-11-13,2025-11-13
sample,000598,2,2026-03-09,2026-03-09,2026-03-09,2026-03-09,True,2025-09-10;2026-03-09,2025-09-10;2026-03-09
sample,001541,2,2021-06-13,2021-06-13,2021-06-13,2021-06-13,True,2020-12-14;2021-06-13,2020-12-14;2021-06-13
sample,000454,2,2025-07-15,2025-07-15,2025-07-15,2025-07-15,True,2025-07-15;2026-01-NONE,2025-07-15;2026-01-NONE
sample,001278,2,2022-01-03,2022-01-03,2022-01-03,2022-01-03,True,2019-10-10;2022-01-03,2019-10-10;2022-01-03
sample,000942,2,2021-05-29,2021-05-29,2021-05-29,2021-05-29,True,2020-08-29;2021-05-29,2020-08-29;2021-05-29
sample,001132,2,2021-02-19,2021-02-19,2021-02-19,2021-02-19,True,2020-12-12;2021-02-19,2020-12-12;2021-02-19
sample,000068,,2026-06-17,2026-06-17,2026-06-17,2026-06-17,True,2026-06-17,2026-06-17
