kind,image_id,tags,label,base,off,base_repro,on_RULE_SEPMIX,on_RULE_TAIL,on,by
changed,000022,,2025-10-14,NONE-01-20,NONE-01-20,True,NONE-01-20,2025-10-04,2025-10-04,RULE_TAIL
changed,000024,,2025-10-11,NONE,NONE,True,NONE,2025-10-11,2025-10-11,RULE_TAIL
changed,000056,2,2026-07-11,2026-12-07,2026-12-07,True,2026-07-11,2026-12-07,2026-07-11,RULE_SEPMIX
changed,000264,,2026-06-06,NONE,NONE,True,NONE,2026-06-06,2026-06-06,RULE_TAIL
changed,000294,2,2026-09-08,2026-09-09,2026-09-09,True,2026-09-08,2026-09-09,2026-09-08,RULE_SEPMIX
changed,000386,2,2026-06-10,2026-11-06,2026-11-06,True,2026-06-10,2026-11-06,2026-06-10,RULE_SEPMIX
changed,000453,2,2026-01-26,2025-08-27,2025-08-27,True,2025-08-27,2028-01-26,2028-01-26,RULE_TAIL
changed,000497,,2026-08-31,NONE,NONE,True,NONE,2026-08-31,2026-08-31,RULE_TAIL
changed,000503,,2026-02-18,2026-02-10,2026-02-10,True,2026-02-10,2026-02-18,2026-02-18,RULE_TAIL
changed,000505,,2026-03-02,NONE,NONE,True,NONE,2026-03-02,2026-03-02,RULE_TAIL
changed,000603,,2026-09-24,NONE,NONE,True,NONE,2026-09-24,2026-09-24,RULE_TAIL
changed,000934,2,2021-02-10,2021-01-25,2021-01-25,True,2021-01-25,2021-02-10,2021-02-10,RULE_TAIL
changed,000957,2,2021-02-22,2021-01-29,2021-01-29,True,2021-01-29,2021-02-22,2021-02-22,RULE_TAIL
changed,001028,2,2021-07-07,2021-08-01,2021-08-01,True,2021-07-07,2021-08-01,2021-07-07,RULE_SEPMIX
changed,001096,2,2021-06-11,2021-11-06,2021-11-06,True,2021-06-11,2021-11-06,2021-06-11,RULE_SEPMIX
changed,001097,2,2021-06-11,2021-11-06,2021-11-06,True,2021-06-11,2021-11-06,2021-06-11,RULE_SEPMIX
changed,001116,,2022-01-12,2028-12-01,2028-12-01,True,2022-01-12,2028-12-01,2022-01-12,RULE_SEPMIX
changed,001537,2,2021-02-19,2021-02-26,2021-02-26,True,2021-02-26,2021-01-25,2021-01-25,RULE_TAIL
changed,001817,2,2021-04-14,2021-01-16,2021-01-16,True,2021-01-16,2021-04-14,2021-04-14,RULE_TAIL
changed,002164,2,2021-01-29,2020-10-30,2020-10-30,True,2020-10-30,2021-01-29,2021-01-29,RULE_TAIL
changed,002165,2,2021-01-29,2020-10-30,2020-10-30,True,2020-10-30,2021-01-29,2021-01-29,RULE_TAIL
changed,002203,2,2021-01-08,2021-09-10,2021-09-10,True,2021-01-08,2021-09-10,2021-01-08,RULE_SEPMIX
changed,002713,,2021-10-22,2021-12-12,2021-12-12,True,2021-10-22,2021-12-12,2021-10-22,RULE_SEPMIX
changed,002714,?b,2021-10-22,2021-12-12,2021-12-12,True,2021-10-22,2021-12-12,2021-10-22,RULE_SEPMIX
changed,003163,,2021-02-16,2020-11-17,2020-11-17,True,2020-11-17,2021-02-16,2021-02-16,RULE_TAIL
changed,003224,,2021-08-21,2021-09-01,2021-09-01,True,2021-08-22,2021-09-01,2021-08-22,RULE_SEPMIX
changed,003349,2,2025-12-10,2025-01-10,2025-01-10,True,2025-01-10,2025-12-10,2025-12-10,RULE_TAIL
changed,003350,2,2025-12-10,2022-10-10,2022-10-10,True,2022-10-10,2025-12-10,2025-12-10,RULE_TAIL
changed,000527,,2025-10-12,NONE,NONE,True,NONE,2025-10-12,2025-10-12,RULE_TAIL
changed,001155,,2021-09-21,2021-09-21,2021-09-21,True,2021-09-21,2021-09-02,2021-09-02,RULE_TAIL
changed,002655,,2021-03-25,2021-03-20,2021-03-20,True,2021-03-20,2021-03-25,2021-03-25,RULE_TAIL
sample,003046,,2021-10-20,2021-10-20,2021-10-20,True,,,2021-10-20,
sample,003310,,2020-08-29,2020-10-04,2020-10-04,True,,,2020-10-04,
sample,001857,,2022-07-17,2022-07-17,2022-07-17,True,,,2022-07-17,
sample,002629,,2023-05-NONE,2023-05-20,2023-05-20,True,,,2023-05-20,
sample,000529,,2026-01-12,2026-01-12,2026-01-12,True,,,2026-01-12,
sample,001171,,2022-01-18,2022-01-18,2022-01-18,True,,,2022-01-18,
sample,001645,,2021-10-12,2021-10-12,2021-10-12,True,,,2021-10-12,
sample,001661,,2022-04-26,2022-04-26,2022-04-26,True,,,2022-04-26,
sample,000136,,2025-12-02,2025-12-02,2025-12-02,True,,,2025-12-02,
sample,000112,,2025-10-17,2025-10-17,2025-10-17,True,,,2025-10-17,
sample,003161,,2021-10-NONE,NONE,NONE,True,,,NONE,
sample,003327,,2024-06-05,2026-02-08,2026-02-08,True,,,2026-02-08,
sample,003243,,2021-07-NONE,NONE-07-21,NONE-07-21,True,,,NONE-07-21,
sample,001531,,2022-06-06,2022-06-06,2022-06-06,True,,,2022-06-06,
sample,000552,,2026-09-07,2026-09-07,2026-09-07,True,,,2026-09-07,
sample,000619,,2026-09-15,2026-09-15,2026-09-15,True,,,2026-09-15,
sample,000732,,2026-03-16,2026-03-15,2026-03-15,True,,,2026-03-15,
sample,002777,,2021-09-15,NONE-09-15,NONE-09-15,True,,,NONE-09-15,
sample,001848,,2021-11-18,2021-11-18,2021-11-18,True,,,2021-11-18,
sample,001887,,2023-08-22,2023-08-22,2023-08-22,True,,,2023-08-22,
sample,000788,,NONE-12-21,NONE-12-21,NONE-12-21,True,,,NONE-12-21,
sample,002533,,2022-06-30,2022-06-30,2022-06-30,True,,,2022-06-30,
sample,000800,,2026-08-12,2026-08-12,2026-08-12,True,,,2026-08-12,
sample,002312,,2020-08-17,2020-08-17,2020-08-17,True,,,2020-08-17,
sample,002152,2,2019-07-11,2019-07-18,2019-07-18,True,,,2019-07-18,
sample,000063,2,2026-06-16,2026-06-16,2026-06-16,True,,,2026-06-16,
sample,002526,,2023-02-15,2023-02-15,2023-02-15,True,,,2023-02-15,
sample,002616,,2022-12-21,2022-12-21,2022-12-21,True,,,2022-12-21,
sample,000496,,2027-03-05,2027-03-05,2027-03-05,True,,,2027-03-05,
sample,003195,,2021-12-13,2021-12-13,2021-12-13,True,,,2021-12-13,
sample,000340,,2026-08-11,2026-08-11,2026-08-11,True,,,2026-08-11,
sample,000203,,2026-07-01,2026-07-08,2026-07-08,True,,,2026-07-08,
sample,000381,,2027-01-20,2027-01-20,2027-01-20,True,,,2027-01-20,
sample,000600,,2026-08-31,2026-08-31,2026-08-31,True,,,2026-08-31,
sample,001145,,2021-05-25,2021-05-25,2021-05-25,True,,,2021-05-25,
sample,001673,,2021-05-19,2021-05-19,2021-05-19,True,,,2021-05-19,
sample,000303,,2026-07-31,2026-07-31,2026-07-31,True,,,2026-07-31,
sample,000848,,2026-05-21,2021-05-20,2021-05-20,True,,,2021-05-20,
sample,001140,,2021-02-28,2021-02-28,2021-02-28,True,,,2021-02-28,
sample,002108,,2020-09-01,2020-09-01,2020-09-01,True,,,2020-09-01,
